# primes 3 7 11
0 0 0 0 0 0 0 0 1 | 0 0 0 0 0 0 0 0 1
5 0 0 0 0 0 0 0 6 | 0 0 0 0 -1 0 0 0 6
5 0 0 0 0 1 0 0 12 | 0 5 0 0 -1 0 0 0 12
-5 0 0 0 0 1 0 0 12 | 0 5 0 0 1 0 0 0 12
-5 0 0 0 0 0 0 0 6 | 0 0 0 0 1 0 0 0 6
-5 0 0 0 0 -1 0 0 12 | 0 -5 0 0 1 0 0 0 12
0 0 0 0 0 1 0 0 6 | 0 -1 0 0 0 0 0 0 6
0 0 0 0 0 -1 0 0 6 | 0 1 0 0 0 0 0 0 6
-3 0 0 0 0 -1 0 0 12 | 0 1 0 0 -3 0 0 0 12
-3 0 0 0 0 1 0 0 12 | 0 -1 0 0 -3 0 0 0 12
1 0 0 0 0 0 0 0 1 | 0 0 0 0 0 0 0 0 1
1 0 0 0 0 0 0 0 2 | 0 1 0 0 0 0 0 0 2
-1 0 0 0 0 0 0 0 2 | 0 1 0 0 0 0 0 0 2
-1 0 0 0 0 0 0 0 1 | 0 0 0 0 0 0 0 0 1
-1 0 0 0 0 0 0 0 2 | 0 -1 0 0 0 0 0 0 2
1 0 0 0 0 0 0 0 2 | 0 -1 0 0 0 0 0 0 2
-3 0 0 0 0 1 0 0 12 | 0 1 0 0 3 0 0 0 12
0 0 0 0 0 -1 0 0 6 | 0 -1 0 0 0 0 0 0 6
3 0 0 0 0 1 0 0 12 | 0 1 0 0 -3 0 0 0 12
5 0 0 0 0 0 0 0 6 | 0 0 0 0 1 0 0 0 6
5 0 0 0 0 1 0 0 12 | 0 -5 0 0 1 0 0 0 12
5 0 0 0 0 0 0 0 3 | 0 0 0 0 -1 0 0 0 3
15 0 0 0 0 -1 0 0 12 | 0 -5 0 0 -3 0 0 0 12
5 0 0 0 0 1 0 0 6 | 0 -1 0 0 -1 0 0 0 6
13 0 0 0 0 1 0 0 12 | 0 -1 0 0 1 0 0 0 12
13 0 0 0 0 -1 0 0 12 | 0 1 0 0 1 0 0 0 12
7 0 0 0 0 -1 0 0 12 | 0 1 0 0 -5 0 0 0 12
7 0 0 0 0 1 0 0 12 | 0 -1 0 0 -5 0 0 0 12
11 0 0 0 0 0 0 0 6 | 0 0 0 0 -1 0 0 0 6
4 0 0 0 0 0 0 0 3 | 0 3 0 0 -1 0 0 0 6
-1 0 0 0 0 0 0 0 6 | 0 0 0 0 -1 0 0 0 6
1 0 0 0 0 0 0 0 3 | 0 -3 0 0 -1 0 0 0 6
4 0 0 0 0 0 0 0 3 | 0 -3 0 0 -1 0 0 0 6
5 0 0 0 0 1 0 0 6 | 0 1 0 0 -1 0 0 0 6
7 0 0 0 0 1 0 0 12 | 0 1 0 0 1 0 0 0 12
7 0 0 0 0 -1 0 0 12 | 0 -1 0 0 1 0 0 0 12
13 0 0 0 0 -1 0 0 12 | 0 -1 0 0 -5 0 0 0 12
13 0 0 0 0 1 0 0 12 | 0 1 0 0 -5 0 0 0 12
5 0 0 0 0 0 0 0 3 | 0 0 0 0 0 0 0 0 1
15 0 0 0 0 -1 0 0 12 | 0 5 0 0 -1 0 0 0 12
5 0 0 0 0 -1 0 0 12 | 0 5 0 0 -3 0 0 0 12
0 0 0 0 0 0 0 0 1 | 0 0 0 0 -1 0 0 0 3
15 0 0 0 0 1 0 0 12 | 0 -5 0 0 -1 0 0 0 12
0 0 0 0 0 1 0 0 6 | 0 5 0 0 0 0 0 0 6
4 0 0 0 0 1 0 0 6 | 0 2 0 0 1 0 0 0 6
2 0 0 0 0 0 0 0 3 | 0 3 0 0 1 0 0 0 6
5 0 0 0 0 -1 0 0 12 | 0 7 0 0 -1 0 0 0 12
1 0 0 0 0 0 0 0 6 | 0 3 0 0 -2 0 0 0 6
17 0 0 0 0 1 0 0 12 | 0 5 0 0 -1 0 0 0 12
11 0 0 0 0 1 0 0 12 | 0 11 0 0 -1 0 0 0 12
-1 0 0 0 0 1 0 0 12 | 0 11 0 0 -1 0 0 0 12
-7 0 0 0 0 1 0 0 12 | 0 5 0 0 -1 0 0 0 12
-1 0 0 0 0 1 0 0 12 | 0 -1 0 0 -1 0 0 0 12
1 0 0 0 0 0 0 0 6 | 0 2 0 0 1 0 0 0 6
5 0 0 0 0 -1 0 0 12 | 0 3 0 0 -1 0 0 0 12
2 0 0 0 0 0 0 0 3 | 0 1 0 0 -1 0 0 0 3
4 0 0 0 0 1 0 0 6 | 0 3 0 0 -2 0 0 0 6
15 0 0 0 0 1 0 0 12 | 0 5 0 0 1 0 0 0 12
5 0 0 0 0 0 0 0 6 | 0 5 0 0 0 0 0 0 6
5 0 0 0 0 1 0 0 6 | 0 0 0 0 0 0 0 0 1
-5 0 0 0 0 1 0 0 6 | 0 5 0 0 1 0 0 0 6
-15 0 0 0 0 1 0 0 12 | 0 5 0 0 3 0 0 0 12
-1 0 0 0 0 1 0 0 6 | 0 1 0 0 1 0 0 0 3
-1 0 0 0 0 0 0 0 6 | 0 3 0 0 2 0 0 0 6
-4 0 0 0 0 1 0 0 6 | 0 2 0 0 -1 0 0 0 6
7 0 0 0 0 1 0 0 12 | 0 5 0 0 1 0 0 0 12
1 0 0 0 0 1 0 0 12 | 0 11 0 0 1 0 0 0 12
-11 0 0 0 0 1 0 0 12 | 0 11 0 0 1 0 0 0 12
-17 0 0 0 0 1 0 0 12 | 0 5 0 0 1 0 0 0 12
-11 0 0 0 0 1 0 0 12 | 0 -1 0 0 1 0 0 0 12
1 0 0 0 0 1 0 0 12 | 0 -1 0 0 1 0 0 0 12
-4 0 0 0 0 1 0 0 6 | 0 3 0 0 2 0 0 0 6
-5 0 0 0 0 -1 0 0 12 | 0 3 0 0 1 0 0 0 12
-1 0 0 0 0 0 0 0 6 | 0 2 0 0 -1 0 0 0 6
5 0 0 0 0 1 0 0 12 | 0 5 0 0 3 0 0 0 12
-5 0 0 0 0 0 0 0 6 | 0 5 0 0 0 0 0 0 6
0 0 0 0 0 1 0 0 6 | 0 0 0 0 1 0 0 0 6
-5 0 0 0 0 1 0 0 6 | 0 -1 0 0 1 0 0 0 6
-7 0 0 0 0 1 0 0 12 | 0 -1 0 0 5 0 0 0 12
-7 0 0 0 0 -1 0 0 12 | 0 1 0 0 5 0 0 0 12
-5 0 0 0 0 -1 0 0 6 | 0 1 0 0 1 0 0 0 6
-13 0 0 0 0 -1 0 0 12 | 0 1 0 0 -1 0 0 0 12
-13 0 0 0 0 1 0 0 12 | 0 -1 0 0 -1 0 0 0 12
1 0 0 0 0 0 0 0 6 | 0 0 0 0 1 0 0 0 6
-1 0 0 0 0 0 0 0 3 | 0 3 0 0 1 0 0 0 6
-1 0 0 0 0 0 0 0 3 | 0 -3 0 0 1 0 0 0 6
-7 0 0 0 0 -1 0 0 12 | 0 -1 0 0 -1 0 0 0 12
-7 0 0 0 0 1 0 0 12 | 0 1 0 0 -1 0 0 0 12
0 0 0 0 0 -1 0 0 6 | 0 -5 0 0 0 0 0 0 6
-5 0 0 0 0 1 0 0 12 | 0 -7 0 0 1 0 0 0 12
-1 0 0 0 0 0 0 0 6 | 0 -3 0 0 2 0 0 0 6
-5 0 0 0 0 -3 0 0 12 | 0 -3 0 0 1 0 0 0 12
-2 0 0 0 0 0 0 0 3 | 0 -3 0 0 -1 0 0 0 6
1 0 0 0 0 -1 0 0 12 | 0 1 0 0 1 0 0 0 12
-11 0 0 0 0 -1 0 0 12 | 0 1 0 0 1 0 0 0 12
-5 0 0 0 0 1 0 0 12 | 0 -3 0 0 1 0 0 0 12
-1 0 0 0 0 -1 0 0 6 | 0 -3 0 0 -1 0 0 0 6
-1 0 0 0 0 0 0 0 6 | 0 -2 0 0 -1 0 0 0 6
5 0 0 0 0 -1 0 0 12 | 0 -5 0 0 3 0 0 0 12
5 0 0 0 0 1 0 0 12 | 0 -7 0 0 -1 0 0 0 12
2 0 0 0 0 0 0 0 3 | 0 -3 0 0 1 0 0 0 6
5 0 0 0 0 -3 0 0 12 | 0 -3 0 0 -1 0 0 0 12
1 0 0 0 0 -1 0 0 6 | 0 -1 0 0 -1 0 0 0 3
1 0 0 0 0 0 0 0 6 | 0 -3 0 0 -2 0 0 0 6
-7 0 0 0 0 -1 0 0 12 | 0 -5 0 0 -1 0 0 0 12
-1 0 0 0 0 -1 0 0 12 | 0 -11 0 0 -1 0 0 0 12
11 0 0 0 0 -1 0 0 12 | 0 -11 0 0 -1 0 0 0 12
5 0 0 0 0 1 0 0 12 | 0 -3 0 0 -1 0 0 0 12
1 0 0 0 0 -1 0 0 6 | 0 -3 0 0 1 0 0 0 6
2 0 0 0 0 0 0 0 3 | 0 -1 0 0 -1 0 0 0 3
15 0 0 0 0 -1 0 0 12 | 0 -5 0 0 1 0 0 0 12
5 0 0 0 0 -1 0 0 6 | 0 0 0 0 0 0 0 0 1
5 0 0 0 0 0 0 0 6 | 0 -5 0 0 0 0 0 0 6
1 0 0 0 0 1 0 0 4 | 0 -1 0 0 1 0 0 0 4
-1 0 0 0 0 1 0 0 4 | 0 -1 0 0 -1 0 0 0 4
6 0 0 0 0 1 0 0 6 | 0 -1 0 0 0 0 0 0 6
-3 0 0 0 0 1 0 0 6 | 0 1 0 0 0 0 0 0 3
-6 0 0 0 0 1 0 0 6 | 0 -1 0 0 0 0 0 0 6
-3 0 0 0 0 1 0 0 6 | 0 -2 0 0 0 0 0 0 3
-1 0 0 0 0 1 0 0 4 | 0 -1 0 0 3 0 0 0 12
-3 0 0 0 0 1 0 0 12 | 0 -1 0 0 1 0 0 0 4
0 0 0 0 0 0 0 0 1 | 0 -1 0 0 0 0 0 0 3
3 0 0 0 0 1 0 0 12 | 0 -1 0 0 -1 0 0 0 4
1 0 0 0 0 1 0 0 4 | 0 -1 0 0 -3 0 0 0 12
5 0 0 0 0 1 0 0 6 | 0 -1 0 0 1 0 0 0 6
15 0 0 0 0 1 0 0 12 | 0 -1 0 0 3 0 0 0 12
9 0 0 0 0 1 0 0 12 | 0 5 0 0 3 0 0 0 12
-3 0 0 0 0 1 0 0 12 | 0 5 0 0 3 0 0 0 12
3 0 0 0 0 -1 0 0 12 | 0 -1 0 0 1 0 0 0 4
1 0 0 0 0 0 0 0 2 | 0 -1 0 0 0 0 0 0 6
3 0 0 0 0 1 0 0 6 | 0 0 0 0 0 0 0 0 1
2 0 0 0 0 0 0 0 3 | 0 1 0 0 1 0 0 0 3
-1 0 0 0 0 0 0 0 6 | 0 2 0 0 1 0 0 0 6
15 0 0 0 0 -1 0 0 12 | 0 1 0 0 3 0 0 0 12
9 0 0 0 0 -1 0 0 12 | 0 7 0 0 3 0 0 0 12
-3 0 0 0 0 -1 0 0 12 | 0 7 0 0 3 0 0 0 12
-9 0 0 0 0 -1 0 0 12 | 0 1 0 0 3 0 0 0 12
-3 0 0 0 0 -1 0 0 12 | 0 -5 0 0 3 0 0 0 12
3 0 0 0 0 1 0 0 12 | 0 1 0 0 1 0 0 0 4
3 0 0 0 0 -1 0 0 6 | 0 0 0 0 0 0 0 0 1
1 0 0 0 0 0 0 0 2 | 0 1 0 0 0 0 0 0 6
-1 0 0 0 0 -1 0 0 4 | 0 1 0 0 -1 0 0 0 4
6 0 0 0 0 -1 0 0 6 | 0 1 0 0 0 0 0 0 6
3 0 0 0 0 -1 0 0 6 | 0 2 0 0 0 0 0 0 3
3 0 0 0 0 -1 0 0 6 | 0 -1 0 0 0 0 0 0 3
0 0 0 0 0 0 0 0 1 | 0 1 0 0 0 0 0 0 3
-3 0 0 0 0 -1 0 0 12 | 0 1 0 0 1 0 0 0 4
3 0 0 0 0 -1 0 0 12 | 0 1 0 0 -1 0 0 0 4
5 0 0 0 0 -1 0 0 6 | 0 1 0 0 1 0 0 0 6
5 0 0 0 0 -1 0 0 12 | 0 -3 0 0 1 0 0 0 12
-1 0 0 0 0 0 0 0 2 | 0 0 0 0 -1 0 0 0 2
3 0 0 0 0 -1 0 0 12 | 0 7 0 0 -3 0 0 0 12
-9 0 0 0 0 -1 0 0 12 | 0 7 0 0 -3 0 0 0 12
3 0 0 0 0 -1 0 0 12 | 0 -5 0 0 -3 0 0 0 12
-3 0 0 0 0 1 0 0 12 | 0 1 0 0 -1 0 0 0 4
-1 0 0 0 0 0 0 0 2 | 0 1 0 0 0 0 0 0 6
0 0 0 0 0 0 0 0 1 | 0 1 0 0 -3 0 0 0 6
1 0 0 0 0 0 0 0 6 | 0 -2 0 0 -1 0 0 0 6
9 0 0 0 0 1 0 0 12 | 0 -1 0 0 -3 0 0 0 12
-9 0 0 0 0 1 0 0 12 | 0 5 0 0 -3 0 0 0 12
-9 0 0 0 0 1 0 0 12 | 0 -7 0 0 -3 0 0 0 12
3 0 0 0 0 1 0 0 12 | 0 -7 0 0 -3 0 0 0 12
-3 0 0 0 0 1 0 0 6 | 0 0 0 0 0 0 0 0 1
-1 0 0 0 0 0 0 0 2 | 0 -1 0 0 0 0 0 0 6
-3 0 0 0 0 -1 0 0 12 | 0 -1 0 0 -1 0 0 0 4
7 0 0 0 0 1 0 0 12 | 0 -1 0 0 -1 0 0 0 12
1 0 0 0 0 0 0 0 6 | 0 2 0 0 -1 0 0 0 6
2 0 0 0 0 0 0 0 1 | 0 0 0 0 0 0 0 0 1
3 0 0 0 0 0 0 0 2 | 0 -1 0 0 0 0 0 0 2
6 0 0 0 0 1 0 0 6 | 0 1 0 0 0 0 0 0 6
9 0 0 0 0 1 0 0 12 | 0 1 0 0 3 0 0 0 12
9 0 0 0 0 -1 0 0 12 | 0 -1 0 0 3 0 0 0 12
6 0 0 0 0 -1 0 0 6 | 0 -1 0 0 0 0 0 0 6
15 0 0 0 0 -1 0 0 12 | 0 -1 0 0 -3 0 0 0 12
15 0 0 0 0 1 0 0 12 | 0 1 0 0 -3 0 0 0 12
11 0 0 0 0 0 0 0 6 | 0 0 0 0 1 0 0 0 6
17 0 0 0 0 -1 0 0 12 | 0 5 0 0 1 0 0 0 12
1 0 0 0 0 0 0 0 6 | 0 0 0 0 -1 0 0 0 6
7 0 0 0 0 1 0 0 12 | 0 -5 0 0 -1 0 0 0 12
17 0 0 0 0 1 0 0 12 | 0 -5 0 0 1 0 0 0 12
1 0 0 0 0 0 0 0 1 | 0 1 0 0 0 0 0 0 1
0 0 0 0 0 0 0 0 1 | 0 1 0 0 0 0 0 0 1
3 0 0 0 0 1 0 0 6 | 0 2 0 0 0 0 0 0 3
3 0 0 0 0 1 0 0 12 | 0 7 0 0 3 0 0 0 12
3 0 0 0 0 -1 0 0 12 | 0 5 0 0 3 0 0 0 12
3 0 0 0 0 -1 0 0 6 | 0 1 0 0 0 0 0 0 3
9 0 0 0 0 -1 0 0 12 | 0 5 0 0 -3 0 0 0 12
9 0 0 0 0 1 0 0 12 | 0 7 0 0 -3 0 0 0 12
4 0 0 0 0 0 0 0 3 | 0 3 0 0 1 0 0 0 6
11 0 0 0 0 -1 0 0 12 | 0 11 0 0 1 0 0 0 12
1 0 0 0 0 -1 0 0 12 | 0 11 0 0 -1 0 0 0 12
1 0 0 0 0 1 0 0 12 | 0 1 0 0 -1 0 0 0 12
11 0 0 0 0 1 0 0 12 | 0 1 0 0 1 0 0 0 12
-3 0 0 0 0 1 0 0 6 | 0 2 0 0 0 0 0 0 3
-3 0 0 0 0 -1 0 0 6 | 0 1 0 0 0 0 0 0 3
-3 0 0 0 0 -1 0 0 12 | 0 5 0 0 -3 0 0 0 12
-3 0 0 0 0 1 0 0 12 | 0 7 0 0 -3 0 0 0 12
1 0 0 0 0 0 0 0 3 | 0 3 0 0 1 0 0 0 6
-9 0 0 0 0 -1 0 0 12 | 0 -1 0 0 -3 0 0 0 12
0 0 0 0 0 0 0 0 1 | 0 -1 0 0 0 0 0 0 1
-3 0 0 0 0 1 0 0 6 | 0 -1 0 0 0 0 0 0 3
-3 0 0 0 0 -1 0 0 12 | 0 -7 0 0 -3 0 0 0 12
-3 0 0 0 0 1 0 0 12 | 0 -5 0 0 -3 0 0 0 12
1 0 0 0 0 0 0 0 1 | 0 -1 0 0 0 0 0 0 1
3 0 0 0 0 1 0 0 6 | 0 -1 0 0 0 0 0 0 3
3 0 0 0 0 -1 0 0 12 | 0 -7 0 0 3 0 0 0 12
3 0 0 0 0 -1 0 0 6 | 0 -2 0 0 0 0 0 0 3
9 0 0 0 0 -1 0 0 12 | 0 -7 0 0 -3 0 0 0 12
9 0 0 0 0 1 0 0 12 | 0 -5 0 0 -3 0 0 0 12
4 0 0 0 0 0 0 0 3 | 0 -3 0 0 1 0 0 0 6
11 0 0 0 0 -1 0 0 12 | 0 -1 0 0 1 0 0 0 12
1 0 0 0 0 -1 0 0 12 | 0 -1 0 0 -1 0 0 0 12
11 0 0 0 0 1 0 0 12 | 0 -11 0 0 1 0 0 0 12
-1 0 0 0 0 1 0 0 4 | 0 1 0 0 1 0 0 0 4
1 0 0 0 0 1 0 0 4 | 0 1 0 0 -1 0 0 0 4
5 0 0 0 0 1 0 0 6 | 0 1 0 0 1 0 0 0 6
5 0 0 0 0 1 0 0 12 | 0 7 0 0 1 0 0 0 12
1 0 0 0 0 -1 0 0 4 | 0 -1 0 0 -1 0 0 0 4
5 0 0 0 0 -1 0 0 6 | 0 -1 0 0 1 0 0 0 6
13 0 0 0 0 -1 0 0 12 | 0 -1 0 0 -1 0 0 0 12
2 0 0 0 0 0 0 0 3 | 0 -3 0 0 -1 0 0 0 6
3 0 0 0 0 1 0 0 6 | 0 1 0 0 -3 0 0 0 6
13 0 0 0 0 1 0 0 12 | 0 1 0 0 -1 0 0 0 12
2 0 0 0 0 0 0 0 3 | 0 3 0 0 -1 0 0 0 6
4 0 0 0 0 1 0 0 6 | 0 -2 0 0 -1 0 0 0 6
15 0 0 0 0 -1 0 0 12 | 0 5 0 0 3 0 0 0 12
15 0 0 0 0 1 0 0 12 | 0 -5 0 0 3 0 0 0 12
0 0 0 0 0 -1 0 0 6 | 0 5 0 0 0 0 0 0 6
5 0 0 0 0 0 0 0 2 | 0 0 0 0 -1 0 0 0 2
25 0 0 0 0 1 0 0 12 | 0 5 0 0 -5 0 0 0 12
25 0 0 0 0 -1 0 0 12 | 0 -5 0 0 -5 0 0 0 12
23 0 0 0 0 1 0 0 12 | 0 -1 0 0 -1 0 0 0 12
10 0 0 0 0 -1 0 0 6 | 0 1 0 0 -2 0 0 0 6
17 0 0 0 0 -1 0 0 12 | 0 1 0 0 -7 0 0 0 12
7 0 0 0 0 0 0 0 6 | 0 3 0 0 -2 0 0 0 6
7 0 0 0 0 0 0 0 6 | 0 -3 0 0 -2 0 0 0 6
13 0 0 0 0 0 0 0 6 | 0 -3 0 0 -2 0 0 0 6
10 0 0 0 0 1 0 0 6 | 0 1 0 0 -2 0 0 0 6
17 0 0 0 0 1 0 0 12 | 0 1 0 0 -1 0 0 0 12
17 0 0 0 0 -1 0 0 12 | 0 -1 0 0 -1 0 0 0 12
10 0 0 0 0 -1 0 0 6 | 0 -1 0 0 -2 0 0 0 6
23 0 0 0 0 1 0 0 12 | 0 1 0 0 -7 0 0 0 12
10 0 0 0 0 1 0 0 6 | 0 5 0 0 -2 0 0 0 6
9 0 0 0 0 1 0 0 6 | 0 1 0 0 0 0 0 0 3
15 0 0 0 0 -1 0 0 12 | 0 7 0 0 -3 0 0 0 12
1 0 0 0 0 0 0 0 1 | 0 1 0 0 -1 0 0 0 2
6 0 0 0 0 1 0 0 6 | 0 2 0 0 -3 0 0 0 6
21 0 0 0 0 1 0 0 12 | 0 11 0 0 -3 0 0 0 12
9 0 0 0 0 1 0 0 12 | 0 11 0 0 -3 0 0 0 12
21 0 0 0 0 1 0 0 12 | 0 -1 0 0 -3 0 0 0 12
5 0 0 0 0 1 0 0 4 | 0 7 0 0 -3 0 0 0 12
15 0 0 0 0 -1 0 0 12 | 0 1 0 0 -1 0 0 0 4
3 0 0 0 0 0 0 0 2 | 0 2 0 0 -3 0 0 0 6
10 0 0 0 0 1 0 0 6 | 0 0 0 0 -1 0 0 0 6
9 0 0 0 0 -1 0 0 6 | 0 -1 0 0 0 0 0 0 3
5 0 0 0 0 -1 0 0 4 | 0 -1 0 0 -1 0 0 0 4
27 0 0 0 0 -1 0 0 12 | 0 -5 0 0 -3 0 0 0 12
21 0 0 0 0 -1 0 0 12 | 0 1 0 0 -3 0 0 0 12
9 0 0 0 0 -1 0 0 12 | 0 -11 0 0 -3 0 0 0 12
21 0 0 0 0 -1 0 0 12 | 0 -11 0 0 -3 0 0 0 12
15 0 0 0 0 1 0 0 12 | 0 -1 0 0 -1 0 0 0 4
1 0 0 0 0 0 0 0 1 | 0 -1 0 0 0 0 0 0 3
6 0 0 0 0 -1 0 0 6 | 0 -1 0 0 0 0 0 0 2
3 0 0 0 0 0 0 0 2 | 0 -2 0 0 -3 0 0 0 6
13 0 0 0 0 3 0 0 12 | 0 -3 0 0 1 0 0 0 12
7 0 0 0 0 3 0 0 12 | 0 -3 0 0 -5 0 0 0 12
8 0 0 0 0 1 0 0 6 | 0 2 0 0 -1 0 0 0 6
-1 0 0 0 0 1 0 0 6 | 0 -1 0 0 -1 0 0 0 6
2 0 0 0 0 1 0 0 6 | 0 -4 0 0 -1 0 0 0 6
8 0 0 0 0 1 0 0 6 | 0 -4 0 0 -1 0 0 0 6
5 0 0 0 0 2 0 0 6 | 0 0 0 0 -1 0 0 0 6
7 0 0 0 0 3 0 0 12 | 0 -1 0 0 1 0 0 0 12
7 0 0 0 0 1 0 0 12 | 0 -3 0 0 1 0 0 0 12
5 0 0 0 0 0 0 0 6 | 0 -2 0 0 -1 0 0 0 6
13 0 0 0 0 1 0 0 12 | 0 -3 0 0 -5 0 0 0 12
13 0 0 0 0 3 0 0 12 | 0 -1 0 0 -5 0 0 0 12
10 0 0 0 0 1 0 0 6 | 0 -1 0 0 0 0 0 0 6
15 0 0 0 0 1 0 0 12 | 0 3 0 0 -1 0 0 0 12
0 0 0 0 0 1 0 0 6 | 0 -1 0 0 -2 0 0 0 6
4 0 0 0 0 0 0 0 3 | 0 0 0 0 1 0 0 0 3
25 0 0 0 0 1 0 0 12 | 0 -1 0 0 1 0 0 0 12
19 0 0 0 0 1 0 0 12 | 0 5 0 0 1 0 0 0 12
7 0 0 0 0 1 0 0 12 | 0 -7 0 0 1 0 0 0 12
5 0 0 0 0 1 0 0 6 | 0 0 0 0 1 0 0 0 3
5 0 0 0 0 0 0 0 6 | 0 -1 0 0 2 0 0 0 6
13 0 0 0 0 -1 0 0 12 | 0 -3 0 0 1 0 0 0 12
4 0 0 0 0 0 0 0 3 | 0 -1 0 0 -1 0 0 0 6
8 0 0 0 0 1 0 0 6 | 0 0 0 0 -1 0 0 0 6
3 0 0 0 0 0 0 0 2 | 0 2 0 0 1 0 0 0 6
2 0 0 0 0 0 0 0 3 | 0 1 0 0 0 0 0 0 3
3 0 0 0 0 1 0 0 12 | 0 -1 0 0 -1 0 0 0 12
4 0 0 0 0 1 0 0 6 | 0 -1 0 0 0 0 0 0 2
25 0 0 0 0 -1 0 0 12 | 0 1 0 0 1 0 0 0 12
19 0 0 0 0 -1 0 0 12 | 0 7 0 0 1 0 0 0 12
7 0 0 0 0 -1 0 0 12 | 0 7 0 0 1 0 0 0 12
19 0 0 0 0 -1 0 0 12 | 0 -5 0 0 1 0 0 0 12
13 0 0 0 0 1 0 0 12 | 0 3 0 0 1 0 0 0 12
5 0 0 0 0 0 0 0 6 | 0 1 0 0 2 0 0 0 6
5 0 0 0 0 -1 0 0 6 | 0 0 0 0 1 0 0 0 3
13 0 0 0 0 -3 0 0 12 | 0 -1 0 0 1 0 0 0 12
8 0 0 0 0 -1 0 0 6 | 0 0 0 0 -1 0 0 0 6
4 0 0 0 0 0 0 0 3 | 0 1 0 0 -1 0 0 0 6
4 0 0 0 0 -1 0 0 6 | 0 1 0 0 0 0 0 0 2
3 0 0 0 0 -1 0 0 12 | 0 1 0 0 -1 0 0 0 12
2 0 0 0 0 0 0 0 3 | 0 -1 0 0 0 0 0 0 3
5 0 0 0 0 -2 0 0 6 | 0 2 0 0 -1 0 0 0 6
7 0 0 0 0 -3 0 0 12 | 0 3 0 0 -5 0 0 0 12
11 0 0 0 0 -1 0 0 6 | 0 1 0 0 -1 0 0 0 6
2 0 0 0 0 -1 0 0 6 | 0 -2 0 0 -1 0 0 0 6
5 0 0 0 0 0 0 0 6 | 0 2 0 0 -1 0 0 0 6
7 0 0 0 0 -1 0 0 12 | 0 3 0 0 1 0 0 0 12
7 0 0 0 0 -3 0 0 12 | 0 1 0 0 1 0 0 0 12
13 0 0 0 0 -1 0 0 12 | 0 3 0 0 -5 0 0 0 12
10 0 0 0 0 -1 0 0 6 | 0 1 0 0 0 0 0 0 6
5 0 0 0 0 -1 0 0 12 | 0 -1 0 0 -1 0 0 0 4
15 0 0 0 0 -1 0 0 12 | 0 -3 0 0 -1 0 0 0 12
19 0 0 0 0 -1 0 0 12 | 0 1 0 0 -5 0 0 0 12
13 0 0 0 0 -1 0 0 12 | 0 7 0 0 -5 0 0 0 12
1 0 0 0 0 -1 0 0 12 | 0 7 0 0 -5 0 0 0 12
-5 0 0 0 0 -1 0 0 12 | 0 1 0 0 -5 0 0 0 12
1 0 0 0 0 -1 0 0 12 | 0 -5 0 0 -5 0 0 0 12
13 0 0 0 0 -1 0 0 12 | 0 -5 0 0 -5 0 0 0 12
1 0 0 0 0 0 0 0 3 | 0 1 0 0 -1 0 0 0 6
2 0 0 0 0 -1 0 0 6 | 0 0 0 0 -1 0 0 0 6
17 0 0 0 0 -1 0 0 12 | 0 1 0 0 -3 0 0 0 12
1 0 0 0 0 0 0 0 1 | 0 -1 0 0 -1 0 0 0 3
19 0 0 0 0 1 0 0 12 | 0 -1 0 0 -5 0 0 0 12
13 0 0 0 0 1 0 0 12 | 0 5 0 0 -5 0 0 0 12
1 0 0 0 0 1 0 0 12 | 0 5 0 0 -5 0 0 0 12
-5 0 0 0 0 1 0 0 12 | 0 -1 0 0 -5 0 0 0 12
1 0 0 0 0 1 0 0 12 | 0 -7 0 0 -5 0 0 0 12
13 0 0 0 0 1 0 0 12 | 0 -7 0 0 -5 0 0 0 12
7 0 0 0 0 3 0 0 12 | 0 1 0 0 -5 0 0 0 12
2 0 0 0 0 1 0 0 6 | 0 0 0 0 -1 0 0 0 6
1 0 0 0 0 0 0 0 3 | 0 -1 0 0 -1 0 0 0 6
7 0 0 0 0 -1 0 0 12 | 0 -3 0 0 -5 0 0 0 12
1 0 0 0 0 0 0 0 1 | 0 1 0 0 -1 0 0 0 3
17 0 0 0 0 0 0 0 6 | 0 0 0 0 -1 0 0 0 6
7 0 0 0 0 0 0 0 3 | 0 3 0 0 -1 0 0 0 6
11 0 0 0 0 1 0 0 6 | 0 1 0 0 -1 0 0 0 6
19 0 0 0 0 1 0 0 12 | 0 1 0 0 1 0 0 0 12
19 0 0 0 0 -1 0 0 12 | 0 -1 0 0 1 0 0 0 12
11 0 0 0 0 -1 0 0 6 | 0 -1 0 0 -1 0 0 0 6
25 0 0 0 0 -1 0 0 12 | 0 -1 0 0 -5 0 0 0 12
25 0 0 0 0 1 0 0 12 | 0 1 0 0 -5 0 0 0 12
8 0 0 0 0 0 0 0 3 | 0 0 0 0 0 0 0 0 1
27 0 0 0 0 -1 0 0 12 | 0 5 0 0 -1 0 0 0 12
17 0 0 0 0 -1 0 0 12 | 0 5 0 0 -3 0 0 0 12
1 0 0 0 0 0 0 0 1 | 0 0 0 0 -1 0 0 0 3
27 0 0 0 0 1 0 0 12 | 0 -5 0 0 -1 0 0 0 12
8 0 0 0 0 1 0 0 6 | 0 4 0 0 -1 0 0 0 6
13 0 0 0 0 1 0 0 12 | 0 7 0 0 1 0 0 0 12
13 0 0 0 0 -1 0 0 12 | 0 5 0 0 1 0 0 0 12
8 0 0 0 0 -1 0 0 6 | 0 2 0 0 -1 0 0 0 6
19 0 0 0 0 -1 0 0 12 | 0 5 0 0 -5 0 0 0 12
13 0 0 0 0 0 0 0 6 | 0 1 0 0 0 0 0 0 2
21 0 0 0 0 -1 0 0 12 | 0 11 0 0 -1 0 0 0 12
11 0 0 0 0 -1 0 0 12 | 0 11 0 0 -3 0 0 0 12
21 0 0 0 0 1 0 0 12 | 0 1 0 0 -1 0 0 0 12
-1 0 0 0 0 0 0 0 6 | 0 6 0 0 -1 0 0 0 6
1 0 0 0 0 1 0 0 12 | 0 7 0 0 1 0 0 0 12
1 0 0 0 0 -1 0 0 12 | 0 5 0 0 1 0 0 0 12
2 0 0 0 0 -1 0 0 6 | 0 2 0 0 -1 0 0 0 6
7 0 0 0 0 -1 0 0 12 | 0 5 0 0 -5 0 0 0 12
7 0 0 0 0 1 0 0 12 | 0 7 0 0 -5 0 0 0 12
-7 0 0 0 0 0 0 0 6 | 0 0 0 0 -1 0 0 0 6
-5 0 0 0 0 1 0 0 12 | 0 1 0 0 1 0 0 0 12
-5 0 0 0 0 -1 0 0 12 | 0 -1 0 0 1 0 0 0 12
-1 0 0 0 0 -1 0 0 6 | 0 -1 0 0 -1 0 0 0 6
2 0 0 0 0 0 0 0 3 | 0 0 0 0 0 0 0 0 1
3 0 0 0 0 1 0 0 12 | 0 -5 0 0 -1 0 0 0 12
-1 0 0 0 0 0 0 0 6 | 0 -6 0 0 -1 0 0 0 6
5 0 0 0 0 0 0 0 6 | 0 -6 0 0 -1 0 0 0 6
2 0 0 0 0 1 0 0 6 | 0 -2 0 0 -1 0 0 0 6
1 0 0 0 0 -1 0 0 12 | 0 -7 0 0 1 0 0 0 12
7 0 0 0 0 -1 0 0 12 | 0 -7 0 0 -5 0 0 0 12
7 0 0 0 0 1 0 0 12 | 0 -5 0 0 -5 0 0 0 12
9 0 0 0 0 -1 0 0 12 | 0 -1 0 0 -1 0 0 0 12
11 0 0 0 0 0 0 0 6 | 0 -6 0 0 -1 0 0 0 6
13 0 0 0 0 -1 0 0 12 | 0 -7 0 0 1 0 0 0 12
8 0 0 0 0 -1 0 0 6 | 0 -4 0 0 -1 0 0 0 6
19 0 0 0 0 -1 0 0 12 | 0 -7 0 0 -5 0 0 0 12
13 0 0 0 0 0 0 0 6 | 0 -1 0 0 0 0 0 0 2
21 0 0 0 0 -1 0 0 12 | 0 -1 0 0 -1 0 0 0 12
11 0 0 0 0 -1 0 0 12 | 0 -1 0 0 -3 0 0 0 12
21 0 0 0 0 1 0 0 12 | 0 -11 0 0 -1 0 0 0 12
7 0 0 0 0 3 0 0 12 | 0 3 0 0 1 0 0 0 12
13 0 0 0 0 3 0 0 12 | 0 3 0 0 -5 0 0 0 12
10 0 0 0 0 1 0 0 6 | 0 1 0 0 0 0 0 0 6
5 0 0 0 0 1 0 0 12 | 0 7 0 0 -3 0 0 0 12
0 0 0 0 0 1 0 0 6 | 0 1 0 0 -2 0 0 0 6
2 0 0 0 0 1 0 0 6 | 0 1 0 0 2 0 0 0 6
1 0 0 0 0 0 0 0 3 | 0 0 0 0 1 0 0 0 3
17 0 0 0 0 1 0 0 12 | 0 1 0 0 3 0 0 0 12
1 0 0 0 0 0 0 0 1 | 0 3 0 0 1 0 0 0 6
1 0 0 0 0 0 0 0 6 | 0 1 0 0 0 0 0 0 2
-3 0 0 0 0 1 0 0 12 | 0 1 0 0 -1 0 0 0 12
1 0 0 0 0 1 0 0 6 | 0 -1 0 0 0 0 0 0 3
7 0 0 0 0 -3 0 0 12 | 0 -3 0 0 1 0 0 0 12
17 0 0 0 0 -1 0 0 12 | 0 -1 0 0 3 0 0 0 12
6 0 0 0 0 -1 0 0 6 | 0 2 0 0 1 0 0 0 6
1 0 0 0 0 -1 0 0 6 | 0 1 0 0 0 0 0 0 3
-3 0 0 0 0 -1 0 0 12 | 0 -1 0 0 -1 0 0 0 12
1 0 0 0 0 0 0 0 6 | 0 -1 0 0 0 0 0 0 2
1 0 0 0 0 0 0 0 1 | 0 -3 0 0 1 0 0 0 6
13 0 0 0 0 -3 0 0 12 | 0 -3 0 0 -5 0 0 0 12
10 0 0 0 0 -1 0 0 6 | 0 -1 0 0 0 0 0 0 6
15 0 0 0 0 -1 0 0 12 | 0 -7 0 0 -1 0 0 0 12
23 0 0 0 0 -1 0 0 12 | 0 -1 0 0 -3 0 0 0 12
3 0 0 0 0 0 0 0 2 | 0 -3 0 0 -2 0 0 0 6
23 0 0 0 0 1 0 0 12 | 0 1 0 0 -3 0 0 0 12
2 0 0 0 0 0 0 0 3 | 0 1 0 0 -1 0 0 0 2
9 0 0 0 0 1 0 0 6 | 0 -1 0 0 -1 0 0 0 3
5 0 0 0 0 0 0 0 2 | 0 0 0 0 1 0 0 0 6
25 0 0 0 0 -1 0 0 12 | 0 5 0 0 1 0 0 0 12
25 0 0 0 0 1 0 0 12 | 0 -5 0 0 1 0 0 0 12
10 0 0 0 0 -1 0 0 6 | 0 5 0 0 0 0 0 0 6
5 0 0 0 0 -1 0 0 6 | 0 5 0 0 -1 0 0 0 6
-5 0 0 0 0 1 0 0 12 | 0 -5 0 0 -5 0 0 0 12
5 0 0 0 0 1 0 0 6 | 0 -5 0 0 -1 0 0 0 6
5 0 0 0 0 2 0 0 6 | 0 4 0 0 -1 0 0 0 6
13 0 0 0 0 3 0 0 12 | 0 9 0 0 1 0 0 0 12
11 0 0 0 0 1 0 0 6 | 0 5 0 0 -1 0 0 0 6
-1 0 0 0 0 1 0 0 6 | 0 5 0 0 -1 0 0 0 6
7 0 0 0 0 1 0 0 12 | 0 9 0 0 1 0 0 0 12
13 0 0 0 0 1 0 0 12 | 0 9 0 0 -5 0 0 0 12
5 0 0 0 0 1 0 0 4 | 0 5 0 0 -1 0 0 0 12
3 0 0 0 0 1 0 0 12 | 0 11 0 0 3 0 0 0 12
-3 0 0 0 0 1 0 0 12 | 0 11 0 0 -3 0 0 0 12
6 0 0 0 0 1 0 0 6 | 0 5 0 0 0 0 0 0 6
-6 0 0 0 0 1 0 0 6 | 0 5 0 0 0 0 0 0 6
-3 0 0 0 0 1 0 0 12 | 0 3 0 0 1 0 0 0 4
0 0 0 0 0 0 0 0 1 | 0 2 0 0 0 0 0 0 3
3 0 0 0 0 1 0 0 12 | 0 3 0 0 -1 0 0 0 4
2 0 0 0 0 1 0 0 3 | 0 1 0 0 1 0 0 0 6
17 0 0 0 0 3 0 0 12 | 0 3 0 0 -1 0 0 0 12
11 0 0 0 0 3 0 0 12 | 0 9 0 0 -1 0 0 0 12
-1 0 0 0 0 3 0 0 12 | 0 9 0 0 -1 0 0 0 12
-7 0 0 0 0 3 0 0 12 | 0 3 0 0 -1 0 0 0 12
-1 0 0 0 0 3 0 0 12 | 0 -3 0 0 -1 0 0 0 12
1 0 0 0 0 1 0 0 6 | 0 1 0 0 1 0 0 0 6
5 0 0 0 0 1 0 0 12 | 0 1 0 0 -1 0 0 0 12
4 0 0 0 0 1 0 0 6 | 0 1 0 0 -2 0 0 0 6
5 0 0 0 0 1 0 0 4 | 0 3 0 0 1 0 0 0 12
5 0 0 0 0 1 0 0 6 | 0 2 0 0 0 0 0 0 3
11 0 0 0 0 1 0 0 12 | 0 5 0 0 5 0 0 0 12
7 0 0 0 0 1 0 0 6 | 0 5 0 0 1 0 0 0 6
-2 0 0 0 0 1 0 0 6 | 0 2 0 0 1 0 0 0 6
7 0 0 0 0 1 0 0 6 | 0 -1 0 0 1 0 0 0 6
5 0 0 0 0 1 0 0 12 | 0 3 0 0 5 0 0 0 12
2 0 0 0 0 0 0 0 3 | 0 1 0 0 1 0 0 0 6
11 0 0 0 0 1 0 0 12 | 0 3 0 0 -1 0 0 0 12
11 0 0 0 0 3 0 0 12 | 0 5 0 0 -1 0 0 0 12
-1 0 0 0 0 1 0 0 6 | 0 1 0 0 0 0 0 0 3
11 0 0 0 0 -1 0 0 12 | 0 7 0 0 5 0 0 0 12
4 0 0 0 0 -1 0 0 6 | 0 4 0 0 1 0 0 0 6
5 0 0 0 0 0 0 0 3 | 0 3 0 0 1 0 0 0 6
7 0 0 0 0 0 0 0 6 | 0 6 0 0 1 0 0 0 6
1 0 0 0 0 0 0 0 6 | 0 6 0 0 1 0 0 0 6
7 0 0 0 0 0 0 0 6 | 0 0 0 0 1 0 0 0 6
4 0 0 0 0 1 0 0 6 | 0 4 0 0 1 0 0 0 6
5 0 0 0 0 1 0 0 12 | 0 7 0 0 5 0 0 0 12
5 0 0 0 0 -1 0 0 12 | 0 5 0 0 5 0 0 0 12
4 0 0 0 0 -1 0 0 6 | 0 2 0 0 1 0 0 0 6
11 0 0 0 0 -1 0 0 12 | 0 5 0 0 -1 0 0 0 12
11 0 0 0 0 1 0 0 12 | 0 7 0 0 -1 0 0 0 12
-1 0 0 0 0 0 0 0 6 | 0 1 0 0 0 0 0 0 2
13 0 0 0 0 1 0 0 12 | 0 1 0 0 3 0 0 0 12
5 0 0 0 0 -3 0 0 12 | 0 9 0 0 -1 0 0 0 12
1 0 0 0 0 -1 0 0 6 | 0 2 0 0 -1 0 0 0 3
17 0 0 0 0 -1 0 0 12 | 0 7 0 0 -1 0 0 0 12
11 0 0 0 0 -1 0 0 12 | 0 13 0 0 -1 0 0 0 12
5 0 0 0 0 1 0 0 12 | 0 9 0 0 -1 0 0 0 12
1 0 0 0 0 0 0 0 6 | 0 4 0 0 1 0 0 0 6
1 0 0 0 0 -1 0 0 6 | 0 3 0 0 1 0 0 0 6
5 0 0 0 0 -3 0 0 12 | 0 5 0 0 -1 0 0 0 12
4 0 0 0 0 -1 0 0 6 | 0 3 0 0 -2 0 0 0 6
2 0 0 0 0 0 0 0 3 | 0 2 0 0 -1 0 0 0 3
15 0 0 0 0 -1 0 0 12 | 0 7 0 0 1 0 0 0 12
0 0 0 0 0 0 0 0 1 | 0 1 0 0 -1 0 0 0 6
5 0 0 0 0 0 0 0 6 | 0 1 0 0 0 0 0 0 6
2 0 0 0 0 0 0 0 3 | 0 3 0 0 -1 0 0 0 3
-5 0 0 0 0 0 0 0 6 | 0 3 0 0 -2 0 0 0 6
-1 0 0 0 0 0 0 0 3 | 0 0 0 0 -1 0 0 0 3
1 0 0 0 0 1 0 0 6 | 0 2 0 0 -1 0 0 0 3
-1 0 0 0 0 1 0 0 12 | 0 7 0 0 -1 0 0 0 12
-1 0 0 0 0 -1 0 0 12 | 0 5 0 0 -1 0 0 0 12
1 0 0 0 0 -1 0 0 6 | 0 1 0 0 -1 0 0 0 3
1 0 0 0 0 0 0 0 1 | 0 3 0 0 -1 0 0 0 6
7 0 0 0 0 1 0 0 12 | 0 1 0 0 -3 0 0 0 12
7 0 0 0 0 1 0 0 6 | 0 1 0 0 -1 0 0 0 3
4 0 0 0 0 1 0 0 6 | 0 5 0 0 -2 0 0 0 6
-2 0 0 0 0 1 0 0 6 | 0 5 0 0 -2 0 0 0 6
-1 0 0 0 0 1 0 0 12 | 0 3 0 0 -1 0 0 0 12
1 0 0 0 0 0 0 0 6 | 0 1 0 0 -2 0 0 0 6
6 0 0 0 0 1 0 0 6 | 0 2 0 0 -1 0 0 0 6
7 0 0 0 0 1 0 0 12 | 0 3 0 0 -1 0 0 0 4
7 0 0 0 0 3 0 0 12 | 0 -1 0 0 -3 0 0 0 12
29 0 0 0 0 1 0 0 12 | 0 5 0 0 -1 0 0 0 12
17 0 0 0 0 3 0 0 12 | 0 7 0 0 -1 0 0 0 12
7 0 0 0 0 0 0 0 6 | 0 2 0 0 1 0 0 0 6
10 0 0 0 0 1 0 0 6 | 0 3 0 0 -2 0 0 0 6
27 0 0 0 0 1 0 0 12 | 0 5 0 0 1 0 0 0 12
7 0 0 0 0 1 0 0 12 | 0 5 0 0 -3 0 0 0 12
11 0 0 0 0 1 0 0 6 | 0 0 0 0 0 0 0 0 1
11 0 0 0 0 3 0 0 12 | 0 13 0 0 -1 0 0 0 12
4 0 0 0 0 1 0 0 6 | 0 6 0 0 1 0 0 0 6
2 0 0 0 0 0 0 0 3 | 0 5 0 0 1 0 0 0 6
11 0 0 0 0 -1 0 0 12 | 0 9 0 0 -1 0 0 0 12
7 0 0 0 0 1 0 0 6 | 0 3 0 0 -1 0 0 0 3
21 0 0 0 0 1 0 0 12 | 0 11 0 0 1 0 0 0 12
4 0 0 0 0 0 0 0 3 | 0 4 0 0 0 0 0 0 3
3 0 0 0 0 1 0 0 6 | 0 3 0 0 -1 0 0 0 6
8 0 0 0 0 1 0 0 6 | 0 1 0 0 0 0 0 0 2
-13 0 0 0 0 1 0 0 12 | 0 11 0 0 -1 0 0 0 12
-1 0 0 0 0 0 0 0 3 | 0 5 0 0 1 0 0 0 6
-1 0 0 0 0 -1 0 0 12 | 0 9 0 0 -1 0 0 0 12
1 0 0 0 0 0 0 0 6 | 0 5 0 0 -2 0 0 0 6
2 0 0 0 0 1 0 0 6 | 0 1 0 0 0 0 0 0 2
-19 0 0 0 0 1 0 0 12 | 0 5 0 0 -1 0 0 0 12
-5 0 0 0 0 0 0 0 6 | 0 2 0 0 1 0 0 0 6
-7 0 0 0 0 -1 0 0 12 | 0 3 0 0 -1 0 0 0 12
-1 0 0 0 0 0 0 0 3 | 0 1 0 0 -1 0 0 0 3
-2 0 0 0 0 1 0 0 6 | 0 3 0 0 -2 0 0 0 6
3 0 0 0 0 1 0 0 12 | 0 5 0 0 1 0 0 0 12
-1 0 0 0 0 0 0 0 6 | 0 5 0 0 0 0 0 0 6
-1 0 0 0 0 1 0 0 6 | 0 0 0 0 0 0 0 0 1
-7 0 0 0 0 1 0 0 12 | 0 -7 0 0 -1 0 0 0 12
-1 0 0 0 0 3 0 0 12 | 0 1 0 0 -1 0 0 0 12
-2 0 0 0 0 1 0 0 6 | 0 0 0 0 1 0 0 0 6
-1 0 0 0 0 0 0 0 3 | 0 -1 0 0 1 0 0 0 6
-1 0 0 0 0 -1 0 0 12 | 0 -3 0 0 -1 0 0 0 12
1 0 0 0 0 0 0 0 6 | 0 -1 0 0 -2 0 0 0 6
1 0 0 0 0 1 0 0 6 | 0 0 0 0 -1 0 0 0 3
9 0 0 0 0 1 0 0 12 | 0 -1 0 0 1 0 0 0 12
1 0 0 0 0 0 0 0 3 | 0 1 0 0 0 0 0 0 3
17 0 0 0 0 1 0 0 12 | 0 -7 0 0 -1 0 0 0 12
11 0 0 0 0 3 0 0 12 | 0 1 0 0 -1 0 0 0 12
2 0 0 0 0 0 0 0 3 | 0 -1 0 0 1 0 0 0 6
11 0 0 0 0 -1 0 0 12 | 0 -3 0 0 -1 0 0 0 12
7 0 0 0 0 0 0 0 6 | 0 -1 0 0 -2 0 0 0 6
21 0 0 0 0 1 0 0 12 | 0 -1 0 0 1 0 0 0 12
4 0 0 0 0 0 0 0 3 | 0 1 0 0 0 0 0 0 3
1 0 0 0 0 0 0 0 2 | 0 2 0 0 -1 0 0 0 6
1 0 0 0 0 1 0 0 12 | 0 -1 0 0 -3 0 0 0 12
8 0 0 0 0 1 0 0 6 | 0 -1 0 0 0 0 0 0 2
-1 0 0 0 0 1 0 0 12 | 0 5 0 0 5 0 0 0 12
-1 0 0 0 0 -1 0 0 12 | 0 3 0 0 5 0 0 0 12
1 0 0 0 0 -1 0 0 6 | 0 1 0 0 1 0 0 0 6
1 0 0 0 0 0 0 0 1 | 0 1 0 0 1 0 0 0 3
-3 0 0 0 0 1 0 0 12 | 0 -1 0 0 1 0 0 0 12
7 0 0 0 0 1 0 0 12 | 0 -1 0 0 3 0 0 0 12
5 0 0 0 0 -3 0 0 12 | 0 1 0 0 -1 0 0 0 12
4 0 0 0 0 -1 0 0 6 | 0 1 0 0 -2 0 0 0 6
5 0 0 0 0 0 0 0 6 | 0 -1 0 0 0 0 0 0 6
11 0 0 0 0 -1 0 0 12 | 0 3 0 0 -7 0 0 0 12
11 0 0 0 0 1 0 0 12 | 0 5 0 0 -7 0 0 0 12
3 0 0 0 0 1 0 0 12 | 0 -1 0 0 -5 0 0 0 12
13 0 0 0 0 1 0 0 12 | 0 -1 0 0 -3 0 0 0 12
9 0 0 0 0 1 0 0 6 | 0 3 0 0 -1 0 0 0 6
5 0 0 0 0 0 0 0 3 | 0 5 0 0 1 0 0 0 6
5 0 0 0 0 -1 0 0 12 | 0 15 0 0 -1 0 0 0 12
5 0 0 0 0 3 0 0 12 | 0 -5 0 0 -1 0 0 0 12
-5 0 0 0 0 0 0 0 6 | 0 6 0 0 1 0 0 0 6
-9 0 0 0 0 1 0 0 12 | 0 11 0 0 3 0 0 0 12
-1 0 0 0 0 0 0 0 1 | 0 1 0 0 0 0 0 0 3
1 0 0 0 0 3 0 0 12 | 0 -3 0 0 1 0 0 0 12
1 0 0 0 0 1 0 0 12 | 0 5 0 0 7 0 0 0 12
5 0 0 0 0 1 0 0 6 | 0 1 0 0 1 0 0 0 3
2 0 0 0 0 1 0 0 6 | 0 5 0 0 2 0 0 0 6
-7 0 0 0 0 1 0 0 6 | 0 1 0 0 1 0 0 0 3
-4 0 0 0 0 1 0 0 6 | 0 -1 0 0 2 0 0 0 6
2 0 0 0 0 1 0 0 6 | 0 -1 0 0 2 0 0 0 6
-1 0 0 0 0 0 0 0 6 | 0 1 0 0 2 0 0 0 6
1 0 0 0 0 1 0 0 12 | 0 3 0 0 1 0 0 0 12
1 0 0 0 0 3 0 0 12 | 0 5 0 0 1 0 0 0 12
-1 0 0 0 0 -1 0 0 6 | 0 2 0 0 1 0 0 0 3
-2 0 0 0 0 0 0 0 3 | 0 3 0 0 1 0 0 0 3
-7 0 0 0 0 0 0 0 6 | 0 3 0 0 2 0 0 0 6
-1 0 0 0 0 1 0 0 6 | 0 2 0 0 1 0 0 0 3
-1 0 0 0 0 -1 0 0 6 | 0 1 0 0 1 0 0 0 3
1 0 0 0 0 -1 0 0 12 | 0 13 0 0 1 0 0 0 12
-1 0 0 0 0 -1 0 0 6 | 0 3 0 0 -1 0 0 0 6
-1 0 0 0 0 0 0 0 6 | 0 4 0 0 -1 0 0 0 6
5 0 0 0 0 -1 0 0 12 | 0 7 0 0 3 0 0 0 12
0 0 0 0 0 0 0 0 1 | 0 1 0 0 1 0 0 0 6
-11 0 0 0 0 1 0 0 12 | 0 7 0 0 1 0 0 0 12
-11 0 0 0 0 -1 0 0 12 | 0 5 0 0 1 0 0 0 12
-4 0 0 0 0 -1 0 0 6 | 0 2 0 0 -1 0 0 0 6
-5 0 0 0 0 1 0 0 12 | 0 7 0 0 -5 0 0 0 12
-7 0 0 0 0 1 0 0 6 | 0 5 0 0 -1 0 0 0 6
-11 0 0 0 0 1 0 0 12 | 0 3 0 0 1 0 0 0 12
-2 0 0 0 0 0 0 0 3 | 0 1 0 0 -1 0 0 0 6
-5 0 0 0 0 1 0 0 12 | 0 3 0 0 -5 0 0 0 12
1 0 0 0 0 1 0 0 6 | 0 1 0 0 0 0 0 0 3
7 0 0 0 0 3 0 0 12 | 0 7 0 0 1 0 0 0 12
2 0 0 0 0 1 0 0 6 | 0 3 0 0 2 0 0 0 6
5 0 0 0 0 1 0 0 6 | 0 3 0 0 -1 0 0 0 6
17 0 0 0 0 1 0 0 12 | 0 5 0 0 3 0 0 0 12
1 0 0 0 0 0 0 0 1 | 0 5 0 0 1 0 0 0 6
1 0 0 0 0 0 0 0 6 | 0 5 0 0 0 0 0 0 6
-3 0 0 0 0 1 0 0 12 | 0 5 0 0 -1 0 0 0 12
1 0 0 0 0 1 0 0 6 | 0 0 0 0 0 0 0 0 1
6 0 0 0 0 1 0 0 6 | 0 0 0 0 1 0 0 0 6
-1 0 0 0 0 0 0 0 6 | 0 5 0 0 2 0 0 0 6
1 0 0 0 0 -1 0 0 12 | 0 9 0 0 1 0 0 0 12
1 0 0 0 0 0 0 0 3 | 0 5 0 0 -1 0 0 0 6
2 0 0 0 0 1 0 0 6 | 0 6 0 0 -1 0 0 0 6
-1 0 0 0 0 0 0 0 3 | 0 4 0 0 0 0 0 0 3
3 0 0 0 0 1 0 0 6 | 0 3 0 0 1 0 0 0 6
-11 0 0 0 0 -1 0 0 12 | 0 9 0 0 1 0 0 0 12
-2 0 0 0 0 0 0 0 3 | 0 5 0 0 -1 0 0 0 6
-4 0 0 0 0 0 0 0 3 | 0 4 0 0 0 0 0 0 3
-4 0 0 0 0 1 0 0 6 | 0 0 0 0 -1 0 0 0 6
-1 0 0 0 0 1 0 0 12 | 0 -1 0 0 3 0 0 0 12
-1 0 0 0 0 0 0 0 2 | 0 2 0 0 1 0 0 0 6
1 0 0 0 0 3 0 0 12 | 0 1 0 0 1 0 0 0 12
-1 0 0 0 0 1 0 0 6 | 0 0 0 0 1 0 0 0 3
11 0 0 0 0 1 0 0 12 | 0 -1 0 0 3 0 0 0 12
-1 0 0 0 0 0 0 0 3 | 0 1 0 0 0 0 0 0 3
3 0 0 0 0 1 0 0 6 | 0 -3 0 0 1 0 0 0 6
-4 0 0 0 0 -1 0 0 6 | 0 1 0 0 2 0 0 0 6
-5 0 0 0 0 -3 0 0 12 | 0 1 0 0 1 0 0 0 12
0 0 0 0 0 0 0 0 1 | 0 -1 0 0 1 0 0 0 6
3 0 0 0 0 -1 0 0 12 | 0 9 0 0 -1 0 0 0 12
4 0 0 0 0 1 0 0 6 | 0 1 0 0 0 0 0 0 2
1 0 0 0 0 1 0 0 4 | 0 1 0 0 -1 0 0 0 12
5 0 0 0 0 0 0 0 6 | 0 5 0 0 2 0 0 0 6
-5 0 0 0 0 -1 0 0 12 | 0 15 0 0 1 0 0 0 12
-2 0 0 0 0 1 0 0 6 | 0 -4 0 0 1 0 0 0 6
-7 0 0 0 0 1 0 0 12 | 0 -3 0 0 -1 0 0 0 12
-13 0 0 0 0 1 0 0 12 | 0 5 0 0 5 0 0 0 12
-1 0 0 0 0 1 0 0 12 | 0 -7 0 0 5 0 0 0 12
5 0 0 0 0 -1 0 0 12 | 0 1 0 0 5 0 0 0 12
-2 0 0 0 0 -1 0 0 6 | 0 0 0 0 1 0 0 0 6
-1 0 0 0 0 0 0 0 3 | 0 1 0 0 1 0 0 0 6
-2 0 0 0 0 -1 0 0 6 | 0 4 0 0 1 0 0 0 6
-2 0 0 0 0 -1 0 0 6 | 0 -2 0 0 1 0 0 0 6
-5 0 0 0 0 0 0 0 6 | 0 1 0 0 -2 0 0 0 6
-3 0 0 0 0 -1 0 0 12 | 0 1 0 0 1 0 0 0 12
-1 0 0 0 0 1 0 0 12 | 0 1 0 0 5 0 0 0 12
-1 0 0 0 0 -1 0 0 12 | 0 -1 0 0 5 0 0 0 12
1 0 0 0 0 -1 0 0 6 | 0 -1 0 0 1 0 0 0 6
5 0 0 0 0 -1 0 0 12 | 0 -1 0 0 -1 0 0 0 12
1 0 0 0 0 0 0 0 1 | 0 0 0 0 1 0 0 0 3
7 0 0 0 0 -1 0 0 12 | 0 5 0 0 3 0 0 0 12
-2 0 0 0 0 1 0 0 6 | 0 4 0 0 1 0 0 0 6
1 0 0 0 0 0 0 0 2 | 0 3 0 0 2 0 0 0 6
1 0 0 0 0 1 0 0 12 | 0 1 0 0 3 0 0 0 12
-1 0 0 0 0 -1 0 0 12 | 0 -7 0 0 -1 0 0 0 12
-1 0 0 0 0 1 0 0 12 | 0 -5 0 0 -1 0 0 0 12
-2 0 0 0 0 -1 0 0 6 | 0 -1 0 0 -2 0 0 0 6
3 0 0 0 0 -1 0 0 12 | 0 -1 0 0 1 0 0 0 12
-1 0 0 0 0 -1 0 0 6 | 0 1 0 0 0 0 0 0 3
-1 0 0 0 0 0 0 0 6 | 0 -1 0 0 0 0 0 0 2
-2 0 0 0 0 1 0 0 6 | 0 1 0 0 -2 0 0 0 6
3 0 0 0 0 -1 0 0 12 | 0 -11 0 0 3 0 0 0 12
0 0 0 0 0 0 0 0 1 | 0 -2 0 0 0 0 0 0 3
3 0 0 0 0 -1 0 0 12 | 0 -3 0 0 -1 0 0 0 4
-1 0 0 0 0 1 0 0 6 | 0 -2 0 0 1 0 0 0 3
1 0 0 0 0 1 0 0 12 | 0 -13 0 0 1 0 0 0 12
-5 0 0 0 0 -1 0 0 12 | 0 -9 0 0 1 0 0 0 12
-1 0 0 0 0 0 0 0 6 | 0 -4 0 0 -1 0 0 0 6
-1 0 0 0 0 1 0 0 6 | 0 -3 0 0 -1 0 0 0 6
5 0 0 0 0 0 0 0 6 | 0 -3 0 0 2 0 0 0 6
5 0 0 0 0 -1 0 0 6 | 0 -1 0 0 1 0 0 0 3
2 0 0 0 0 -1 0 0 6 | 0 1 0 0 2 0 0 0 6
1 0 0 0 0 -3 0 0 12 | 0 3 0 0 1 0 0 0 12
-11 0 0 0 0 -3 0 0 12 | 0 3 0 0 1 0 0 0 12
1 0 0 0 0 -3 0 0 12 | 0 -9 0 0 1 0 0 0 12
-1 0 0 0 0 -1 0 0 6 | 0 -5 0 0 -1 0 0 0 6
-5 0 0 0 0 -1 0 0 12 | 0 -3 0 0 -5 0 0 0 12
13 0 0 0 0 -1 0 0 12 | 0 -11 0 0 1 0 0 0 12
1 0 0 0 0 0 0 0 3 | 0 -1 0 0 1 0 0 0 3
5 0 0 0 0 -1 0 0 6 | 0 -3 0 0 -1 0 0 0 6
6 0 0 0 0 -1 0 0 6 | 0 0 0 0 1 0 0 0 6
1 0 0 0 0 -1 0 0 6 | 0 0 0 0 0 0 0 0 1
-1 0 0 0 0 -1 0 0 6 | 0 0 0 0 1 0 0 0 3
11 0 0 0 0 -1 0 0 12 | 0 1 0 0 3 0 0 0 12
-1 0 0 0 0 0 0 0 3 | 0 -1 0 0 0 0 0 0 3
1 0 0 0 0 0 0 0 2 | 0 -2 0 0 1 0 0 0 6
-4 0 0 0 0 -1 0 0 6 | 0 0 0 0 -1 0 0 0 6
1 0 0 0 0 1 0 0 12 | 0 -9 0 0 1 0 0 0 12
1 0 0 0 0 0 0 0 3 | 0 -5 0 0 -1 0 0 0 6
-5 0 0 0 0 3 0 0 12 | 0 -1 0 0 1 0 0 0 12
5 0 0 0 0 1 0 0 12 | 0 -1 0 0 1 0 0 0 4
1 0 0 0 0 1 0 0 12 | 0 -3 0 0 -5 0 0 0 12
5 0 0 0 0 0 0 0 6 | 0 -5 0 0 2 0 0 0 6
13 0 0 0 0 -3 0 0 12 | 0 -9 0 0 1 0 0 0 12
7 0 0 0 0 -1 0 0 12 | 0 -11 0 0 -5 0 0 0 12
11 0 0 0 0 -1 0 0 6 | 0 -5 0 0 -1 0 0 0 6
5 0 0 0 0 0 0 0 6 | 0 -4 0 0 -1 0 0 0 6
7 0 0 0 0 -1 0 0 12 | 0 -9 0 0 1 0 0 0 12
13 0 0 0 0 -1 0 0 12 | 0 -9 0 0 -5 0 0 0 12
5 0 0 0 0 3 0 0 12 | 0 -9 0 0 -1 0 0 0 12
4 0 0 0 0 1 0 0 6 | 0 -4 0 0 1 0 0 0 6
1 0 0 0 0 1 0 0 6 | 0 -2 0 0 -1 0 0 0 3
11 0 0 0 0 1 0 0 12 | 0 -13 0 0 -1 0 0 0 12
1 0 0 0 0 1 0 0 6 | 0 -3 0 0 1 0 0 0 6
1 0 0 0 0 0 0 0 6 | 0 -4 0 0 1 0 0 0 6
2 0 0 0 0 0 0 0 3 | 0 -2 0 0 -1 0 0 0 3
4 0 0 0 0 1 0 0 6 | 0 -3 0 0 -2 0 0 0 6
15 0 0 0 0 1 0 0 12 | 0 -7 0 0 1 0 0 0 12
11 0 0 0 0 1 0 0 12 | 0 -7 0 0 5 0 0 0 12
5 0 0 0 0 0 0 0 3 | 0 -3 0 0 1 0 0 0 6
7 0 0 0 0 0 0 0 6 | 0 -6 0 0 1 0 0 0 6
4 0 0 0 0 -1 0 0 6 | 0 -4 0 0 1 0 0 0 6
11 0 0 0 0 -1 0 0 12 | 0 -7 0 0 -1 0 0 0 12
13 0 0 0 0 -1 0 0 12 | 0 -1 0 0 3 0 0 0 12
10 0 0 0 0 -1 0 0 6 | 0 -2 0 0 1 0 0 0 6
7 0 0 0 0 -1 0 0 6 | 0 1 0 0 1 0 0 0 6
7 0 0 0 0 -1 0 0 6 | 0 -5 0 0 1 0 0 0 6
17 0 0 0 0 -3 0 0 12 | 0 -3 0 0 -1 0 0 0 12
11 0 0 0 0 -3 0 0 12 | 0 3 0 0 -1 0 0 0 12
-1 0 0 0 0 -3 0 0 12 | 0 3 0 0 -1 0 0 0 12
11 0 0 0 0 -3 0 0 12 | 0 -9 0 0 -1 0 0 0 12
7 0 0 0 0 -1 0 0 6 | 0 -1 0 0 -1 0 0 0 3
-2 0 0 0 0 -1 0 0 6 | 0 1 0 0 -2 0 0 0 6
4 0 0 0 0 -1 0 0 6 | 0 -5 0 0 -2 0 0 0 6
-1 0 0 0 0 -3 0 0 12 | 0 -5 0 0 -1 0 0 0 12
6 0 0 0 0 -1 0 0 6 | 0 -2 0 0 -1 0 0 0 6
2 0 0 0 0 0 0 0 3 | 0 -3 0 0 -1 0 0 0 3
1 0 0 0 0 1 0 0 6 | 0 -1 0 0 -1 0 0 0 3
1 0 0 0 0 -1 0 0 6 | 0 -2 0 0 -1 0 0 0 3
1 0 0 0 0 0 0 0 1 | 0 -3 0 0 -1 0 0 0 6
7 0 0 0 0 -1 0 0 12 | 0 -1 0 0 -3 0 0 0 12
23 0 0 0 0 -1 0 0 12 | 0 -11 0 0 -1 0 0 0 12
17 0 0 0 0 1 0 0 12 | 0 -3 0 0 -1 0 0 0 12
7 0 0 0 0 0 0 0 6 | 0 -2 0 0 1 0 0 0 6
7 0 0 0 0 -1 0 0 6 | 0 -3 0 0 1 0 0 0 6
10 0 0 0 0 -1 0 0 6 | 0 -3 0 0 -2 0 0 0 6
5 0 0 0 0 0 0 0 3 | 0 -1 0 0 -1 0 0 0 3
11 0 0 0 0 -1 0 0 6 | 0 0 0 0 0 0 0 0 1
11 0 0 0 0 -3 0 0 12 | 0 -1 0 0 -1 0 0 0 12
7 0 0 0 0 0 0 0 6 | 0 1 0 0 -2 0 0 0 6
21 0 0 0 0 -1 0 0 12 | 0 1 0 0 1 0 0 0 12
8 0 0 0 0 -1 0 0 6 | 0 1 0 0 0 0 0 0 2
1 0 0 0 0 -1 0 0 12 | 0 1 0 0 -3 0 0 0 12
1 0 0 0 0 0 0 0 2 | 0 -2 0 0 -1 0 0 0 6
4 0 0 0 0 0 0 0 3 | 0 -1 0 0 0 0 0 0 3
-1 0 0 0 0 -3 0 0 12 | 0 -1 0 0 -1 0 0 0 12
9 0 0 0 0 -1 0 0 12 | 0 1 0 0 1 0 0 0 12
1 0 0 0 0 0 0 0 3 | 0 -1 0 0 0 0 0 0 3
-1 0 0 0 0 0 0 0 3 | 0 -1 0 0 -1 0 0 0 3
-1 0 0 0 0 1 0 0 12 | 0 -9 0 0 -1 0 0 0 12
1 0 0 0 0 0 0 0 6 | 0 -5 0 0 -2 0 0 0 6
11 0 0 0 0 1 0 0 12 | 0 -9 0 0 -1 0 0 0 12
2 0 0 0 0 0 0 0 3 | 0 -5 0 0 1 0 0 0 6
7 0 0 0 0 0 0 0 6 | 0 -5 0 0 -2 0 0 0 6
4 0 0 0 0 0 0 0 3 | 0 -4 0 0 0 0 0 0 3
5 0 0 0 0 3 0 0 12 | 0 -1 0 0 -1 0 0 0 12
15 0 0 0 0 1 0 0 12 | 0 -3 0 0 1 0 0 0 12
-1 0 0 0 0 1 0 0 12 | 0 -3 0 0 5 0 0 0 12
7 0 0 0 0 -1 0 0 12 | 0 1 0 0 3 0 0 0 12
11 0 0 0 0 -1 0 0 12 | 0 -5 0 0 -7 0 0 0 12
3 0 0 0 0 0 0 0 2 | 0 -2 0 0 -1 0 0 0 6
13 0 0 0 0 -1 0 0 12 | 0 1 0 0 -3 0 0 0 12
13 0 0 0 0 1 0 0 12 | 0 -3 0 0 -1 0 0 0 4
10 0 0 0 0 -1 0 0 6 | 0 0 0 0 1 0 0 0 6
5 0 0 0 0 0 0 0 3 | 0 -5 0 0 1 0 0 0 6
1 0 0 0 0 1 0 0 4 | 0 -5 0 0 -3 0 0 0 12
5 0 0 0 0 1 0 0 4 | 0 -1 0 0 1 0 0 0 4
3 0 0 0 0 1 0 0 4 | 0 1 0 0 1 0 0 0 4
3 0 0 0 0 2 0 0 6 | 0 -1 0 0 0 0 0 0 6
3 0 0 0 0 1 0 0 4 | 0 -1 0 0 -1 0 0 0 4
0 0 0 0 0 1 0 0 6 | 0 -2 0 0 -3 0 0 0 6
1 0 0 0 0 1 0 0 6 | 0 1 0 0 -1 0 0 0 6
3 0 0 0 0 1 0 0 4 | 0 -1 0 0 3 0 0 0 12
9 0 0 0 0 1 0 0 12 | 0 -1 0 0 1 0 0 0 4
5 0 0 0 0 1 0 0 4 | 0 -1 0 0 -3 0 0 0 12
17 0 0 0 0 1 0 0 12 | 0 3 0 0 1 0 0 0 12
7 0 0 0 0 1 0 0 12 | 0 3 0 0 -1 0 0 0 12
3 0 0 0 0 1 0 0 4 | 0 5 0 0 -3 0 0 0 12
-9 0 0 0 0 1 0 0 12 | 0 1 0 0 1 0 0 0 4
-1 0 0 0 0 1 0 0 4 | 0 5 0 0 -3 0 0 0 12
2 0 0 0 0 1 0 0 6 | 0 2 0 0 1 0 0 0 6
-9 0 0 0 0 1 0 0 12 | 0 -1 0 0 -1 0 0 0 4
-1 0 0 0 0 1 0 0 12 | 0 -3 0 0 1 0 0 0 12
1 0 0 0 0 0 0 0 2 | 0 -5 0 0 0 0 0 0 6
9 0 0 0 0 1 0 0 12 | 0 -3 0 0 -1 0 0 0 4
0 0 0 0 0 -1 0 0 6 | 0 -1 0 0 0 0 0 0 2
5 0 0 0 0 0 0 0 6 | 0 -2 0 0 1 0 0 0 6
5 0 0 0 0 -1 0 0 12 | 0 1 0 0 1 0 0 0 12
1 0 0 0 0 0 0 0 2 | 0 -2 0 0 -3 0 0 0 6
3 0 0 0 0 1 0 0 6 | 0 -1 0 0 -3 0 0 0 6
13 0 0 0 0 1 0 0 12 | 0 -3 0 0 -1 0 0 0 12
2 0 0 0 0 0 0 0 3 | 0 1 0 0 -1 0 0 0 6
4 0 0 0 0 1 0 0 6 | 0 2 0 0 -1 0 0 0 6
15 0 0 0 0 1 0 0 12 | 0 1 0 0 1 0 0 0 4
5 0 0 0 0 0 0 0 6 | 0 4 0 0 1 0 0 0 6
3 0 0 0 0 0 0 0 2 | 0 0 0 0 1 0 0 0 2
1 0 0 0 0 0 0 0 1 | 0 1 0 0 1 0 0 0 2
27 0 0 0 0 1 0 0 12 | 0 -1 0 0 3 0 0 0 12
21 0 0 0 0 1 0 0 12 | 0 -7 0 0 3 0 0 0 12
5 0 0 0 0 1 0 0 4 | 0 1 0 0 3 0 0 0 12
15 0 0 0 0 -1 0 0 12 | 0 -1 0 0 1 0 0 0 4
3 0 0 0 0 0 0 0 2 | 0 -1 0 0 0 0 0 0 6
9 0 0 0 0 1 0 0 6 | 0 0 0 0 0 0 0 0 1
5 0 0 0 0 0 0 0 6 | 0 2 0 0 1 0 0 0 6
5 0 0 0 0 1 0 0 12 | 0 -1 0 0 1 0 0 0 12
15 0 0 0 0 1 0 0 12 | 0 11 0 0 3 0 0 0 12
9 0 0 0 0 -1 0 0 12 | 0 1 0 0 1 0 0 0 4
2 0 0 0 0 1 0 0 6 | 0 0 0 0 1 0 0 0 6
0 0 0 0 0 1 0 0 6 | 0 1 0 0 0 0 0 0 2
1 0 0 0 0 0 0 0 1 | 0 -2 0 0 0 0 0 0 3
6 0 0 0 0 1 0 0 6 | 0 -1 0 0 0 0 0 0 2
1 0 0 0 0 0 0 0 3 | 0 -1 0 0 1 0 0 0 6
9 0 0 0 0 -1 0 0 12 | 0 -1 0 0 -1 0 0 0 4
4 0 0 0 0 0 0 0 3 | 0 -1 0 0 1 0 0 0 6
11 0 0 0 0 -1 0 0 12 | 0 3 0 0 1 0 0 0 12
1 0 0 0 0 -1 0 0 12 | 0 3 0 0 -1 0 0 0 12
3 0 0 0 0 1 0 0 4 | 0 1 0 0 -3 0 0 0 12
11 0 0 0 0 1 0 0 12 | 0 5 0 0 1 0 0 0 12
3 0 0 0 0 -1 0 0 12 | 0 3 0 0 1 0 0 0 4
3 0 0 0 0 -1 0 0 4 | 0 1 0 0 3 0 0 0 12
3 0 0 0 0 -1 0 0 4 | 0 -1 0 0 1 0 0 0 4
27 0 0 0 0 -1 0 0 12 | 0 1 0 0 3 0 0 0 12
21 0 0 0 0 -1 0 0 12 | 0 7 0 0 3 0 0 0 12
21 0 0 0 0 -1 0 0 12 | 0 -5 0 0 3 0 0 0 12
1 0 0 0 0 0 0 0 1 | 0 1 0 0 3 0 0 0 6
5 0 0 0 0 -1 0 0 4 | 0 -1 0 0 3 0 0 0 12
3 0 0 0 0 0 0 0 2 | 0 1 0 0 0 0 0 0 6
9 0 0 0 0 1 0 0 12 | 0 3 0 0 1 0 0 0 4
3 0 0 0 0 -1 0 0 4 | 0 5 0 0 3 0 0 0 12
1 0 0 0 0 0 0 0 1 | 0 2 0 0 0 0 0 0 3
1 0 0 0 0 0 0 0 3 | 0 1 0 0 1 0 0 0 6
15 0 0 0 0 -1 0 0 12 | 0 -11 0 0 3 0 0 0 12
3 0 0 0 0 -2 0 0 6 | 0 -1 0 0 0 0 0 0 6
4 0 0 0 0 0 0 0 3 | 0 1 0 0 1 0 0 0 6
11 0 0 0 0 -1 0 0 12 | 0 7 0 0 1 0 0 0 12
1 0 0 0 0 -1 0 0 4 | 0 5 0 0 -3 0 0 0 12
1 0 0 0 0 -1 0 0 6 | 0 -1 0 0 -1 0 0 0 6
12 0 0 0 0 -1 0 0 6 | 0 1 0 0 0 0 0 0 6
5 0 0 0 0 -1 0 0 4 | 0 1 0 0 -3 0 0 0 12
1 0 0 0 0 -1 0 0 6 | 0 1 0 0 -1 0 0 0 6
7 0 0 0 0 -1 0 0 12 | 0 -3 0 0 -1 0 0 0 12
17 0 0 0 0 -1 0 0 12 | 0 -3 0 0 1 0 0 0 12
1 0 0 0 0 0 0 0 2 | 0 5 0 0 0 0 0 0 6
3 0 0 0 0 -1 0 0 4 | 0 7 0 0 -3 0 0 0 12
9 0 0 0 0 -1 0 0 12 | 0 3 0 0 -1 0 0 0 4
-1 0 0 0 0 0 0 0 2 | 0 5 0 0 0 0 0 0 6
-3 0 0 0 0 -1 0 0 12 | 0 3 0 0 -1 0 0 0 4
-1 0 0 0 0 -1 0 0 12 | 0 3 0 0 1 0 0 0 12
-9 0 0 0 0 -1 0 0 12 | 0 1 0 0 -1 0 0 0 4
3 0 0 0 0 -1 0 0 4 | 0 -5 0 0 -3 0 0 0 12
3 0 0 0 0 -1 0 0 6 | 0 1 0 0 -3 0 0 0 6
1 0 0 0 0 0 0 0 2 | 0 2 0 0 -3 0 0 0 6
13 0 0 0 0 -1 0 0 12 | 0 3 0 0 -1 0 0 0 12
2 0 0 0 0 0 0 0 3 | 0 -1 0 0 -1 0 0 0 6
0 0 0 0 0 0 0 0 1 | 0 -1 0 0 -1 0 0 0 2
1 0 0 0 0 0 0 0 3 | 0 0 0 0 -1 0 0 0 3
19 0 0 0 0 -1 0 0 12 | 0 1 0 0 -1 0 0 0 12
7 0 0 0 0 0 0 0 6 | 0 -2 0 0 -1 0 0 0 6
13 0 0 0 0 -1 0 0 12 | 0 7 0 0 -1 0 0 0 12
13 0 0 0 0 -1 0 0 12 | 0 -5 0 0 -1 0 0 0 12
1 0 0 0 0 0 0 0 1 | 0 -1 0 0 -3 0 0 0 6
6 0 0 0 0 1 0 0 6 | 0 0 0 0 -1 0 0 0 2
19 0 0 0 0 1 0 0 12 | 0 -1 0 0 -1 0 0 0 12
7 0 0 0 0 0 0 0 6 | 0 2 0 0 -1 0 0 0 6
1 0 0 0 0 0 0 0 3 | 0 1 0 0 -1 0 0 0 3
1 0 0 0 0 1 0 0 4 | 0 7 0 0 -3 0 0 0 12
4 0 0 0 0 1 0 0 6 | 0 0 0 0 -1 0 0 0 6
9 0 0 0 0 1 0 0 12 | 0 -13 0 0 -3 0 0 0 12
13 0 0 0 0 1 0 0 12 | 0 -7 0 0 -1 0 0 0 12
17 0 0 0 0 1 0 0 12 | 0 -1 0 0 1 0 0 0 12
3 0 0 0 0 0 0 0 1 | 0 0 0 0 0 0 0 0 1
5 0 0 0 0 0 0 0 2 | 0 1 0 0 0 0 0 0 2
12 0 0 0 0 1 0 0 6 | 0 1 0 0 0 0 0 0 6
21 0 0 0 0 1 0 0 12 | 0 1 0 0 3 0 0 0 12
21 0 0 0 0 -1 0 0 12 | 0 -1 0 0 3 0 0 0 12
12 0 0 0 0 -1 0 0 6 | 0 -1 0 0 0 0 0 0 6
27 0 0 0 0 -1 0 0 12 | 0 -1 0 0 -3 0 0 0 12
19 0 0 0 0 -1 0 0 12 | 0 5 0 0 -1 0 0 0 12
7 0 0 0 0 0 0 0 6 | 0 0 0 0 -1 0 0 0 6
19 0 0 0 0 1 0 0 12 | 0 -5 0 0 -1 0 0 0 12
2 0 0 0 0 0 0 0 1 | 0 1 0 0 0 0 0 0 1
9 0 0 0 0 1 0 0 6 | 0 2 0 0 0 0 0 0 3
9 0 0 0 0 -1 0 0 6 | 0 1 0 0 0 0 0 0 3
21 0 0 0 0 -1 0 0 12 | 0 5 0 0 -3 0 0 0 12
21 0 0 0 0 1 0 0 12 | 0 7 0 0 -3 0 0 0 12
23 0 0 0 0 1 0 0 12 | 0 1 0 0 1 0 0 0 12
9 0 0 0 0 1 0 0 6 | 0 -1 0 0 0 0 0 0 3
15 0 0 0 0 -1 0 0 12 | 0 -7 0 0 3 0 0 0 12
9 0 0 0 0 -1 0 0 6 | 0 -2 0 0 0 0 0 0 3
21 0 0 0 0 -1 0 0 12 | 0 -7 0 0 -3 0 0 0 12
21 0 0 0 0 1 0 0 12 | 0 -5 0 0 -3 0 0 0 12
23 0 0 0 0 -1 0 0 12 | 0 -1 0 0 1 0 0 0 12
17 0 0 0 0 1 0 0 12 | 0 7 0 0 1 0 0 0 12
7 0 0 0 0 1 0 0 12 | 0 7 0 0 -1 0 0 0 12
9 0 0 0 0 -1 0 0 6 | 0 -1 0 0 -3 0 0 0 6
3 0 0 0 0 0 0 0 2 | 0 0 0 0 -1 0 0 0 2
25 0 0 0 0 1 0 0 12 | 0 1 0 0 -1 0 0 0 12
5 0 0 0 0 0 0 0 3 | 0 3 0 0 -1 0 0 0 6
5 0 0 0 0 1 0 0 12 | 0 1 0 0 -5 0 0 0 12
27 0 0 0 0 1 0 0 12 | 0 -5 0 0 3 0 0 0 12
6 0 0 0 0 1 0 0 6 | 0 7 0 0 0 0 0 0 6
9 0 0 0 0 -1 0 0 12 | 0 11 0 0 3 0 0 0 12
15 0 0 0 0 -1 0 0 12 | 0 11 0 0 -3 0 0 0 12
3 0 0 0 0 -1 0 0 12 | 0 11 0 0 -3 0 0 0 12
3 0 0 0 0 1 0 0 12 | 0 13 0 0 -3 0 0 0 12
3 0 0 0 0 1 0 0 4 | 0 3 0 0 -1 0 0 0 4
11 0 0 0 0 3 0 0 12 | 0 3 0 0 1 0 0 0 12
6 0 0 0 0 -1 0 0 6 | 0 2 0 0 -3 0 0 0 6
6 0 0 0 0 1 0 0 6 | 0 4 0 0 -3 0 0 0 6
19 0 0 0 0 1 0 0 12 | 0 7 0 0 -1 0 0 0 12
2 0 0 0 0 1 0 0 6 | 0 1 0 0 -2 0 0 0 6
7 0 0 0 0 1 0 0 6 | 0 1 0 0 -1 0 0 0 6
21 0 0 0 0 -1 0 0 12 | 0 11 0 0 3 0 0 0 12
7 0 0 0 0 -1 0 0 6 | 0 -1 0 0 -1 0 0 0 6
6 0 0 0 0 1 0 0 6 | 0 -2 0 0 -3 0 0 0 6
4 0 0 0 0 0 0 0 3 | 0 0 0 0 -1 0 0 0 3
33 0 0 0 0 1 0 0 12 | 0 -1 0 0 -3 0 0 0 12
33 0 0 0 0 -1 0 0 12 | 0 1 0 0 -3 0 0 0 12
2 0 0 0 0 0 0 0 1 | 0 1 0 0 -1 0 0 0 2
2 0 0 0 0 0 0 0 1 | 0 -1 0 0 -1 0 0 0 2
14 0 0 0 0 1 0 0 6 | 0 2 0 0 -1 0 0 0 6
25 0 0 0 0 -1 0 0 12 | 0 7 0 0 -5 0 0 0 12
19 0 0 0 0 1 0 0 12 | 0 11 0 0 -5 0 0 0 12
31 0 0 0 0 1 0 0 12 | 0 -1 0 0 -5 0 0 0 12
11 0 0 0 0 1 0 0 6 | 0 3 0 0 -1 0 0 0 6
11 0 0 0 0 0 0 0 6 | 0 2 0 0 -1 0 0 0 6
25 0 0 0 0 1 0 0 12 | 0 -7 0 0 -5 0 0 0 12
14 0 0 0 0 -1 0 0 6 | 0 -2 0 0 -1 0 0 0 6
31 0 0 0 0 -1 0 0 12 | 0 1 0 0 -5 0 0 0 12
11 0 0 0 0 0 0 0 6 | 0 -2 0 0 -1 0 0 0 6
11 0 0 0 0 -1 0 0 6 | 0 -3 0 0 -1 0 0 0 6
23 0 0 0 0 3 0 0 12 | 0 -3 0 0 -1 0 0 0 12
13 0 0 0 0 1 0 0 6 | 0 1 0 0 -1 0 0 0 3
7 0 0 0 0 1 0 0 6 | 0 -2 0 0 -1 0 0 0 3
17 0 0 0 0 3 0 0 12 | 0 -1 0 0 -1 0 0 0 12
13 0 0 0 0 1 0 0 6 | 0 -1 0 0 1 0 0 0 6
13 0 0 0 0 0 0 0 6 | 0 0 0 0 1 0 0 0 6
35 0 0 0 0 1 0 0 12 | 0 -1 0 0 -1 0 0 0 12
29 0 0 0 0 1 0 0 12 | 0 -7 0 0 -1 0 0 0 12
23 0 0 0 0 3 0 0 12 | 0 1 0 0 -1 0 0 0 12
23 0 0 0 0 -1 0 0 12 | 0 -3 0 0 -1 0 0 0 12
13 0 0 0 0 0 0 0 6 | 0 -1 0 0 -2 0 0 0 6
13 0 0 0 0 1 0 0 6 | 0 0 0 0 -1 0 0 0 3
7 0 0 0 0 0 0 0 3 | 0 1 0 0 0 0 0 0 3
13 0 0 0 0 -1 0 0 6 | 0 1 0 0 1 0 0 0 6
23 0 0 0 0 -3 0 0 12 | 0 3 0 0 -1 0 0 0 12
35 0 0 0 0 -1 0 0 12 | 0 1 0 0 -1 0 0 0 12
29 0 0 0 0 -1 0 0 12 | 0 7 0 0 -1 0 0 0 12
23 0 0 0 0 1 0 0 12 | 0 3 0 0 -1 0 0 0 12
5 0 0 0 0 0 0 0 3 | 0 1 0 0 1 0 0 0 6
23 0 0 0 0 -3 0 0 12 | 0 -1 0 0 -1 0 0 0 12
13 0 0 0 0 0 0 0 6 | 0 1 0 0 -2 0 0 0 6
7 0 0 0 0 -1 0 0 6 | 0 2 0 0 -1 0 0 0 3
13 0 0 0 0 -1 0 0 6 | 0 -1 0 0 -1 0 0 0 3
17 0 0 0 0 -3 0 0 12 | 0 1 0 0 -1 0 0 0 12
23 0 0 0 0 -1 0 0 12 | 0 3 0 0 -7 0 0 0 12
11 0 0 0 0 -1 0 0 12 | 0 7 0 0 -7 0 0 0 12
23 0 0 0 0 -1 0 0 12 | 0 -5 0 0 -7 0 0 0 12
23 0 0 0 0 1 0 0 12 | 0 5 0 0 -7 0 0 0 12
11 0 0 0 0 1 0 0 12 | 0 -7 0 0 -7 0 0 0 12
29 0 0 0 0 1 0 0 12 | 0 1 0 0 -1 0 0 0 12
29 0 0 0 0 -1 0 0 12 | 0 -1 0 0 -1 0 0 0 12
23 0 0 0 0 1 0 0 12 | 0 7 0 0 -1 0 0 0 12
23 0 0 0 0 -1 0 0 12 | 0 5 0 0 -1 0 0 0 12
13 0 0 0 0 -1 0 0 6 | 0 1 0 0 -1 0 0 0 3
7 0 0 0 0 -1 0 0 6 | 0 1 0 0 -1 0 0 0 3
2 0 0 0 0 0 0 0 1 | 0 3 0 0 -1 0 0 0 6
9 0 0 0 0 1 0 0 12 | 0 1 0 0 -5 0 0 0 12
19 0 0 0 0 1 0 0 12 | 0 1 0 0 -3 0 0 0 12
3 0 0 0 0 0 0 0 2 | 0 0 0 0 -1 0 0 0 6
13 0 0 0 0 -1 0 0 12 | 0 5 0 0 -3 0 0 0 12
13 0 0 0 0 1 0 0 12 | 0 -5 0 0 -3 0 0 0 12
7 0 0 0 0 1 0 0 6 | 0 -1 0 0 -1 0 0 0 3
7 0 0 0 0 -1 0 0 6 | 0 -2 0 0 -1 0 0 0 3
2 0 0 0 0 0 0 0 1 | 0 -3 0 0 -1 0 0 0 6
19 0 0 0 0 -1 0 0 12 | 0 -1 0 0 -3 0 0 0 12
9 0 0 0 0 -1 0 0 12 | 0 -1 0 0 -5 0 0 0 12
23 0 0 0 0 1 0 0 12 | 0 -5 0 0 -1 0 0 0 12
6 0 0 0 0 1 0 0 6 | 0 -2 0 0 -1 0 0 0 6
6 0 0 0 0 -1 0 0 6 | 0 2 0 0 -1 0 0 0 6
10 0 0 0 0 0 0 0 3 | 0 0 0 0 0 0 0 0 1
35 0 0 0 0 -1 0 0 12 | 0 5 0 0 -1 0 0 0 12
35 0 0 0 0 1 0 0 12 | 0 -5 0 0 -1 0 0 0 12
15 0 0 0 0 -1 0 0 6 | 0 5 0 0 -1 0 0 0 6
10 0 0 0 0 -1 0 0 6 | 0 5 0 0 -2 0 0 0 6
10 0 0 0 0 1 0 0 6 | 0 -5 0 0 -2 0 0 0 6
23 0 0 0 0 3 0 0 12 | 0 9 0 0 -1 0 0 0 12
17 0 0 0 0 3 0 0 12 | 0 11 0 0 -1 0 0 0 12
17 0 0 0 0 1 0 0 12 | 0 9 0 0 -1 0 0 0 12
9 0 0 0 0 2 0 0 6 | 0 1 0 0 0 0 0 0 6
7 0 0 0 0 1 0 0 4 | 0 3 0 0 -1 0 0 0 4
7 0 0 0 0 1 0 0 4 | 0 1 0 0 1 0 0 0 4
15 0 0 0 0 1 0 0 6 | 0 1 0 0 0 0 0 0 3
12 0 0 0 0 1 0 0 6 | 0 5 0 0 0 0 0 0 6
5 0 0 0 0 1 0 0 4 | 0 5 0 0 3 0 0 0 12
21 0 0 0 0 1 0 0 12 | 0 1 0 0 -1 0 0 0 4
7 0 0 0 0 1 0 0 4 | 0 5 0 0 -3 0 0 0 12
13 0 0 0 0 1 0 0 12 | 0 9 0 0 -1 0 0 0 12
6 0 0 0 0 -1 0 0 6 | 0 4 0 0 -3 0 0 0 6
27 0 0 0 0 -1 0 0 12 | 0 7 0 0 -3 0 0 0 12
15 0 0 0 0 1 0 0 12 | 0 3 0 0 -1 0 0 0 4
5 0 0 0 0 -1 0 0 4 | 0 5 0 0 -3 0 0 0 12
3 0 0 0 0 0 0 0 2 | 0 4 0 0 -3 0 0 0 6
5 0 0 0 0 0 0 0 3 | 0 1 0 0 -1 0 0 0 6
17 0 0 0 0 1 0 0 12 | 0 1 0 0 -5 0 0 0 12
12 0 0 0 0 1 0 0 6 | 0 2 0 0 -3 0 0 0 6
9 0 0 0 0 1 0 0 6 | 0 5 0 0 -3 0 0 0 6
3 0 0 0 0 1 0 0 6 | 0 5 0 0 -3 0 0 0 6
9 0 0 0 0 1 0 0 6 | 0 -1 0 0 -3 0 0 0 6
12 0 0 0 0 1 0 0 6 | 0 1 0 0 0 0 0 0 2
2 0 0 0 0 0 0 0 1 | 0 1 0 0 0 0 0 0 3
27 0 0 0 0 -1 0 0 12 | 0 1 0 0 -1 0 0 0 4
9 0 0 0 0 1 0 0 6 | 0 1 0 0 0 0 0 0 1
3 0 0 0 0 0 0 0 2 | 0 5 0 0 0 0 0 0 6
21 0 0 0 0 -1 0 0 12 | 0 3 0 0 -1 0 0 0 4
3 0 0 0 0 1 0 0 6 | 0 1 0 0 0 0 0 0 1
1 0 0 0 0 0 0 0 1 | 0 5 0 0 -3 0 0 0 6
7 0 0 0 0 1 0 0 6 | 0 3 0 0 -1 0 0 0 6
27 0 0 0 0 1 0 0 12 | 0 -7 0 0 -3 0 0 0 12
21 0 0 0 0 -1 0 0 12 | 0 -1 0 0 -1 0 0 0 4
2 0 0 0 0 0 0 0 1 | 0 -1 0 0 -3 0 0 0 6
11 0 0 0 0 1 0 0 12 | 0 -1 0 0 -5 0 0 0 12
5 0 0 0 0 0 0 0 3 | 0 -1 0 0 -1 0 0 0 6
5 0 0 0 0 0 0 0 2 | 0 5 0 0 0 0 0 0 6
15 0 0 0 0 1 0 0 6 | 0 0 0 0 0 0 0 0 1
15 0 0 0 0 -1 0 0 12 | 0 5 0 0 -1 0 0 0 4
5 0 0 0 0 1 0 0 4 | 0 -5 0 0 -3 0 0 0 12
17 0 0 0 0 -1 0 0 12 | 0 -9 0 0 -1 0 0 0 12
15 0 0 0 0 -1 0 0 6 | 0 -1 0 0 0 0 0 0 3
9 0 0 0 0 -1 0 0 4 | 0 -1 0 0 -1 0 0 0 4
7 0 0 0 0 -1 0 0 4 | 0 1 0 0 -1 0 0 0 4
12 0 0 0 0 -1 0 0 6 | 0 -2 0 0 -3 0 0 0 6
27 0 0 0 0 1 0 0 12 | 0 -1 0 0 -1 0 0 0 4
2 0 0 0 0 0 0 0 1 | 0 -1 0 0 0 0 0 0 3
2 0 0 0 0 0 0 0 1 | 0 1 0 0 -3 0 0 0 6
4 0 0 0 0 0 0 0 3 | 0 -1 0 0 -1 0 0 0 3
21 0 0 0 0 1 0 0 12 | 0 -3 0 0 -1 0 0 0 4
15 0 0 0 0 -1 0 0 6 | 0 0 0 0 0 0 0 0 1
4 0 0 0 0 1 0 0 3 | 0 1 0 0 -1 0 0 0 6
1 0 0 0 0 1 0 0 3 | 0 1 0 0 -1 0 0 0 6
7 0 0 0 0 3 0 0 12 | 0 -5 0 0 1 0 0 0 12
5 0 0 0 0 1 0 0 6 | 0 -3 0 0 -1 0 0 0 6
13 0 0 0 0 3 0 0 12 | 0 -5 0 0 -5 0 0 0 12
5 0 0 0 0 1 0 0 4 | 0 1 0 0 -1 0 0 0 12
19 0 0 0 0 3 0 0 12 | 0 3 0 0 1 0 0 0 12
4 0 0 0 0 1 0 0 3 | 0 -1 0 0 -1 0 0 0 6
9 0 0 0 0 1 0 0 6 | 0 1 0 0 1 0 0 0 6
4 0 0 0 0 1 0 0 6 | 0 1 0 0 0 0 0 0 6
1 0 0 0 0 3 0 0 12 | 0 3 0 0 -5 0 0 0 12
1 0 0 0 0 1 0 0 3 | 0 -1 0 0 -1 0 0 0 6
6 0 0 0 0 1 0 0 6 | 0 1 0 0 -2 0 0 0 6
17 0 0 0 0 1 0 0 6 | 0 -1 0 0 -1 0 0 0 6
19 0 0 0 0 3 0 0 12 | 0 -1 0 0 1 0 0 0 12
27 0 0 0 0 1 0 0 12 | 0 3 0 0 -1 0 0 0 12
4 0 0 0 0 1 0 0 3 | 0 3 0 0 -1 0 0 0 6
13 0 0 0 0 3 0 0 12 | 0 5 0 0 1 0 0 0 12
19 0 0 0 0 1 0 0 12 | 0 3 0 0 -5 0 0 0 12
19 0 0 0 0 3 0 0 12 | 0 5 0 0 -5 0 0 0 12
11 0 0 0 0 1 0 0 12 | 0 3 0 0 -1 0 0 0 4
7 0 0 0 0 3 0 0 12 | 0 5 0 0 -5 0 0 0 12
7 0 0 0 0 1 0 0 6 | 0 1 0 0 0 0 0 0 3
9 0 0 0 0 1 0 0 12 | 0 9 0 0 -1 0 0 0 12
1 0 0 0 0 3 0 0 12 | 0 -1 0 0 -5 0 0 0 12
1 0 0 0 0 3 0 0 12 | 0 -7 0 0 1 0 0 0 12
7 0 0 0 0 1 0 0 12 | 0 -9 0 0 -5 0 0 0 12
9 0 0 0 0 1 0 0 12 | 0 -3 0 0 -1 0 0 0 12
-1 0 0 0 0 1 0 0 12 | 0 -1 0 0 -1 0 0 0 4
13 0 0 0 0 1 0 0 12 | 0 -9 0 0 1 0 0 0 12
4 0 0 0 0 0 0 0 3 | 0 -5 0 0 -1 0 0 0 6
19 0 0 0 0 1 0 0 12 | 0 -9 0 0 -5 0 0 0 12
21 0 0 0 0 1 0 0 12 | 0 -3 0 0 -1 0 0 0 12
11 0 0 0 0 1 0 0 12 | 0 -1 0 0 -1 0 0 0 4
6 0 0 0 0 1 0 0 6 | 0 2 0 0 1 0 0 0 6
17 0 0 0 0 1 0 0 12 | 0 -1 0 0 1 0 0 0 4
1 0 0 0 0 0 0 0 1 | 0 1 0 0 1 0 0 0 6
1 0 0 0 0 0 0 0 6 | 0 1 0 0 0 0 0 0 6
-3 0 0 0 0 1 0 0 12 | 0 -3 0 0 -1 0 0 0 12
15 0 0 0 0 -1 0 0 12 | 0 1 0 0 -1 0 0 0 12
5 0 0 0 0 -1 0 0 12 | 0 1 0 0 -3 0 0 0 12
0 0 0 0 0 0 0 0 1 | 0 -1 0 0 -1 0 0 0 3
8 0 0 0 0 1 0 0 6 | 0 -1 0 0 -4 0 0 0 6
23 0 0 0 0 1 0 0 12 | 0 -1 0 0 -1 0 0 0 4
3 0 0 0 0 0 0 0 2 | 0 1 0 0 -2 0 0 0 6
9 0 0 0 0 1 0 0 6 | 0 1 0 0 -1 0 0 0 3
5 0 0 0 0 0 0 0 3 | 0 2 0 0 0 0 0 0 3
11 0 0 0 0 1 0 0 6 | 0 1 0 0 1 0 0 0 3
5 0 0 0 0 1 0 0 6 | 0 -2 0 0 1 0 0 0 3
4 0 0 0 0 0 0 0 3 | 0 -1 0 0 1 0 0 0 3
11 0 0 0 0 1 0 0 12 | 0 1 0 0 1 0 0 0 4
3 0 0 0 0 1 0 0 6 | 0 -1 0 0 1 0 0 0 6
7 0 0 0 0 0 0 0 3 | 0 0 0 0 1 0 0 0 3
11 0 0 0 0 0 0 0 6 | 0 3 0 0 2 0 0 0 6
11 0 0 0 0 0 0 0 6 | 0 -3 0 0 2 0 0 0 6
8 0 0 0 0 1 0 0 6 | 0 1 0 0 2 0 0 0 6
8 0 0 0 0 -1 0 0 6 | 0 -1 0 0 2 0 0 0 6
31 0 0 0 0 1 0 0 12 | 0 5 0 0 1 0 0 0 12
11 0 0 0 0 1 0 0 6 | 0 0 0 0 1 0 0 0 3
7 0 0 0 0 0 0 0 3 | 0 -1 0 0 -1 0 0 0 6
14 0 0 0 0 1 0 0 6 | 0 0 0 0 -1 0 0 0 6
25 0 0 0 0 1 0 0 12 | 0 11 0 0 1 0 0 0 12
8 0 0 0 0 1 0 0 6 | 0 3 0 0 2 0 0 0 6
19 0 0 0 0 -1 0 0 12 | 0 3 0 0 1 0 0 0 12
7 0 0 0 0 0 0 0 6 | 0 5 0 0 0 0 0 0 6
9 0 0 0 0 1 0 0 12 | 0 5 0 0 -1 0 0 0 12
7 0 0 0 0 1 0 0 6 | 0 0 0 0 0 0 0 0 1
13 0 0 0 0 1 0 0 12 | 0 -13 0 0 1 0 0 0 12
2 0 0 0 0 1 0 0 6 | 0 -3 0 0 2 0 0 0 6
1 0 0 0 0 0 0 0 3 | 0 -2 0 0 1 0 0 0 3
1 0 0 0 0 0 0 0 6 | 0 -1 0 0 0 0 0 0 6
8 0 0 0 0 1 0 0 6 | 0 -3 0 0 2 0 0 0 6
19 0 0 0 0 -1 0 0 12 | 0 -9 0 0 1 0 0 0 12
11 0 0 0 0 0 0 0 6 | 0 -4 0 0 -1 0 0 0 6
11 0 0 0 0 1 0 0 6 | 0 -3 0 0 -1 0 0 0 6
7 0 0 0 0 0 0 0 6 | 0 -1 0 0 0 0 0 0 6
7 0 0 0 0 1 0 0 12 | 0 -1 0 0 7 0 0 0 12
13 0 0 0 0 -3 0 0 12 | 0 -5 0 0 1 0 0 0 12
4 0 0 0 0 -1 0 0 6 | 0 1 0 0 0 0 0 0 6
3 0 0 0 0 -1 0 0 12 | 0 -3 0 0 -1 0 0 0 12
2 0 0 0 0 0 0 0 3 | 0 -2 0 0 0 0 0 0 3
19 0 0 0 0 -1 0 0 12 | 0 -3 0 0 -5 0 0 0 12
21 0 0 0 0 -1 0 0 12 | 0 3 0 0 -1 0 0 0 12
11 0 0 0 0 -1 0 0 12 | 0 1 0 0 -1 0 0 0 4
19 0 0 0 0 3 0 0 12 | 0 1 0 0 -5 0 0 0 12
21 0 0 0 0 1 0 0 12 | 0 5 0 0 -1 0 0 0 12
11 0 0 0 0 1 0 0 12 | 0 5 0 0 -3 0 0 0 12
7 0 0 0 0 0 0 0 3 | 0 1 0 0 1 0 0 0 3
13 0 0 0 0 -1 0 0 12 | 0 9 0 0 1 0 0 0 12
11 0 0 0 0 -1 0 0 6 | 0 2 0 0 1 0 0 0 3
11 0 0 0 0 -1 0 0 6 | 0 -1 0 0 1 0 0 0 3
19 0 0 0 0 -3 0 0 12 | 0 1 0 0 1 0 0 0 12
3 0 0 0 0 -1 0 0 6 | 0 1 0 0 1 0 0 0 6
25 0 0 0 0 -3 0 0 12 | 0 3 0 0 1 0 0 0 12
7 0 0 0 0 -3 0 0 12 | 0 9 0 0 1 0 0 0 12
19 0 0 0 0 -3 0 0 12 | 0 -3 0 0 1 0 0 0 12
5 0 0 0 0 -1 0 0 6 | 0 1 0 0 1 0 0 0 3
1 0 0 0 0 -1 0 0 4 | 0 3 0 0 -1 0 0 0 12
4 0 0 0 0 -1 0 0 6 | 0 -1 0 0 0 0 0 0 6
31 0 0 0 0 -1 0 0 12 | 0 7 0 0 1 0 0 0 12
31 0 0 0 0 -1 0 0 12 | 0 -5 0 0 1 0 0 0 12
11 0 0 0 0 -1 0 0 6 | 0 0 0 0 1 0 0 0 3
25 0 0 0 0 -3 0 0 12 | 0 -1 0 0 1 0 0 0 12
14 0 0 0 0 -1 0 0 6 | 0 0 0 0 -1 0 0 0 6
7 0 0 0 0 0 0 0 3 | 0 1 0 0 -1 0 0 0 6
13 0 0 0 0 -1 0 0 12 | 0 13 0 0 1 0 0 0 12
19 0 0 0 0 1 0 0 12 | 0 9 0 0 1 0 0 0 12
4 0 0 0 0 0 0 0 3 | 0 2 0 0 1 0 0 0 3
8 0 0 0 0 -1 0 0 6 | 0 3 0 0 2 0 0 0 6
19 0 0 0 0 -3 0 0 12 | 0 5 0 0 1 0 0 0 12
9 0 0 0 0 -1 0 0 12 | 0 7 0 0 -1 0 0 0 12
7 0 0 0 0 0 0 0 6 | 0 1 0 0 0 0 0 0 6
2 0 0 0 0 0 0 0 1 | 0 1 0 0 1 0 0 0 6
2 0 0 0 0 -1 0 0 6 | 0 3 0 0 2 0 0 0 6
7 0 0 0 0 -3 0 0 12 | 0 5 0 0 1 0 0 0 12
5 0 0 0 0 -1 0 0 6 | 0 3 0 0 -1 0 0 0 6
-3 0 0 0 0 -1 0 0 12 | 0 7 0 0 -1 0 0 0 12
7 0 0 0 0 -1 0 0 6 | 0 0 0 0 0 0 0 0 1
9 0 0 0 0 -1 0 0 12 | 0 -5 0 0 -1 0 0 0 12
3 0 0 0 0 0 0 0 2 | 0 4 0 0 1 0 0 0 6
2 0 0 0 0 0 0 0 3 | 0 2 0 0 0 0 0 0 3
4 0 0 0 0 -1 0 0 3 | 0 -1 0 0 -1 0 0 0 6
19 0 0 0 0 -3 0 0 12 | 0 -1 0 0 -5 0 0 0 12
11 0 0 0 0 -1 0 0 12 | 0 -5 0 0 -3 0 0 0 12
21 0 0 0 0 -1 0 0 12 | 0 -5 0 0 -1 0 0 0 12
21 0 0 0 0 -1 0 0 12 | 0 7 0 0 -1 0 0 0 12
11 0 0 0 0 -1 0 0 12 | 0 7 0 0 -3 0 0 0 12
1 0 0 0 0 0 0 0 2 | 0 1 0 0 -2 0 0 0 6
11 0 0 0 0 -2 0 0 6 | 0 2 0 0 -1 0 0 0 6
19 0 0 0 0 -3 0 0 12 | 0 3 0 0 -5 0 0 0 12
13 0 0 0 0 -3 0 0 12 | 0 9 0 0 -5 0 0 0 12
1 0 0 0 0 -3 0 0 12 | 0 9 0 0 -5 0 0 0 12
1 0 0 0 0 -3 0 0 12 | 0 -3 0 0 -5 0 0 0 12
6 0 0 0 0 -1 0 0 6 | 0 -1 0 0 -2 0 0 0 6
14 0 0 0 0 -1 0 0 6 | 0 4 0 0 -1 0 0 0 6
17 0 0 0 0 -1 0 0 12 | 0 -1 0 0 -1 0 0 0 4
19 0 0 0 0 -1 0 0 12 | 0 9 0 0 -5 0 0 0 12
1 0 0 0 0 -3 0 0 12 | 0 7 0 0 1 0 0 0 12
7 0 0 0 0 -1 0 0 12 | 0 9 0 0 -5 0 0 0 12
9 0 0 0 0 -1 0 0 12 | 0 3 0 0 -1 0 0 0 12
15 0 0 0 0 -1 0 0 12 | 0 9 0 0 -1 0 0 0 12
0 0 0 0 0 0 0 0 1 | 0 1 0 0 -1 0 0 0 3
17 0 0 0 0 -1 0 0 12 | 0 1 0 0 1 0 0 0 4
4 0 0 0 0 0 0 0 3 | 0 1 0 0 -2 0 0 0 3
23 0 0 0 0 -1 0 0 12 | 0 1 0 0 -1 0 0 0 4
3 0 0 0 0 0 0 0 2 | 0 -1 0 0 -2 0 0 0 6
5 0 0 0 0 0 0 0 3 | 0 -2 0 0 0 0 0 0 3
7 0 0 0 0 0 0 0 6 | 0 0 0 0 -1 0 0 0 2
23 0 0 0 0 -1 0 0 12 | 0 7 0 0 -3 0 0 0 12
1 0 0 0 0 1 0 0 12 | 0 9 0 0 -5 0 0 0 12
1 0 0 0 0 0 0 0 1 | 0 2 0 0 -1 0 0 0 3
-1 0 0 0 0 -1 0 0 12 | 0 7 0 0 -3 0 0 0 12
27 0 0 0 0 -1 0 0 12 | 0 1 0 0 -1 0 0 0 12
29 0 0 0 0 1 0 0 12 | 0 -1 0 0 -3 0 0 0 12
2 0 0 0 0 0 0 0 1 | 0 1 0 0 -1 0 0 0 3
13 0 0 0 0 3 0 0 12 | 0 7 0 0 -5 0 0 0 12
23 0 0 0 0 1 0 0 12 | 0 5 0 0 -3 0 0 0 12
1 0 0 0 0 0 0 0 2 | 0 5 0 0 -2 0 0 0 6
1 0 0 0 0 -1 0 0 12 | 0 -9 0 0 -5 0 0 0 12
17 0 0 0 0 3 0 0 12 | 0 1 0 0 -3 0 0 0 12
6 0 0 0 0 1 0 0 6 | 0 3 0 0 -2 0 0 0 6
-1 0 0 0 0 1 0 0 12 | 0 5 0 0 -3 0 0 0 12
27 0 0 0 0 1 0 0 12 | 0 -1 0 0 -1 0 0 0 12
17 0 0 0 0 1 0 0 6 | 0 1 0 0 -1 0 0 0 6
31 0 0 0 0 1 0 0 12 | 0 1 0 0 1 0 0 0 12
31 0 0 0 0 -1 0 0 12 | 0 -1 0 0 1 0 0 0 12
17 0 0 0 0 -1 0 0 6 | 0 -1 0 0 -1 0 0 0 6
29 0 0 0 0 -1 0 0 12 | 0 5 0 0 -3 0 0 0 12
2 0 0 0 0 0 0 0 1 | 0 0 0 0 -1 0 0 0 3
14 0 0 0 0 1 0 0 6 | 0 4 0 0 -1 0 0 0 6
25 0 0 0 0 1 0 0 12 | 0 7 0 0 1 0 0 0 12
19 0 0 0 0 0 0 0 6 | 0 1 0 0 0 0 0 0 2
33 0 0 0 0 -1 0 0 12 | 0 11 0 0 -1 0 0 0 12
23 0 0 0 0 -1 0 0 12 | 0 11 0 0 -3 0 0 0 12
14 0 0 0 0 1 0 0 6 | 0 -2 0 0 -1 0 0 0 6
25 0 0 0 0 -1 0 0 12 | 0 -7 0 0 1 0 0 0 12
14 0 0 0 0 -1 0 0 6 | 0 -4 0 0 -1 0 0 0 6
33 0 0 0 0 -1 0 0 12 | 0 -1 0 0 -1 0 0 0 12
7 0 0 0 0 1 0 0 6 | 0 -1 0 0 0 0 0 0 3
7 0 0 0 0 -1 0 0 6 | 0 1 0 0 0 0 0 0 3
2 0 0 0 0 0 0 0 1 | 0 -3 0 0 1 0 0 0 6
17 0 0 0 0 -1 0 0 12 | 0 -7 0 0 -3 0 0 0 12
7 0 0 0 0 0 0 0 3 | 0 0 0 0 -2 0 0 0 3
37 0 0 0 0 1 0 0 12 | 0 -5 0 0 1 0 0 0 12
1 0 0 0 0 0 0 0 6 | 0 0 0 0 -1 0 0 0 2
11 0 0 0 0 1 0 0 6 | 0 -5 0 0 -1 0 0 0 6
19 0 0 0 0 1 0 0 12 | 0 13 0 0 1 0 0 0 12
19 0 0 0 0 -1 0 0 12 | 0 11 0 0 1 0 0 0 12
7 0 0 0 0 1 0 0 12 | 0 13 0 0 1 0 0 0 12
13 0 0 0 0 -1 0 0 12 | 0 11 0 0 -5 0 0 0 12
5 0 0 0 0 0 0 0 3 | 0 1 0 0 0 0 0 0 1
19 0 0 0 0 3 0 0 12 | 0 9 0 0 -5 0 0 0 12
2 0 0 0 0 0 0 0 3 | 0 1 0 0 0 0 0 0 1
3 0 0 0 0 1 0 0 12 | 0 7 0 0 -1 0 0 0 12
3 0 0 0 0 0 0 0 2 | 0 0 0 0 1 0 0 0 6
13 0 0 0 0 -1 0 0 6 | 0 1 0 0 0 0 0 0 3
3 0 0 0 0 -1 0 0 6 | 0 1 0 0 -1 0 0 0 3
12 0 0 0 0 1 0 0 6 | 0 1 0 0 -2 0 0 0 6
31 0 0 0 0 -1 0 0 12 | 0 11 0 0 1 0 0 0 12
1 0 0 0 0 -1 0 0 12 | 0 11 0 0 -5 0 0 0 12
13 0 0 0 0 1 0 0 6 | 0 -1 0 0 0 0 0 0 3
-5 0 0 0 0 -1 0 0 12 | 0 11 0 0 1 0 0 0 12
-1 0 0 0 0 -1 0 0 6 | 0 5 0 0 -1 0 0 0 6
-2 0 0 0 0 1 0 0 6 | 0 1 0 0 0 0 0 0 6
3 0 0 0 0 1 0 0 6 | 0 1 0 0 1 0 0 0 6
-1 0 0 0 0 0 0 0 3 | 0 0 0 0 0 0 0 0 1
0 0 0 0 0 0 0 0 1 | 0 3 0 0 1 0 0 0 6
5 0 0 0 0 -1 0 0 12 | 0 -1 0 0 3 0 0 0 12
0 0 0 0 0 -1 0 0 6 | 0 2 0 0 1 0 0 0 6
3 0 0 0 0 -1 0 0 12 | 0 -7 0 0 -1 0 0 0 12
-1 0 0 0 0 1 0 0 6 | 0 -5 0 0 -1 0 0 0 6
7 0 0 0 0 1 0 0 12 | 0 -11 0 0 1 0 0 0 12
7 0 0 0 0 -1 0 0 12 | 0 -13 0 0 1 0 0 0 12
13 0 0 0 0 1 0 0 12 | 0 -11 0 0 -5 0 0 0 12
6 0 0 0 0 1 0 0 6 | 0 4 0 0 1 0 0 0 6
11 0 0 0 0 -1 0 0 6 | 0 1 0 0 1 0 0 0 3
17 0 0 0 0 3 0 0 12 | 0 15 0 0 -1 0 0 0 12
5 0 0 0 0 1 0 0 12 | 0 13 0 0 -1 0 0 0 12
8 0 0 0 0 1 0 0 6 | 0 5 0 0 2 0 0 0 6
25 0 0 0 0 3 0 0 12 | 0 9 0 0 1 0 0 0 12
19 0 0 0 0 3 0 0 12 | 0 15 0 0 1 0 0 0 12
4 0 0 0 0 0 0 0 3 | 0 3 0 0 1 0 0 0 3
8 0 0 0 0 1 0 0 6 | 0 6 0 0 -1 0 0 0 6
19 0 0 0 0 3 0 0 12 | 0 11 0 0 1 0 0 0 12
25 0 0 0 0 1 0 0 12 | 0 9 0 0 -5 0 0 0 12
4 0 0 0 0 0 0 0 3 | 0 7 0 0 -1 0 0 0 6
1 0 0 0 0 0 0 0 3 | 0 7 0 0 -1 0 0 0 6
23 0 0 0 0 1 0 0 12 | 0 3 0 0 -1 0 0 0 4
25 0 0 0 0 3 0 0 12 | 0 5 0 0 1 0 0 0 12
5 0 0 0 0 1 0 0 4 | 0 3 0 0 1 0 0 0 4
1 0 0 0 0 0 0 0 2 | 0 7 0 0 0 0 0 0 6
7 0 0 0 0 2 0 0 6 | 0 4 0 0 1 0 0 0 6
29 0 0 0 0 3 0 0 12 | 0 3 0 0 -1 0 0 0 12
2 0 0 0 0 1 0 0 6 | 0 1 0 0 0 0 0 0 6
17 0 0 0 0 3 0 0 12 | 0 -9 0 0 -1 0 0 0 12
-1 0 0 0 0 3 0 0 12 | 0 3 0 0 5 0 0 0 12
15 0 0 0 0 1 0 0 12 | 0 1 0 0 1 0 0 0 12
5 0 0 0 0 0 0 0 6 | 0 1 0 0 0 0 0 0 2
0 0 0 0 0 0 0 0 1 | 0 3 0 0 -1 0 0 0 6
5 0 0 0 0 1 0 0 6 | 0 -1 0 0 0 0 0 0 3
9 0 0 0 0 1 0 0 6 | 0 1 0 0 -1 0 0 0 6
10 0 0 0 0 1 0 0 6 | 0 4 0 0 1 0 0 0 6
11 0 0 0 0 1 0 0 12 | 0 1 0 0 5 0 0 0 12
23 0 0 0 0 1 0 0 12 | 0 5 0 0 5 0 0 0 12
17 0 0 0 0 1 0 0 12 | 0 -1 0 0 5 0 0 0 12
11 0 0 0 0 -1 0 0 12 | 0 3 0 0 5 0 0 0 12
1 0 0 0 0 1 0 0 12 | 0 5 0 0 3 0 0 0 12
17 0 0 0 0 1 0 0 12 | 0 3 0 0 5 0 0 0 12
23 0 0 0 0 3 0 0 12 | 0 5 0 0 -1 0 0 0 12
5 0 0 0 0 1 0 0 6 | 0 1 0 0 0 0 0 0 3
11 0 0 0 0 1 0 0 12 | 0 9 0 0 5 0 0 0 12
7 0 0 0 0 0 0 0 6 | 0 4 0 0 1 0 0 0 6
7 0 0 0 0 1 0 0 12 | 0 1 0 0 1 0 0 0 4
10 0 0 0 0 1 0 0 6 | 0 -4 0 0 1 0 0 0 6
11 0 0 0 0 1 0 0 12 | 0 -3 0 0 5 0 0 0 12
19 0 0 0 0 1 0 0 12 | 0 1 0 0 1 0 0 0 4
9 0 0 0 0 1 0 0 12 | 0 3 0 0 1 0 0 0 12
2 0 0 0 0 1 0 0 6 | 0 -1 0 0 0 0 0 0 6
3 0 0 0 0 -1 0 0 12 | 0 7 0 0 1 0 0 0 12
3 0 0 0 0 1 0 0 12 | 0 -3 0 0 1 0 0 0 12
13 0 0 0 0 1 0 0 12 | 0 -1 0 0 1 0 0 0 4
21 0 0 0 0 1 0 0 12 | 0 3 0 0 1 0 0 0 12
4 0 0 0 0 0 0 0 3 | 0 2 0 0 0 0 0 0 3
1 0 0 0 0 0 0 0 2 | 0 4 0 0 -1 0 0 0 6
3 0 0 0 0 1 0 0 6 | 0 -1 0 0 -1 0 0 0 6
8 0 0 0 0 1 0 0 6 | 0 -1 0 0 0 0 0 0 6
17 0 0 0 0 -1 0 0 12 | 0 1 0 0 5 0 0 0 12
7 0 0 0 0 -1 0 0 6 | 0 3 0 0 1 0 0 0 6
10 0 0 0 0 -1 0 0 6 | 0 4 0 0 1 0 0 0 6
3 0 0 0 0 -1 0 0 12 | 0 3 0 0 1 0 0 0 12
13 0 0 0 0 -1 0 0 12 | 0 1 0 0 1 0 0 0 4
8 0 0 0 0 0 0 0 3 | 0 3 0 0 1 0 0 0 6
17 0 0 0 0 -1 0 0 12 | 0 5 0 0 5 0 0 0 12
10 0 0 0 0 -1 0 0 6 | 0 2 0 0 1 0 0 0 6
7 0 0 0 0 -1 0 0 6 | 0 5 0 0 1 0 0 0 6
17 0 0 0 0 -1 0 0 12 | 0 11 0 0 -1 0 0 0 12
17 0 0 0 0 1 0 0 12 | 0 13 0 0 -1 0 0 0 12
9 0 0 0 0 1 0 0 12 | 0 7 0 0 1 0 0 0 12
5 0 0 0 0 -1 0 0 12 | 0 11 0 0 -1 0 0 0 12
9 0 0 0 0 -1 0 0 12 | 0 5 0 0 1 0 0 0 12
1 0 0 0 0 0 0 0 3 | 0 0 0 0 0 0 0 0 1
9 0 0 0 0 1 0 0 12 | 0 -5 0 0 1 0 0 0 12
1 0 0 0 0 -1 0 0 12 | 0 5 0 0 -3 0 0 0 12
1 0 0 0 0 0 0 0 2 | 0 0 0 0 -1 0 0 0 6
4 0 0 0 0 0 0 0 3 | 0 0 0 0 0 0 0 0 1
17 0 0 0 0 -3 0 0 12 | 0 9 0 0 -1 0 0 0 12
4 0 0 0 0 -1 0 0 6 | 0 5 0 0 -2 0 0 0 6
5 0 0 0 0 -1 0 0 6 | 0 1 0 0 0 0 0 0 3
-1 0 0 0 0 -3 0 0 12 | 0 7 0 0 -1 0 0 0 12
7 0 0 0 0 -1 0 0 12 | 0 1 0 0 -1 0 0 0 4
17 0 0 0 0 -3 0 0 12 | 0 5 0 0 -1 0 0 0 12
10 0 0 0 0 -1 0 0 6 | 0 3 0 0 -2 0 0 0 6
7 0 0 0 0 -1 0 0 12 | 0 7 0 0 -3 0 0 0 12
1 0 0 0 0 0 0 0 1 | 0 1 0 0 -1 0 0 0 6
4 0 0 0 0 -1 0 0 6 | 0 6 0 0 1 0 0 0 6
-2 0 0 0 0 -1 0 0 6 | 0 3 0 0 -2 0 0 0 6
-1 0 0 0 0 0 0 0 3 | 0 2 0 0 -1 0 0 0 3
3 0 0 0 0 0 0 0 2 | 0 4 0 0 -1 0 0 0 6
13 0 0 0 0 1 0 0 12 | 0 1 0 0 -1 0 0 0 4
9 0 0 0 0 1 0 0 12 | 0 5 0 0 -5 0 0 0 12
1 0 0 0 0 1 0 0 12 | 0 -5 0 0 -3 0 0 0 12
9 0 0 0 0 1 0 0 6 | 0 -1 0 0 -1 0 0 0 6
7 0 0 0 0 1 0 0 12 | 0 -1 0 0 -1 0 0 0 4
13 0 0 0 0 1 0 0 6 | 0 3 0 0 1 0 0 0 6
29 0 0 0 0 -1 0 0 12 | 0 3 0 0 -1 0 0 0 12
8 0 0 0 0 0 0 0 3 | 0 1 0 0 -1 0 0 0 3
2 0 0 0 0 0 0 0 1 | 0 5 0 0 -1 0 0 0 6
19 0 0 0 0 1 0 0 12 | 0 5 0 0 -3 0 0 0 12
23 0 0 0 0 -1 0 0 12 | 0 9 0 0 -1 0 0 0 12
9 0 0 0 0 -1 0 0 12 | 0 9 0 0 1 0 0 0 12
19 0 0 0 0 1 0 0 12 | 0 -1 0 0 3 0 0 0 12
1 0 0 0 0 0 0 0 1 | 0 -1 0 0 -1 0 0 0 6
11 0 0 0 0 0 0 0 6 | 0 -1 0 0 0 0 0 0 6
17 0 0 0 0 -1 0 0 12 | 0 15 0 0 -1 0 0 0 12
7 0 0 0 0 0 0 0 6 | 0 8 0 0 1 0 0 0 6
13 0 0 0 0 1 0 0 12 | 0 5 0 0 3 0 0 0 12
21 0 0 0 0 -1 0 0 12 | 0 9 0 0 1 0 0 0 12
1 0 0 0 0 -1 0 0 12 | 0 3 0 0 -1 0 0 0 4
17 0 0 0 0 -1 0 0 12 | 0 9 0 0 -7 0 0 0 12
13 0 0 0 0 0 0 0 6 | 0 8 0 0 1 0 0 0 6
-1 0 0 0 0 0 0 0 6 | 0 -1 0 0 0 0 0 0 6
-1 0 0 0 0 0 0 0 3 | 0 -2 0 0 -1 0 0 0 3
1 0 0 0 0 -1 0 0 12 | 0 1 0 0 1 0 0 0 4
9 0 0 0 0 -1 0 0 12 | 0 -3 0 0 1 0 0 0 12
2 0 0 0 0 -1 0 0 6 | 0 1 0 0 0 0 0 0 6
7 0 0 0 0 1 0 0 6 | 0 -3 0 0 1 0 0 0 6
7 0 0 0 0 0 0 0 6 | 0 -4 0 0 1 0 0 0 6
10 0 0 0 0 1 0 0 6 | 0 -3 0 0 -2 0 0 0 6
8 0 0 0 0 -1 0 0 6 | 0 1 0 0 0 0 0 0 6
3 0 0 0 0 -1 0 0 6 | 0 1 0 0 -1 0 0 0 6
2 0 0 0 0 0 0 0 1 | 0 -1 0 0 -1 0 0 0 6
9 0 0 0 0 -1 0 0 6 | 0 1 0 0 -1 0 0 0 6
0 0 0 0 0 1 0 0 6 | 0 2 0 0 1 0 0 0 6
1 0 0 0 0 0 0 0 2 | 0 4 0 0 1 0 0 0 6
15 0 0 0 0 1 0 0 12 | 0 11 0 0 -1 0 0 0 12
11 0 0 0 0 0 0 0 6 | 0 5 0 0 2 0 0 0 6
7 0 0 0 0 -1 0 0 12 | 0 15 0 0 1 0 0 0 12
3 0 0 0 0 1 0 0 4 | 0 7 0 0 -1 0 0 0 12
-1 0 0 0 0 3 0 0 12 | 0 -7 0 0 -1 0 0 0 12
15 0 0 0 0 -1 0 0 12 | 0 -1 0 0 1 0 0 0 12
5 0 0 0 0 1 0 0 12 | 0 -11 0 0 -1 0 0 0 12
3 0 0 0 0 -1 0 0 6 | 0 -1 0 0 -1 0 0 0 6
4 0 0 0 0 0 0 0 3 | 0 -3 0 0 1 0 0 0 3
25 0 0 0 0 -3 0 0 12 | 0 -9 0 0 1 0 0 0 12
4 0 0 0 0 1 0 0 6 | 0 -5 0 0 -2 0 0 0 6
11 0 0 0 0 3 0 0 12 | 0 -7 0 0 -1 0 0 0 12
3 0 0 0 0 0 0 0 2 | 0 -4 0 0 -1 0 0 0 6
8 0 0 0 0 0 0 0 3 | 0 -3 0 0 1 0 0 0 6
17 0 0 0 0 1 0 0 12 | 0 -11 0 0 -1 0 0 0 12
8 0 0 0 0 -1 0 0 6 | 0 -1 0 0 0 0 0 0 6
9 0 0 0 0 -1 0 0 6 | 0 -1 0 0 -1 0 0 0 6
13 0 0 0 0 -1 0 0 12 | 0 -7 0 0 -3 0 0 0 12
13 0 0 0 0 0 0 0 6 | 0 -2 0 0 1 0 0 0 6
19 0 0 0 0 -1 0 0 12 | 0 -5 0 0 -3 0 0 0 12
23 0 0 0 0 1 0 0 12 | 0 -9 0 0 -1 0 0 0 12
15 0 0 0 0 -1 0 0 12 | 0 1 0 0 -5 0 0 0 12
9 0 0 0 0 1 0 0 12 | 0 -3 0 0 -5 0 0 0 12
19 0 0 0 0 1 0 0 12 | 0 -1 0 0 -1 0 0 0 4
13 0 0 0 0 -1 0 0 6 | 0 3 0 0 1 0 0 0 6
21 0 0 0 0 1 0 0 12 | 0 -1 0 0 1 0 0 0 4
19 0 0 0 0 1 0 0 12 | 0 3 0 0 -1 0 0 0 12
7 0 0 0 0 1 0 0 6 | 0 -1 0 0 -1 0 0 0 6
15 0 0 0 0 1 0 0 12 | 0 -3 0 0 1 0 0 0 4
21 0 0 0 0 1 0 0 12 | 0 3 0 0 1 0 0 0 4
27 0 0 0 0 -1 0 0 12 | 0 -1 0 0 1 0 0 0 4
5 0 0 0 0 0 0 0 2 | 0 -1 0 0 0 0 0 0 6
2 0 0 0 0 0 0 0 1 | 0 -2 0 0 0 0 0 0 3
15 0 0 0 0 -1 0 0 12 | 0 3 0 0 1 0 0 0 4
19 0 0 0 0 -1 0 0 12 | 0 -3 0 0 -1 0 0 0 12
7 0 0 0 0 -1 0 0 6 | 0 1 0 0 -1 0 0 0 6
5 0 0 0 0 0 0 0 2 | 0 1 0 0 0 0 0 0 6
2 0 0 0 0 0 0 0 1 | 0 2 0 0 0 0 0 0 3
3 0 0 0 0 -1 0 0 6 | 0 1 0 0 0 0 0 0 1
19 0 0 0 0 -1 0 0 12 | 0 9 0 0 -1 0 0 0 12
11 0 0 0 0 0 0 0 6 | 0 -1 0 0 -2 0 0 0 6
155 0 0 0 0 0 3 0 192 | 0 0 15 0 -31 0 0 0 192
155 0 0 -15 0 31 3 0 384 | 0 155 15 0 -31 0 0 3 384
-155 0 0 0 0 0 -3 0 192 | 0 0 -15 0 31 0 0 0 192
-155 0 0 15 0 -31 -3 0 384 | 0 -155 -15 0 31 0 0 -3 384
0 0 0 3 0 31 0 0 192 | 0 -31 0 0 0 0 0 3 192
93 0 0 3 0 31 -9 0 384 | 0 -31 9 0 93 0 0 3 384
93 0 0 -3 0 -31 -9 0 384 | 0 31 9 0 93 0 0 -3 384
-93 0 0 -3 0 -31 9 0 384 | 0 31 -9 0 -93 0 0 -3 384
31 0 0 0 0 0 0 0 32 | 0 0 3 0 0 0 0 0 32
31 0 0 -3 0 0 0 0 64 | 0 31 3 0 0 0 0 0 64
-31 0 0 -3 0 0 0 0 64 | 0 31 -3 0 0 0 0 0 64
31 0 0 3 0 0 0 0 64 | 0 -31 3 0 0 0 0 0 64
0 0 0 -3 0 31 0 0 192 | 0 31 0 0 0 0 0 3 192
-93 0 0 3 0 -31 -9 0 384 | 0 -31 -9 0 93 0 0 -3 384
93 0 0 3 0 -31 9 0 384 | 0 -31 9 0 -93 0 0 -3 384
93 0 0 -3 0 31 9 0 384 | 0 31 9 0 -93 0 0 3 384
155 0 0 -15 0 -31 -3 0 384 | 0 155 15 0 31 0 0 -3 384
-155 0 0 -15 0 -31 3 0 384 | 0 155 -15 0 -31 0 0 -3 384
-155 0 0 0 0 0 3 0 192 | 0 0 -15 0 -31 0 0 0 192
155 0 0 15 0 31 -3 0 384 | 0 -155 15 0 31 0 0 3 384
155 0 0 0 0 0 3 0 96 | 0 0 15 0 -31 0 0 0 96
465 0 0 -15 0 31 9 0 384 | 0 155 45 0 -93 0 0 3 384
403 0 0 3 0 31 -3 0 384 | 0 -31 39 0 31 0 0 3 384
403 0 0 -3 0 -31 -3 0 384 | 0 31 39 0 31 0 0 -3 384
155 0 0 -3 0 -31 3 0 192 | 0 31 15 0 -31 0 0 -3 192
217 0 0 -3 0 -31 15 0 384 | 0 31 21 0 -155 0 0 -3 384
217 0 0 3 0 31 15 0 384 | 0 -31 21 0 -155 0 0 3 384
341 0 0 0 0 0 3 0 192 | 0 0 33 0 -31 0 0 0 192
62 0 0 -9 0 0 3 0 192 | 0 93 6 0 -31 0 0 0 192
62 0 0 9 0 0 3 0 192 | 0 -93 6 0 -31 0 0 0 192
155 0 0 -3 0 31 3 0 192 | 0 31 15 0 -31 0 0 3 192
217 0 0 3 0 -31 -3 0 384 | 0 -31 21 0 31 0 0 -3 384
403 0 0 -3 0 31 15 0 384 | 0 31 39 0 -155 0 0 3 384
155 0 0 0 0 0 0 0 96 | 0 0 5 0 0 0 0 0 32
465 0 0 -15 0 -31 3 0 384 | 0 155 45 0 -31 0 0 -3 384
155 0 0 -15 0 -31 9 0 384 | 0 155 15 0 -93 0 0 -3 384
0 0 0 0 0 0 1 0 32 | 0 0 0 0 -31 0 0 0 96
155 0 0 15 0 31 9 0 384 | 0 -155 15 0 -93 0 0 3 384
155 0 0 -9 0 93 3 0 384 | 0 93 15 0 -31 0 0 9 384
124 0 0 -6 0 31 -3 0 192 | 0 62 12 0 31 0 0 3 192
155 0 0 -21 0 -31 3 0 384 | 0 217 15 0 -31 0 0 -3 384
31 0 0 -9 0 0 6 0 192 | 0 93 3 0 -62 0 0 0 192
31 0 0 -6 0 31 6 0 192 | 0 62 3 0 -62 0 0 3 192
527 0 0 -15 0 31 3 0 384 | 0 155 51 0 -31 0 0 3 384
341 0 0 -33 0 31 3 0 384 | 0 341 33 0 -31 0 0 3 384
-31 0 0 -33 0 31 3 0 384 | 0 341 -3 0 -31 0 0 3 384
-217 0 0 -15 0 31 3 0 384 | 0 155 -21 0 -31 0 0 3 384
341 0 0 3 0 31 3 0 384 | 0 -31 33 0 -31 0 0 3 384
155 0 0 -21 0 93 3 0 384 | 0 217 15 0 -31 0 0 9 384
31 0 0 -9 0 31 -3 0 192 | 0 93 3 0 31 0 0 3 192
31 0 0 -6 0 0 -3 0 192 | 0 62 3 0 31 0 0 0 192
155 0 0 -9 0 -31 3 0 384 | 0 93 15 0 -31 0 0 -3 384
62 0 0 -3 0 0 3 0 96 | 0 31 6 0 -31 0 0 0 96
465 0 0 -15 0 31 -3 0 384 | 0 155 45 0 31 0 0 3 384
155 0 0 -15 0 0 0 0 192 | 0 155 15 0 0 0 0 0 192
-155 0 0 -15 0 31 9 0 384 | 0 155 -15 0 -93 0 0 3 384
155 0 0 0 0 31 0 0 192 | 0 0 5 0 0 0 0 1 64
-155 0 0 -9 0 93 -3 0 384 | 0 93 -15 0 31 0 0 9 384
-31 0 0 -6 0 31 -6 0 192 | 0 62 -3 0 62 0 0 3 192
-31 0 0 -9 0 0 -6 0 192 | 0 93 -3 0 62 0 0 0 192
-155 0 0 -21 0 -31 -3 0 384 | 0 217 -15 0 31 0 0 -3 384
-124 0 0 -9 0 0 3 0 192 | 0 93 -12 0 -31 0 0 0 192
-341 0 0 3 0 31 -3 0 384 | 0 -31 -33 0 31 0 0 3 384
31 0 0 3 0 31 -3 0 384 | 0 -31 3 0 31 0 0 3 384
-62 0 0 -3 0 0 -3 0 96 | 0 31 -6 0 31 0 0 0 96
-155 0 0 -9 0 -31 -3 0 384 | 0 93 -15 0 31 0 0 -3 384
-31 0 0 -9 0 31 3 0 192 | 0 93 -3 0 -31 0 0 3 192
0 0 0 -5 0 0 -1 0 64 | 0 155 0 0 31 0 0 0 192
-155 0 0 -15 0 0 0 0 192 | 0 155 -15 0 0 0 0 0 192
-403 0 0 -3 0 -31 3 0 384 | 0 31 -39 0 -31 0 0 -3 384
-403 0 0 3 0 31 3 0 384 | 0 -31 -39 0 -31 0 0 3 384
31 0 0 0 0 0 -3 0 192 | 0 0 3 0 31 0 0 0 192
-62 0 0 -9 0 0 -3 0 192 | 0 93 -6 0 31 0 0 0 192
-62 0 0 9 0 0 -3 0 192 | 0 -93 -6 0 31 0 0 0 192
-155 0 0 -3 0 31 -3 0 192 | 0 31 -15 0 31 0 0 3 192
-217 0 0 3 0 -31 3 0 384 | 0 -31 -21 0 -31 0 0 -3 384
-217 0 0 -3 0 31 3 0 384 | 0 31 -21 0 -31 0 0 3 384
0 0 0 0 0 0 -1 0 32 | 0 0 0 0 31 0 0 0 96
-465 0 0 -15 0 -31 -3 0 384 | 0 155 -45 0 31 0 0 -3 384
-155 0 0 21 0 31 -3 0 384 | 0 -217 -15 0 31 0 0 3 384
-155 0 0 9 0 -93 -3 0 384 | 0 -93 -15 0 31 0 0 -9 384
31 0 0 -3 0 -31 -3 0 384 | 0 31 3 0 31 0 0 -3 384
-155 0 0 9 0 31 -3 0 384 | 0 -93 -15 0 31 0 0 3 384
-31 0 0 9 0 -31 3 0 192 | 0 -93 -3 0 -31 0 0 -3 192
-31 0 0 6 0 0 3 0 192 | 0 -62 -3 0 -31 0 0 0 192
155 0 0 15 0 -31 -9 0 384 | 0 -155 15 0 93 0 0 -3 384
0 0 0 0 0 -31 -3 0 192 | 0 0 0 0 31 0 0 -3 192
0 0 0 5 0 0 -1 0 64 | 0 -155 0 0 31 0 0 0 192
155 0 0 15 0 -31 3 0 192 | 0 -155 15 0 -31 0 0 -3 192
155 0 0 21 0 31 3 0 384 | 0 -217 15 0 -31 0 0 3 384
31 0 0 6 0 -31 6 0 192 | 0 -62 3 0 -62 0 0 -3 192
31 0 0 9 0 0 6 0 192 | 0 -93 3 0 -62 0 0 0 192
341 0 0 -3 0 -31 3 0 384 | 0 31 33 0 -31 0 0 -3 384
-31 0 0 -3 0 -31 3 0 384 | 0 31 -3 0 -31 0 0 -3 384
31 0 0 6 0 0 -3 0 192 | 0 -62 3 0 31 0 0 0 192
31 0 0 9 0 -31 -3 0 192 | 0 -93 3 0 31 0 0 -3 192
62 0 0 3 0 0 3 0 96 | 0 -31 6 0 -31 0 0 0 96
465 0 0 15 0 -31 -3 0 384 | 0 -155 45 0 31 0 0 -3 384
31 0 0 3 0 31 -3 0 128 | 0 -31 3 0 31 0 0 3 128
93 0 0 -6 0 31 0 0 192 | 0 62 9 0 0 0 0 3 192
93 0 0 12 0 31 0 0 192 | 0 -124 9 0 0 0 0 3 192
0 0 0 1 0 0 0 0 32 | 0 -31 0 0 0 0 0 0 96
31 0 0 1 0 31 3 0 128 | 0 -31 9 0 -93 0 0 9 384
155 0 0 3 0 31 -3 0 192 | 0 -31 15 0 31 0 0 3 192
155 0 0 -9 0 31 -3 0 384 | 0 93 15 0 31 0 0 3 384
-155 0 0 -9 0 31 3 0 384 | 0 93 -15 0 -31 0 0 3 384
31 0 0 0 0 0 -3 0 64 | 0 0 3 0 31 0 0 0 64
279 0 0 -15 0 31 -9 0 384 | 0 155 27 0 93 0 0 3 384
-93 0 0 -15 0 31 -9 0 384 | 0 155 -9 0 93 0 0 3 384
279 0 0 21 0 31 -9 0 384 | 0 -217 27 0 93 0 0 3 384
31 0 0 1 0 0 0 0 64 | 0 -31 9 0 0 0 0 0 192
93 0 0 0 0 31 0 0 192 | 0 0 3 0 0 0 0 1 64
403 0 0 3 0 31 -15 0 384 | 0 -31 39 0 155 0 0 3 384
465 0 0 -3 0 -31 -9 0 384 | 0 31 45 0 93 0 0 -3 384
279 0 0 -21 0 -31 -9 0 384 | 0 217 27 0 93 0 0 -3 384
279 0 0 15 0 -31 -9 0 384 | 0 -155 27 0 93 0 0 -3 384
31 0 0 -1 0 0 0 0 64 | 0 31 9 0 0 0 0 0 192
-217 0 0 -3 0 -31 -3 0 384 | 0 31 -21 0 31 0 0 -3 384
-31 0 0 6 0 0 -3 0 192 | 0 -62 -3 0 31 0 0 0 192
62 0 0 3 0 0 -3 0 96 | 0 -31 6 0 31 0 0 0 96
-31 0 0 -3 0 -31 3 0 128 | 0 31 -3 0 -31 0 0 -3 128
186 0 0 -3 0 -31 0 0 192 | 0 31 18 0 0 0 0 -3 192
-93 0 0 6 0 -31 0 0 192 | 0 -62 -9 0 0 0 0 -3 192
93 0 0 6 0 -31 0 0 192 | 0 -62 9 0 0 0 0 -3 192
0 0 0 -1 0 0 0 0 32 | 0 31 0 0 0 0 0 0 96
-93 0 0 -9 0 -31 -9 0 384 | 0 31 -3 0 31 0 0 -1 128
155 0 0 -3 0 -31 -3 0 192 | 0 31 15 0 31 0 0 -3 192
-155 0 0 9 0 -31 3 0 384 | 0 -93 -15 0 -31 0 0 -3 384
155 0 0 9 0 -31 -3 0 384 | 0 -93 15 0 31 0 0 -3 384
279 0 0 -3 0 -31 9 0 384 | 0 31 27 0 -93 0 0 -3 384
-279 0 0 15 0 -31 9 0 384 | 0 -155 -27 0 -93 0 0 -3 384
93 0 0 15 0 -31 9 0 384 | 0 -155 9 0 -93 0 0 -3 384
-31 0 0 1 0 -31 3 0 128 | 0 -31 -9 0 -93 0 0 -9 384
0 0 0 -1 0 0 3 0 64 | 0 31 0 0 -93 0 0 0 192
31 0 0 -9 0 -31 3 0 192 | 0 93 3 0 -31 0 0 -3 192
279 0 0 3 0 31 9 0 384 | 0 -31 27 0 -93 0 0 3 384
93 0 0 -15 0 31 9 0 384 | 0 155 9 0 -93 0 0 3 384
-279 0 0 -15 0 31 9 0 384 | 0 155 -27 0 -93 0 0 3 384
-31 0 0 -1 0 31 3 0 128 | 0 31 -9 0 -93 0 0 9 384
-93 0 0 0 0 31 0 0 192 | 0 0 -3 0 0 0 0 1 64
-31 0 0 1 0 0 0 0 64 | 0 -31 -9 0 0 0 0 0 192
217 0 0 3 0 31 3 0 384 | 0 -31 21 0 -31 0 0 3 384
31 0 0 -6 0 0 3 0 192 | 0 62 3 0 -31 0 0 0 192
-62 0 0 -3 0 0 3 0 96 | 0 31 -6 0 -31 0 0 0 96
31 0 0 9 0 31 3 0 192 | 0 -93 3 0 -31 0 0 3 192
31 0 0 0 0 0 0 0 16 | 0 0 3 0 0 0 0 0 16
93 0 0 3 0 0 0 0 64 | 0 -31 9 0 0 0 0 0 64
186 0 0 -3 0 31 0 0 192 | 0 31 18 0 0 0 0 3 192
279 0 0 -3 0 31 -9 0 384 | 0 31 27 0 93 0 0 3 384
279 0 0 3 0 -31 -9 0 384 | 0 -31 27 0 93 0 0 -3 384
186 0 0 3 0 -31 0 0 192 | 0 -31 18 0 0 0 0 -3 192
465 0 0 -3 0 31 9 0 384 | 0 31 45 0 -93 0 0 3 384
341 0 0 0 0 0 -3 0 192 | 0 0 33 0 31 0 0 0 192
217 0 0 15 0 31 3 0 384 | 0 -155 21 0 -31 0 0 3 384
31 0 0 -3 0 0 0 0 32 | 0 31 3 0 0 0 0 0 32
93 0 0 -12 0 31 0 0 192 | 0 124 9 0 0 0 0 3 192
93 0 0 -21 0 31 -9 0 384 | 0 217 9 0 93 0 0 3 384
279 0 0 -15 0 -31 9 0 384 | 0 155 27 0 -93 0 0 -3 384
279 0 0 -21 0 31 9 0 384 | 0 217 27 0 -93 0 0 3 384
248 0 0 -9 0 0 -3 0 192 | 0 93 24 0 31 0 0 0 192
31 0 0 -3 0 31 3 0 384 | 0 31 3 0 -31 0 0 3 384
341 0 0 -3 0 31 -3 0 384 | 0 31 33 0 31 0 0 3 384
-93 0 0 -12 0 31 0 0 192 | 0 124 -9 0 0 0 0 3 192
-279 0 0 -15 0 -31 -9 0 384 | 0 155 -27 0 93 0 0 -3 384
-93 0 0 -15 0 -31 9 0 384 | 0 155 -9 0 -93 0 0 -3 384
-93 0 0 -21 0 31 9 0 384 | 0 217 -9 0 -93 0 0 3 384
62 0 0 -9 0 0 -3 0 192 | 0 93 6 0 31 0 0 0 192
-31 0 0 -33 0 -31 -3 0 384 | 0 341 -3 0 31 0 0 -3 384
-31 0 0 -3 0 31 -3 0 384 | 0 31 -3 0 31 0 0 3 384
-186 0 0 -3 0 31 0 0 192 | 0 31 -18 0 0 0 0 3 192
-279 0 0 3 0 -31 9 0 384 | 0 -31 -27 0 -93 0 0 -3 384
-279 0 0 -3 0 31 9 0 384 | 0 31 -27 0 -93 0 0 3 384
-31 0 0 0 0 0 -3 0 192 | 0 0 -3 0 31 0 0 0 192
-217 0 0 -15 0 -31 -3 0 384 | 0 155 -21 0 31 0 0 -3 384
0 0 0 3 0 0 0 0 32 | 0 -31 0 0 0 0 0 0 32
-93 0 0 6 0 31 0 0 192 | 0 -62 -9 0 0 0 0 3 192
-93 0 0 21 0 -31 9 0 384 | 0 -217 -9 0 -93 0 0 -3 384
-93 0 0 15 0 31 9 0 384 | 0 -155 -9 0 -93 0 0 3 384
-31 0 0 3 0 -31 -3 0 384 | 0 -31 -3 0 31 0 0 -3 384
-341 0 0 3 0 -31 3 0 384 | 0 -31 -33 0 -31 0 0 -3 384
93 0 0 6 0 31 0 0 192 | 0 -62 9 0 0 0 0 3 192
93 0 0 21 0 -31 -9 0 384 | 0 -217 9 0 93 0 0 -3 384
93 0 0 12 0 -31 0 0 192 | 0 -124 9 0 0 0 0 -3 192
279 0 0 21 0 -31 9 0 384 | 0 -217 27 0 -93 0 0 -3 384
279 0 0 15 0 31 9 0 384 | 0 -155 27 0 -93 0 0 3 384
341 0 0 3 0 -31 -3 0 384 | 0 -31 33 0 31 0 0 -3 384
31 0 0 3 0 -31 3 0 384 | 0 -31 3 0 -31 0 0 -3 384
-62 0 0 9 0 0 3 0 192 | 0 -93 -6 0 -31 0 0 0 192
31 0 0 33 0 31 3 0 384 | 0 -341 3 0 -31 0 0 3 384
341 0 0 33 0 31 -3 0 384 | 0 -341 33 0 31 0 0 3 384
31 0 0 -3 0 31 3 0 128 | 0 31 3 0 -31 0 0 3 128
-155 0 0 -21 0 31 3 0 384 | 0 217 -15 0 -31 0 0 3 384
31 0 0 3 0 -31 3 0 128 | 0 -31 3 0 -31 0 0 -3 128
155 0 0 3 0 -31 -3 0 192 | 0 -31 15 0 31 0 0 -3 192
155 0 0 21 0 -31 -3 0 384 | 0 -217 15 0 31 0 0 -3 384
31 0 0 0 0 0 3 0 64 | 0 0 3 0 -31 0 0 0 64
403 0 0 3 0 -31 3 0 384 | 0 -31 39 0 -31 0 0 -3 384
124 0 0 9 0 0 3 0 192 | 0 -93 12 0 -31 0 0 0 192
93 0 0 -3 0 31 9 0 192 | 0 31 9 0 -93 0 0 3 192
124 0 0 6 0 31 3 0 192 | 0 -62 12 0 -31 0 0 3 192
155 0 0 0 0 0 -3 0 96 | 0 0 15 0 31 0 0 0 96
465 0 0 -15 0 -31 -9 0 384 | 0 155 45 0 93 0 0 -3 384
465 0 0 15 0 31 -9 0 384 | 0 -155 45 0 93 0 0 3 384
0 0 0 -15 0 -31 0 0 192 | 0 155 0 0 0 0 0 -3 192
0 0 0 15 0 31 0 0 192 | 0 -155 0 0 0 0 0 3 192
155 0 0 15 0 31 -3 0 192 | 0 -155 15 0 31 0 0 3 192
775 0 0 15 0 -31 15 0 384 | 0 -155 75 0 -155 0 0 -3 384
310 0 0 3 0 31 6 0 192 | 0 -31 30 0 -62 0 0 3 192
713 0 0 -3 0 -31 3 0 384 | 0 31 69 0 -31 0 0 -3 384
310 0 0 -3 0 -31 6 0 192 | 0 31 30 0 -62 0 0 -3 192
403 0 0 -9 0 0 6 0 192 | 0 93 39 0 -62 0 0 0 192
217 0 0 -9 0 0 6 0 192 | 0 93 21 0 -62 0 0 0 192
62 0 0 0 0 0 3 0 96 | 0 0 6 0 -31 0 0 0 96
217 0 0 9 0 0 6 0 192 | 0 -93 21 0 -62 0 0 0 192
527 0 0 -3 0 31 3 0 384 | 0 31 51 0 -31 0 0 3 384
527 0 0 3 0 -31 3 0 384 | 0 -31 51 0 -31 0 0 -3 384
310 0 0 3 0 -31 6 0 192 | 0 -31 30 0 -62 0 0 -3 192
155 0 0 0 0 0 1 0 64 | 0 0 45 0 -31 0 0 0 192
465 0 0 -15 0 -31 15 0 384 | 0 155 45 0 -155 0 0 -3 384
155 0 0 0 0 0 9 0 192 | 0 0 5 0 -31 0 0 0 64
465 0 0 15 0 31 15 0 384 | 0 -155 45 0 -155 0 0 3 384
775 0 0 15 0 31 9 0 384 | 0 -155 75 0 -93 0 0 3 384
310 0 0 -15 0 31 6 0 192 | 0 155 30 0 -62 0 0 3 192
155 0 0 -3 0 31 3 0 128 | 0 31 15 0 -31 0 0 3 128
279 0 0 -6 0 31 0 0 192 | 0 62 27 0 0 0 0 3 192
465 0 0 -21 0 -31 9 0 384 | 0 217 45 0 -93 0 0 -3 384
62 0 0 -3 0 0 3 0 64 | 0 31 6 0 -31 0 0 0 64
651 0 0 -33 0 31 9 0 384 | 0 341 63 0 -93 0 0 3 384
186 0 0 -9 0 31 0 0 192 | 0 31 6 0 0 0 0 1 64
31 0 0 -1 0 0 0 0 32 | 0 31 9 0 0 0 0 0 96
465 0 0 -9 0 -31 9 0 384 | 0 31 15 0 -31 0 0 -1 128
93 0 0 -2 0 0 3 0 64 | 0 62 27 0 -93 0 0 0 192
775 0 0 -15 0 31 3 0 384 | 0 155 75 0 -31 0 0 3 384
310 0 0 -15 0 0 3 0 192 | 0 155 30 0 -31 0 0 0 192
155 0 0 -15 0 0 6 0 192 | 0 155 15 0 -62 0 0 0 192
155 0 0 -15 0 31 15 0 384 | 0 155 15 0 -155 0 0 3 384
155 0 0 0 0 31 6 0 192 | 0 0 15 0 -62 0 0 3 192
465 0 0 21 0 31 9 0 384 | 0 -217 45 0 -93 0 0 3 384
62 0 0 3 0 0 3 0 64 | 0 -31 6 0 -31 0 0 0 64
837 0 0 15 0 -31 9 0 384 | 0 -155 81 0 -93 0 0 -3 384
279 0 0 33 0 -31 9 0 384 | 0 -341 27 0 -93 0 0 -3 384
465 0 0 9 0 31 9 0 384 | 0 -31 15 0 -31 0 0 1 128
31 0 0 1 0 0 0 0 32 | 0 -31 9 0 0 0 0 0 96
186 0 0 9 0 -31 0 0 192 | 0 -31 6 0 0 0 0 -1 64
93 0 0 2 0 0 3 0 64 | 0 -62 27 0 -93 0 0 0 192
775 0 0 15 0 -31 3 0 384 | 0 -155 75 0 -31 0 0 -3 384
310 0 0 0 0 -31 3 0 192 | 0 0 30 0 -31 0 0 -3 192
155 0 0 0 0 -31 6 0 192 | 0 0 15 0 -62 0 0 -3 192
310 0 0 15 0 0 3 0 192 | 0 -155 30 0 -31 0 0 0 192
403 0 0 9 0 93 -3 0 384 | 0 -93 39 0 31 0 0 9 384
341 0 0 3 0 31 3 0 192 | 0 -31 33 0 -31 0 0 3 192
248 0 0 -6 0 31 3 0 192 | 0 62 24 0 -31 0 0 3 192
62 0 0 -6 0 31 3 0 192 | 0 62 6 0 -31 0 0 3 192
-31 0 0 3 0 31 3 0 192 | 0 -31 -3 0 -31 0 0 3 192
62 0 0 12 0 31 3 0 192 | 0 -124 6 0 -31 0 0 3 192
248 0 0 12 0 31 3 0 192 | 0 -124 24 0 -31 0 0 3 192
217 0 0 3 0 93 -3 0 384 | 0 -31 21 0 31 0 0 9 384
155 0 0 6 0 0 3 0 192 | 0 -62 15 0 -31 0 0 0 192
403 0 0 9 0 31 15 0 384 | 0 -93 39 0 -155 0 0 3 384
403 0 0 3 0 93 15 0 384 | 0 -31 39 0 -155 0 0 9 384
310 0 0 3 0 31 0 0 192 | 0 -31 30 0 0 0 0 3 192
465 0 0 -9 0 31 3 0 384 | 0 93 45 0 -31 0 0 3 384
155 0 0 -9 0 31 9 0 384 | 0 31 5 0 -31 0 0 1 128
248 0 0 3 0 31 -6 0 192 | 0 -31 24 0 62 0 0 3 192
124 0 0 0 0 0 -3 0 96 | 0 0 12 0 31 0 0 0 96
775 0 0 3 0 31 -3 0 384 | 0 -31 75 0 31 0 0 3 384
589 0 0 -15 0 31 -3 0 384 | 0 155 57 0 31 0 0 3 384
217 0 0 21 0 31 -3 0 384 | 0 -217 21 0 31 0 0 3 384
589 0 0 21 0 31 -3 0 384 | 0 -217 57 0 31 0 0 3 384
155 0 0 0 0 31 -6 0 192 | 0 0 15 0 62 0 0 3 192
155 0 0 3 0 0 -6 0 192 | 0 -31 15 0 62 0 0 0 192
248 0 0 3 0 0 3 0 192 | 0 -31 24 0 -31 0 0 0 192
248 0 0 0 0 31 3 0 192 | 0 0 24 0 -31 0 0 3 192
62 0 0 -3 0 0 0 0 96 | 0 31 6 0 0 0 0 0 96
124 0 0 9 0 31 0 0 192 | 0 -31 4 0 0 0 0 1 64
279 0 0 9 0 31 -3 0 192 | 0 -93 27 0 31 0 0 3 192
248 0 0 -3 0 -31 -6 0 192 | 0 31 24 0 62 0 0 -3 192
403 0 0 -9 0 -93 -3 0 384 | 0 93 39 0 31 0 0 -9 384
589 0 0 15 0 -31 -3 0 384 | 0 -155 57 0 31 0 0 -3 384
403 0 0 -9 0 31 -3 0 384 | 0 93 39 0 31 0 0 3 384
155 0 0 -3 0 0 -6 0 192 | 0 31 15 0 62 0 0 0 192
403 0 0 3 0 -93 -3 0 384 | 0 -31 39 0 31 0 0 -9 384
248 0 0 -3 0 0 3 0 192 | 0 31 24 0 -31 0 0 0 192
279 0 0 -9 0 -31 -3 0 192 | 0 93 27 0 31 0 0 -3 192
93 0 0 -3 0 -31 3 0 384 | 0 31 9 0 -31 0 0 -3 384
93 0 0 2 0 0 -1 0 64 | 0 -62 27 0 31 0 0 0 192
217 0 0 -9 0 -93 15 0 384 | 0 93 21 0 -155 0 0 -9 384
62 0 0 -12 0 -31 3 0 192 | 0 124 6 0 -31 0 0 -3 192
248 0 0 6 0 -31 3 0 192 | 0 -62 24 0 -31 0 0 -3 192
155 0 0 -6 0 0 3 0 192 | 0 62 15 0 -31 0 0 0 192
217 0 0 -9 0 -31 -3 0 384 | 0 93 21 0 31 0 0 -3 384
217 0 0 -3 0 -93 -3 0 384 | 0 31 21 0 31 0 0 -9 384
310 0 0 -3 0 -31 0 0 192 | 0 31 30 0 0 0 0 -3 192
155 0 0 -21 0 -93 9 0 384 | 0 217 15 0 -93 0 0 -9 384
0 0 0 -3 0 -31 6 0 192 | 0 31 0 0 -62 0 0 -3 192
155 0 0 9 0 -31 9 0 384 | 0 -31 5 0 -31 0 0 -1 128
465 0 0 9 0 -31 3 0 384 | 0 -93 45 0 -31 0 0 -3 384
403 0 0 -21 0 -31 15 0 384 | 0 217 39 0 -155 0 0 -3 384
31 0 0 15 0 -31 15 0 384 | 0 -155 3 0 -155 0 0 -3 384
403 0 0 15 0 -31 15 0 384 | 0 -155 39 0 -155 0 0 -3 384
217 0 0 -9 0 31 15 0 384 | 0 93 21 0 -155 0 0 3 384
62 0 0 -3 0 0 3 0 192 | 0 31 6 0 -31 0 0 0 192
217 0 0 3 0 -93 15 0 384 | 0 -31 21 0 -155 0 0 -9 384
527 0 0 -3 0 -31 9 0 384 | 0 31 51 0 -93 0 0 -3 384
186 0 0 -9 0 -31 6 0 192 | 0 93 18 0 -62 0 0 -3 192
589 0 0 3 0 31 15 0 384 | 0 -31 57 0 -155 0 0 3 384
403 0 0 -15 0 31 15 0 384 | 0 155 39 0 -155 0 0 3 384
-155 0 0 3 0 31 15 0 384 | 0 -31 -15 0 -155 0 0 3 384
31 0 0 21 0 31 15 0 384 | 0 -217 3 0 -155 0 0 3 384
217 0 0 -3 0 93 15 0 384 | 0 31 21 0 -155 0 0 9 384
62 0 0 3 0 0 3 0 192 | 0 -31 6 0 -31 0 0 0 192
217 0 0 9 0 -31 15 0 384 | 0 -93 21 0 -155 0 0 -3 384
31 0 0 -1 0 0 1 0 32 | 0 31 9 0 -31 0 0 0 96
31 0 0 -6 0 0 9 0 192 | 0 62 3 0 -93 0 0 0 192
434 0 0 -9 0 0 3 0 192 | 0 93 42 0 -31 0 0 0 192
434 0 0 9 0 0 3 0 192 | 0 -93 42 0 -31 0 0 0 192
589 0 0 -3 0 31 -3 0 384 | 0 31 57 0 31 0 0 3 384
341 0 0 3 0 -31 3 0 192 | 0 -31 33 0 -31 0 0 -3 192
775 0 0 3 0 -31 15 0 384 | 0 -31 75 0 -155 0 0 -3 384
775 0 0 -3 0 31 15 0 384 | 0 31 75 0 -155 0 0 3 384
31 0 0 0 0 0 0 0 12 | 0 0 1 0 0 0 0 0 4
527 0 0 -15 0 -31 9 0 384 | 0 155 51 0 -93 0 0 -3 384
837 0 0 15 0 31 3 0 384 | 0 -155 81 0 -31 0 0 3 384
341 0 0 -18 0 0 3 0 192 | 0 186 33 0 -31 0 0 0 192
248 0 0 -12 0 31 3 0 192 | 0 124 24 0 -31 0 0 3 192
403 0 0 -21 0 31 -3 0 384 | 0 217 39 0 31 0 0 3 384
403 0 0 -15 0 -31 -3 0 384 | 0 155 39 0 31 0 0 -3 384
248 0 0 -6 0 -31 3 0 192 | 0 62 24 0 -31 0 0 -3 192
589 0 0 -15 0 -31 15 0 384 | 0 155 57 0 -155 0 0 -3 384
403 0 0 -9 0 0 0 0 192 | 0 31 13 0 0 0 0 0 64
651 0 0 -33 0 -31 3 0 384 | 0 341 63 0 -31 0 0 -3 384
341 0 0 -33 0 -31 9 0 384 | 0 341 33 0 -93 0 0 -3 384
31 0 0 -3 0 0 2 0 64 | 0 93 9 0 -62 0 0 0 192
341 0 0 -3 0 31 9 0 384 | 0 31 33 0 -93 0 0 3 384
651 0 0 -3 0 31 3 0 384 | 0 31 63 0 -31 0 0 3 384
31 0 0 -21 0 31 -3 0 384 | 0 217 3 0 31 0 0 3 384
31 0 0 -15 0 -31 -3 0 384 | 0 155 3 0 31 0 0 -3 384
279 0 0 -33 0 -31 3 0 384 | 0 341 27 0 -31 0 0 -3 384
279 0 0 -3 0 31 3 0 384 | 0 31 27 0 -31 0 0 3 384
-31 0 0 -3 0 31 3 0 192 | 0 31 -3 0 -31 0 0 3 192
-155 0 0 -3 0 31 -3 0 384 | 0 31 -15 0 31 0 0 3 384
-155 0 0 3 0 -31 -3 0 384 | 0 -31 -15 0 31 0 0 -3 384
-31 0 0 3 0 -31 3 0 192 | 0 -31 -3 0 -31 0 0 -3 192
31 0 0 0 0 0 0 0 48 | 0 0 1 0 0 0 0 0 16
93 0 0 -15 0 -31 3 0 384 | 0 155 9 0 -31 0 0 -3 384
93 0 0 15 0 31 3 0 384 | 0 -155 9 0 -31 0 0 3 384
-31 0 0 18 0 0 3 0 192 | 0 -186 -3 0 -31 0 0 0 192
155 0 0 18 0 0 3 0 192 | 0 -186 15 0 -31 0 0 0 192
62 0 0 6 0 31 3 0 192 | 0 -62 6 0 -31 0 0 3 192
31 0 0 21 0 -31 -3 0 384 | 0 -217 3 0 31 0 0 -3 384
62 0 0 12 0 -31 3 0 192 | 0 -124 6 0 -31 0 0 -3 192
217 0 0 15 0 31 15 0 384 | 0 -155 21 0 -155 0 0 3 384
217 0 0 9 0 0 0 0 192 | 0 -31 7 0 0 0 0 0 64
-31 0 0 3 0 -31 9 0 384 | 0 -31 -3 0 -93 0 0 -3 384
341 0 0 18 0 0 3 0 192 | 0 -186 33 0 -31 0 0 0 192
248 0 0 6 0 31 3 0 192 | 0 -62 24 0 -31 0 0 3 192
248 0 0 12 0 -31 3 0 192 | 0 -124 24 0 -31 0 0 -3 192
589 0 0 21 0 -31 15 0 384 | 0 -217 57 0 -155 0 0 -3 384
589 0 0 15 0 31 15 0 384 | 0 -155 57 0 -155 0 0 3 384
403 0 0 9 0 0 0 0 192 | 0 -31 13 0 0 0 0 0 64
341 0 0 3 0 -31 9 0 384 | 0 -31 33 0 -93 0 0 -3 384
31 0 0 3 0 0 2 0 64 | 0 -93 9 0 -62 0 0 0 192
341 0 0 33 0 31 9 0 384 | 0 -341 33 0 -93 0 0 3 384
217 0 0 -9 0 93 -3 0 384 | 0 93 21 0 31 0 0 9 384
310 0 0 -3 0 31 0 0 192 | 0 31 30 0 0 0 0 3 192
465 0 0 -21 0 31 3 0 384 | 0 217 45 0 -31 0 0 3 384
62 0 0 -3 0 31 -6 0 192 | 0 31 6 0 62 0 0 3 192
527 0 0 -3 0 31 -9 0 384 | 0 31 51 0 93 0 0 3 384
31 0 0 -9 0 0 0 0 192 | 0 31 1 0 0 0 0 0 64
186 0 0 6 0 31 -3 0 192 | 0 -62 18 0 31 0 0 3 192
62 0 0 3 0 -31 -6 0 192 | 0 -31 6 0 62 0 0 -3 192
217 0 0 9 0 -93 -3 0 384 | 0 -93 21 0 31 0 0 -9 384
527 0 0 3 0 -31 -9 0 384 | 0 -31 51 0 93 0 0 -3 384
-93 0 0 3 0 -31 3 0 384 | 0 -31 -9 0 -31 0 0 -3 384
31 0 0 9 0 0 0 0 192 | 0 -31 1 0 0 0 0 0 64
62 0 0 3 0 0 -1 0 64 | 0 -93 18 0 31 0 0 0 192
310 0 0 3 0 -31 0 0 192 | 0 -31 30 0 0 0 0 -3 192
0 0 0 3 0 -31 6 0 192 | 0 -31 0 0 -62 0 0 -3 192
155 0 0 21 0 -31 9 0 384 | 0 -217 15 0 -93 0 0 -3 384
465 0 0 21 0 -31 3 0 384 | 0 -217 45 0 -31 0 0 -3 384
713 0 0 3 0 -31 9 0 384 | 0 -31 69 0 -93 0 0 -3 384
93 0 0 3 0 0 2 0 64 | 0 -93 27 0 -62 0 0 0 192
713 0 0 -3 0 31 9 0 384 | 0 31 69 0 -93 0 0 3 384
93 0 0 -3 0 0 2 0 64 | 0 93 27 0 -62 0 0 0 192
124 0 0 -9 0 0 9 0 192 | 0 31 4 0 -31 0 0 0 64
279 0 0 6 0 31 6 0 192 | 0 -62 27 0 -62 0 0 3 192
155 0 0 0 0 0 -1 0 64 | 0 0 45 0 31 0 0 0 192
775 0 0 -15 0 -31 -3 0 384 | 0 155 75 0 31 0 0 -3 384
775 0 0 15 0 31 -3 0 384 | 0 -155 75 0 31 0 0 3 384
310 0 0 -15 0 -31 0 0 192 | 0 155 30 0 0 0 0 -3 192
-155 0 0 15 0 31 15 0 384 | 0 -155 -15 0 -155 0 0 3 384
155 0 0 15 0 31 3 0 192 | 0 -155 15 0 -31 0 0 3 192
310 0 0 15 0 31 0 0 192 | 0 -155 30 0 0 0 0 3 192
403 0 0 -27 0 93 -3 0 384 | 0 279 39 0 31 0 0 9 384
217 0 0 -27 0 31 -3 0 384 | 0 279 21 0 31 0 0 3 384
155 0 0 -12 0 0 3 0 192 | 0 124 15 0 -31 0 0 0 192
403 0 0 -27 0 31 15 0 384 | 0 279 39 0 -155 0 0 3 384
310 0 0 -15 0 31 0 0 192 | 0 155 30 0 0 0 0 3 192
465 0 0 -45 0 31 3 0 384 | 0 465 45 0 -31 0 0 3 384
155 0 0 -45 0 31 9 0 384 | 0 155 5 0 -31 0 0 1 128
0 0 0 -15 0 31 6 0 192 | 0 155 0 0 -62 0 0 3 192
155 0 0 -15 0 93 9 0 384 | 0 155 15 0 -93 0 0 9 384
-93 0 0 -33 0 31 9 0 384 | 0 341 -9 0 -93 0 0 3 384
186 0 0 -15 0 31 0 0 192 | 0 155 18 0 0 0 0 3 192
-93 0 0 -27 0 31 -9 0 384 | 0 93 -3 0 31 0 0 1 128
93 0 0 -27 0 31 9 0 384 | 0 93 3 0 -31 0 0 1 128
155 0 0 -45 0 31 -3 0 384 | 0 465 15 0 31 0 0 3 384
-155 0 0 -45 0 31 3 0 384 | 0 465 -15 0 -31 0 0 3 384
-155 0 0 -15 0 31 3 0 192 | 0 155 -15 0 -31 0 0 3 192
527 0 0 -9 0 93 3 0 384 | 0 93 51 0 -31 0 0 9 384
-31 0 0 9 0 93 3 0 384 | 0 -93 -3 0 -31 0 0 9 384
341 0 0 9 0 93 3 0 384 | 0 -93 33 0 -31 0 0 9 384
31 0 0 -3 0 31 -3 0 192 | 0 31 3 0 31 0 0 3 192
0 0 0 -12 0 31 3 0 192 | 0 124 0 0 -31 0 0 3 192
310 0 0 -6 0 31 -3 0 192 | 0 62 30 0 31 0 0 3 192
217 0 0 -15 0 31 -3 0 192 | 0 155 21 0 31 0 0 3 192
31 0 0 -15 0 31 -3 0 192 | 0 155 3 0 31 0 0 3 192
31 0 0 3 0 31 -3 0 192 | 0 -31 3 0 31 0 0 3 192
155 0 0 -9 0 31 -15 0 384 | 0 93 15 0 155 0 0 3 384
341 0 0 -15 0 93 3 0 384 | 0 155 33 0 -31 0 0 9 384
403 0 0 -27 0 31 -9 0 384 | 0 93 13 0 31 0 0 1 128
-31 0 0 -6 0 31 0 0 192 | 0 62 -3 0 0 0 0 3 192
310 0 0 -9 0 0 -3 0 192 | 0 93 30 0 31 0 0 0 192
217 0 0 -18 0 0 -3 0 192 | 0 186 21 0 31 0 0 0 192
217 0 0 0 0 0 -3 0 192 | 0 0 21 0 31 0 0 0 192
155 0 0 -15 0 -31 -15 0 384 | 0 155 15 0 155 0 0 -3 384
124 0 0 -6 0 -31 -3 0 192 | 0 62 12 0 31 0 0 -3 192
341 0 0 -15 0 -31 3 0 384 | 0 155 33 0 -31 0 0 -3 384
-31 0 0 -9 0 0 0 0 192 | 0 31 -1 0 0 0 0 0 64
93 0 0 -3 0 31 -3 0 384 | 0 31 9 0 31 0 0 3 384
403 0 0 -3 0 31 -9 0 384 | 0 31 39 0 93 0 0 3 384
155 0 0 -27 0 -93 3 0 384 | 0 279 15 0 -31 0 0 -9 384
31 0 0 -12 0 -31 6 0 192 | 0 124 3 0 -62 0 0 -3 192
527 0 0 -21 0 -31 3 0 384 | 0 217 51 0 -31 0 0 -3 384
155 0 0 -27 0 31 3 0 384 | 0 279 15 0 -31 0 0 3 384
31 0 0 -12 0 0 -3 0 192 | 0 124 3 0 31 0 0 0 192
62 0 0 -6 0 0 3 0 96 | 0 62 6 0 -31 0 0 0 96
465 0 0 -21 0 -31 -3 0 384 | 0 217 45 0 31 0 0 -3 384
0 0 0 -1 0 0 1 0 64 | 0 31 0 0 -31 0 0 0 192
155 0 0 -3 0 0 0 0 192 | 0 31 15 0 0 0 0 0 192
-31 0 0 0 0 0 3 0 96 | 0 0 -3 0 -31 0 0 0 96
-31 0 0 -21 0 31 3 0 384 | 0 217 -3 0 -31 0 0 3 384
-31 0 0 -15 0 -31 3 0 384 | 0 155 -3 0 -31 0 0 -3 384
31 0 0 -6 0 -31 6 0 192 | 0 62 3 0 -62 0 0 -3 192
62 0 0 -3 0 0 1 0 64 | 0 93 18 0 -31 0 0 0 192
217 0 0 -33 0 -31 9 0 384 | 0 341 21 0 -93 0 0 -3 384
217 0 0 -3 0 31 9 0 384 | 0 31 21 0 -93 0 0 3 384
124 0 0 3 0 31 6 0 192 | 0 -31 12 0 -62 0 0 3 192
-31 0 0 -15 0 93 3 0 384 | 0 155 -3 0 -31 0 0 9 384
-31 0 0 -9 0 31 3 0 384 | 0 93 -3 0 -31 0 0 3 384
217 0 0 -27 0 31 9 0 384 | 0 93 7 0 -31 0 0 1 128
713 0 0 -33 0 31 3 0 384 | 0 341 69 0 -31 0 0 3 384
217 0 0 -9 0 31 -3 0 192 | 0 93 21 0 31 0 0 3 192
527 0 0 -9 0 -31 3 0 384 | 0 93 51 0 -31 0 0 -3 384
310 0 0 -9 0 31 6 0 192 | 0 93 30 0 -62 0 0 3 192
837 0 0 -15 0 31 -3 0 384 | 0 155 81 0 31 0 0 3 384
217 0 0 -15 0 31 9 0 384 | 0 155 21 0 -93 0 0 3 384
341 0 0 0 0 31 0 0 192 | 0 0 11 0 0 0 0 1 64
124 0 0 -15 0 0 -3 0 192 | 0 155 12 0 31 0 0 0 192
341 0 0 -27 0 -31 3 0 384 | 0 279 33 0 -31 0 0 -3 384
651 0 0 -33 0 31 -3 0 384 | 0 341 63 0 31 0 0 3 384
93 0 0 -9 0 31 3 0 192 | 0 93 9 0 -31 0 0 3 192
-62 0 0 -15 0 0 -3 0 192 | 0 155 -6 0 31 0 0 0 192
-31 0 0 -27 0 -31 3 0 384 | 0 279 -3 0 -31 0 0 -3 384
31 0 0 -15 0 0 6 0 192 | 0 155 3 0 -62 0 0 0 192
-217 0 0 -9 0 -31 3 0 384 | 0 93 -21 0 -31 0 0 -3 384
-31 0 0 -3 0 0 3 0 96 | 0 31 -3 0 -31 0 0 0 96
-31 0 0 -15 0 0 0 0 192 | 0 155 -3 0 0 0 0 0 192
-62 0 0 3 0 0 -3 0 192 | 0 -31 -6 0 31 0 0 0 192
-31 0 0 9 0 -31 3 0 384 | 0 -93 -3 0 -31 0 0 -3 384
31 0 0 3 0 0 6 0 192 | 0 -31 3 0 -62 0 0 0 192
31 0 0 0 0 31 6 0 192 | 0 0 3 0 -62 0 0 3 192
279 0 0 3 0 31 -3 0 384 | 0 -31 27 0 31 0 0 3 384
31 0 0 -3 0 0 0 0 96 | 0 31 3 0 0 0 0 0 96
62 0 0 9 0 31 0 0 192 | 0 -31 2 0 0 0 0 1 64
527 0 0 21 0 31 3 0 384 | 0 -217 51 0 -31 0 0 3 384
341 0 0 -3 0 93 3 0 384 | 0 31 33 0 -31 0 0 9 384
124 0 0 3 0 0 -3 0 192 | 0 -31 12 0 31 0 0 0 192
217 0 0 3 0 0 6 0 192 | 0 -31 21 0 -62 0 0 0 192
651 0 0 3 0 31 -3 0 384 | 0 -31 63 0 31 0 0 3 384
124 0 0 -3 0 0 0 0 96 | 0 31 12 0 0 0 0 0 96
31 0 0 3 0 31 9 0 384 | 0 -31 3 0 -93 0 0 3 384
93 0 0 9 0 31 3 0 192 | 0 -93 9 0 -31 0 0 3 192
248 0 0 9 0 31 0 0 192 | 0 -31 8 0 0 0 0 1 64
31 0 0 -3 0 -31 -3 0 192 | 0 31 3 0 31 0 0 -3 192
31 0 0 -1 0 0 -1 0 32 | 0 31 9 0 31 0 0 0 96
-62 0 0 -3 0 0 0 0 96 | 0 31 -6 0 0 0 0 0 96
-93 0 0 3 0 31 -3 0 384 | 0 -31 -9 0 31 0 0 3 384
155 0 0 -3 0 -93 3 0 384 | 0 31 15 0 -31 0 0 -9 384
0 0 0 -12 0 -31 3 0 192 | 0 124 0 0 -31 0 0 -3 192
-155 0 0 -9 0 -31 9 0 384 | 0 31 -5 0 -31 0 0 -1 128
0 0 0 1 0 0 1 0 64 | 0 -31 0 0 -31 0 0 0 192
155 0 0 3 0 0 0 0 192 | 0 -31 15 0 0 0 0 0 192
93 0 0 -2 0 0 1 0 64 | 0 62 27 0 -31 0 0 0 192
403 0 0 3 0 31 9 0 384 | 0 -31 39 0 -93 0 0 3 384
279 0 0 -9 0 31 3 0 192 | 0 93 27 0 -31 0 0 3 192
403 0 0 -33 0 31 9 0 384 | 0 341 39 0 -93 0 0 3 384
403 0 0 -3 0 93 9 0 384 | 0 31 39 0 -93 0 0 9 384
775 0 0 -15 0 31 -9 0 384 | 0 155 75 0 93 0 0 3 384
310 0 0 0 0 31 -3 0 192 | 0 0 30 0 31 0 0 3 192
465 0 0 -45 0 -31 -3 0 384 | 0 465 45 0 31 0 0 -3 384
155 0 0 5 0 31 -1 0 128 | 0 -155 45 0 31 0 0 9 384
-155 0 0 -45 0 31 -9 0 384 | 0 155 -5 0 31 0 0 1 128
-465 0 0 -45 0 31 -3 0 384 | 0 465 -45 0 31 0 0 3 384
-31 0 0 -1 0 0 0 0 32 | 0 31 -9 0 0 0 0 0 96
31 0 0 -27 0 93 -3 0 384 | 0 279 3 0 31 0 0 9 384
155 0 0 -9 0 93 -9 0 384 | 0 31 5 0 31 0 0 3 128
0 0 0 -12 0 31 -3 0 192 | 0 124 0 0 31 0 0 3 192
-155 0 0 -12 0 31 0 0 192 | 0 124 -15 0 0 0 0 3 192
62 0 0 3 0 31 -6 0 192 | 0 -31 6 0 62 0 0 3 192
-31 0 0 -3 0 0 -6 0 192 | 0 31 -3 0 62 0 0 0 192
31 0 0 -15 0 93 -3 0 384 | 0 155 3 0 31 0 0 9 384
155 0 0 -9 0 0 -6 0 192 | 0 93 15 0 62 0 0 0 192
31 0 0 -9 0 0 -3 0 96 | 0 93 3 0 31 0 0 0 96
-124 0 0 -12 0 -31 3 0 192 | 0 124 -12 0 -31 0 0 -3 192
-62 0 0 -6 0 0 -3 0 96 | 0 62 -6 0 31 0 0 0 96
-155 0 0 -15 0 -93 -3 0 384 | 0 155 -15 0 31 0 0 -9 384
-31 0 0 -9 0 -31 3 0 192 | 0 93 -3 0 -31 0 0 -3 192
-31 0 0 -12 0 0 3 0 192 | 0 124 -3 0 -31 0 0 0 192
-124 0 0 -12 0 31 3 0 192 | 0 124 -12 0 -31 0 0 3 192
-341 0 0 -21 0 31 -3 0 384 | 0 217 -33 0 31 0 0 3 384
-341 0 0 -15 0 -31 -3 0 384 | 0 155 -33 0 31 0 0 -3 384
-93 0 0 -33 0 -31 3 0 384 | 0 341 -9 0 -31 0 0 -3 384
-341 0 0 -9 0 31 -3 0 384 | 0 93 -33 0 31 0 0 3 384
-124 0 0 -3 0 0 3 0 192 | 0 31 -12 0 -31 0 0 0 192
31 0 0 -6 0 31 0 0 192 | 0 62 3 0 0 0 0 3 192
155 0 0 -9 0 31 3 0 192 | 0 93 15 0 -31 0 0 3 192
62 0 0 -5 0 0 -1 0 64 | 0 155 18 0 31 0 0 0 192
31 0 0 0 0 31 0 0 192 | 0 0 1 0 0 0 0 1 64
186 0 0 0 0 31 -3 0 192 | 0 0 18 0 31 0 0 3 192
-31 0 0 -15 0 0 -6 0 192 | 0 155 -3 0 62 0 0 0 192
31 0 0 -27 0 -31 -3 0 384 | 0 279 3 0 31 0 0 -3 384
62 0 0 -15 0 0 3 0 192 | 0 155 6 0 -31 0 0 0 192
341 0 0 -33 0 31 -9 0 384 | 0 341 33 0 93 0 0 3 384
-62 0 0 -9 0 31 0 0 192 | 0 31 -2 0 0 0 0 1 64
-341 0 0 -27 0 -31 -3 0 384 | 0 279 -33 0 31 0 0 -3 384
-124 0 0 -15 0 0 3 0 192 | 0 155 -12 0 -31 0 0 0 192
-217 0 0 -6 0 0 3 0 192 | 0 62 -21 0 -31 0 0 0 192
-124 0 0 3 0 0 3 0 192 | 0 -31 -12 0 -31 0 0 0 192
-124 0 0 0 0 31 3 0 192 | 0 0 -12 0 -31 0 0 3 192
-31 0 0 3 0 31 -9 0 384 | 0 -31 -3 0 93 0 0 3 384
-31 0 0 -2 0 0 -1 0 64 | 0 62 -9 0 31 0 0 0 192
-124 0 0 -3 0 0 0 0 96 | 0 31 -12 0 0 0 0 0 96
-31 0 0 3 0 0 -6 0 192 | 0 -31 -3 0 62 0 0 0 192
341 0 0 3 0 31 -9 0 384 | 0 -31 33 0 93 0 0 3 384
-31 0 0 -3 0 0 0 0 96 | 0 31 -3 0 0 0 0 0 96
93 0 0 9 0 31 -3 0 192 | 0 -93 9 0 31 0 0 3 192
0 0 0 -12 0 -31 -3 0 192 | 0 124 0 0 31 0 0 -3 192
-155 0 0 3 0 0 0 0 192 | 0 -31 -15 0 0 0 0 0 192
31 0 0 -9 0 -31 15 0 384 | 0 93 3 0 -155 0 0 -3 384
93 0 0 -27 0 -31 3 0 384 | 0 279 9 0 -31 0 0 -3 384
-217 0 0 -27 0 -31 9 0 384 | 0 93 -7 0 -31 0 0 -1 128
-217 0 0 3 0 31 9 0 384 | 0 -31 -21 0 -93 0 0 3 384
124 0 0 -9 0 31 0 0 192 | 0 31 4 0 0 0 0 1 64
93 0 0 -33 0 31 3 0 384 | 0 341 9 0 -31 0 0 3 384
-217 0 0 -33 0 31 9 0 384 | 0 341 -21 0 -93 0 0 3 384
31 0 0 -1 0 31 1 0 128 | 0 31 9 0 -31 0 0 9 384
155 0 0 -15 0 0 -6 0 192 | 0 155 15 0 62 0 0 0 192
155 0 0 -45 0 -31 -9 0 384 | 0 155 5 0 31 0 0 -1 128
-465 0 0 -45 0 -31 3 0 384 | 0 465 -45 0 -31 0 0 -3 384
155 0 0 3 0 31 -15 0 384 | 0 -31 15 0 155 0 0 3 384
-62 0 0 0 0 -31 -3 0 192 | 0 0 -6 0 31 0 0 -3 192
-62 0 0 -3 0 0 -3 0 192 | 0 31 -6 0 31 0 0 0 192
-93 0 0 -3 0 -31 -3 0 384 | 0 31 -9 0 31 0 0 -3 384
31 0 0 3 0 -31 -3 0 192 | 0 -31 3 0 31 0 0 -3 192
155 0 0 3 0 -31 3 0 384 | 0 -31 15 0 -31 0 0 -3 384
31 0 0 0 0 0 -1 0 32 | 0 0 9 0 31 0 0 0 96
217 0 0 -15 0 -31 -9 0 384 | 0 155 21 0 93 0 0 -3 384
217 0 0 15 0 31 -9 0 384 | 0 -155 21 0 93 0 0 3 384
-62 0 0 -12 0 31 -3 0 192 | 0 124 -6 0 31 0 0 3 192
-62 0 0 -6 0 -31 -3 0 192 | 0 62 -6 0 31 0 0 -3 192
31 0 0 -3 0 0 -2 0 64 | 0 93 9 0 62 0 0 0 192
-279 0 0 -3 0 31 -3 0 384 | 0 31 -27 0 31 0 0 3 384
-62 0 0 6 0 31 -3 0 192 | 0 -62 -6 0 31 0 0 3 192
-31 0 0 21 0 -31 3 0 384 | 0 -217 -3 0 -31 0 0 -3 384
-31 0 0 15 0 31 3 0 384 | 0 -155 -3 0 -31 0 0 3 384
31 0 0 3 0 -31 -9 0 384 | 0 -31 3 0 93 0 0 -3 384
-279 0 0 3 0 -31 -3 0 384 | 0 -31 -27 0 31 0 0 -3 384
-62 0 0 -3 0 31 6 0 192 | 0 31 -6 0 -62 0 0 3 192
155 0 0 15 0 31 -15 0 384 | 0 -155 15 0 155 0 0 3 384
-93 0 0 33 0 -31 9 0 384 | 0 -341 -9 0 -93 0 0 -3 384
0 0 0 1 0 0 0 0 16 | 0 -31 0 0 0 0 0 0 48
31 0 0 39 0 31 -3 0 384 | 0 -403 3 0 31 0 0 3 384
-31 0 0 9 0 31 3 0 192 | 0 -93 -3 0 -31 0 0 3 192
155 0 0 21 0 31 -9 0 384 | 0 -217 15 0 93 0 0 3 384
155 0 0 6 0 -31 -6 0 192 | 0 -62 15 0 62 0 0 -3 192
62 0 0 -3 0 -31 -6 0 192 | 0 31 6 0 62 0 0 -3 192
31 0 0 15 0 -93 -3 0 384 | 0 -155 3 0 31 0 0 -9 384
-31 0 0 15 0 -31 3 0 192 | 0 -155 -3 0 -31 0 0 -3 192
-155 0 0 9 0 -31 15 0 384 | 0 -93 -15 0 -155 0 0 -3 384
-31 0 0 -1 0 -31 1 0 128 | 0 31 -9 0 -31 0 0 -9 384
-93 0 0 27 0 -31 3 0 384 | 0 -279 -9 0 -31 0 0 -3 384
-124 0 0 6 0 31 3 0 192 | 0 -62 -12 0 -31 0 0 3 192
62 0 0 9 0 -31 -6 0 192 | 0 -93 6 0 62 0 0 -3 192
155 0 0 9 0 -31 3 0 192 | 0 -93 15 0 -31 0 0 -3 192
62 0 0 5 0 0 -1 0 64 | 0 -155 18 0 31 0 0 0 192
-31 0 0 0 0 -31 -6 0 192 | 0 0 -3 0 62 0 0 -3 192
31 0 0 3 0 -93 -3 0 384 | 0 -31 3 0 31 0 0 -9 384
341 0 0 -3 0 -31 -9 0 384 | 0 31 33 0 93 0 0 -3 384
93 0 0 -9 0 -31 -3 0 192 | 0 93 9 0 31 0 0 -3 192
-62 0 0 -9 0 -31 0 0 192 | 0 31 -2 0 0 0 0 -1 64
-31 0 0 3 0 0 0 0 96 | 0 -31 -3 0 0 0 0 0 96
31 0 0 2 0 0 -1 0 64 | 0 -62 9 0 31 0 0 0 192
-31 0 0 -3 0 -31 -9 0 384 | 0 31 -3 0 93 0 0 -3 384
-93 0 0 -9 0 -31 -3 0 192 | 0 93 -9 0 31 0 0 -3 192
31 0 0 27 0 31 -3 0 384 | 0 -279 3 0 31 0 0 3 384
62 0 0 15 0 0 3 0 192 | 0 -155 6 0 -31 0 0 0 192
93 0 0 9 0 -31 -3 0 192 | 0 -93 9 0 31 0 0 -3 192
-62 0 0 9 0 -31 0 0 192 | 0 -31 -2 0 0 0 0 -1 64
155 0 0 9 0 31 -9 0 384 | 0 -31 5 0 31 0 0 1 128
124 0 0 9 0 -31 0 0 192 | 0 -31 4 0 0 0 0 -1 64
31 0 0 9 0 31 15 0 384 | 0 -93 3 0 -155 0 0 3 384
-217 0 0 -3 0 -31 9 0 384 | 0 31 -21 0 -93 0 0 -3 384
341 0 0 15 0 -31 3 0 192 | 0 -155 33 0 -31 0 0 -3 192
155 0 0 12 0 0 3 0 192 | 0 -124 15 0 -31 0 0 0 192
310 0 0 15 0 -31 0 0 192 | 0 -155 30 0 0 0 0 -3 192
155 0 0 15 0 -93 9 0 384 | 0 -155 15 0 -93 0 0 -9 384
465 0 0 45 0 -31 3 0 384 | 0 -465 45 0 -31 0 0 -3 384
124 0 0 12 0 31 -3 0 192 | 0 -124 12 0 31 0 0 3 192
155 0 0 27 0 -31 3 0 384 | 0 -279 15 0 -31 0 0 -3 384
62 0 0 6 0 0 3 0 96 | 0 -62 6 0 -31 0 0 0 96
124 0 0 9 0 31 6 0 192 | 0 -93 12 0 -62 0 0 3 192
465 0 0 21 0 31 -3 0 384 | 0 -217 45 0 31 0 0 3 384
310 0 0 9 0 0 -3 0 192 | 0 -93 30 0 31 0 0 0 192
341 0 0 15 0 31 3 0 384 | 0 -155 33 0 -31 0 0 3 384
403 0 0 3 0 -31 -9 0 384 | 0 -31 39 0 93 0 0 -3 384
310 0 0 6 0 -31 -3 0 192 | 0 -62 30 0 31 0 0 -3 192
341 0 0 -9 0 -93 3 0 384 | 0 93 33 0 -31 0 0 -9 384
-31 0 0 -9 0 -93 3 0 384 | 0 93 -3 0 -31 0 0 -9 384
124 0 0 3 0 -31 6 0 192 | 0 -31 12 0 -62 0 0 -3 192
217 0 0 6 0 -31 6 0 192 | 0 -62 21 0 -62 0 0 -3 192
186 0 0 6 0 -31 3 0 192 | 0 -62 18 0 -31 0 0 -3 192
217 0 0 27 0 -31 9 0 384 | 0 -93 7 0 -31 0 0 -1 128
62 0 0 3 0 0 1 0 64 | 0 -93 18 0 -31 0 0 0 192
217 0 0 3 0 -31 9 0 384 | 0 -31 21 0 -93 0 0 -3 384
713 0 0 33 0 -31 3 0 384 | 0 -341 69 0 -31 0 0 -3 384
527 0 0 9 0 31 3 0 384 | 0 -93 51 0 -31 0 0 3 384
217 0 0 6 0 0 -3 0 192 | 0 -62 21 0 31 0 0 0 192
155 0 0 3 0 0 3 0 96 | 0 -31 15 0 -31 0 0 0 96
837 0 0 15 0 -31 -3 0 384 | 0 -155 81 0 31 0 0 -3 384
341 0 0 0 0 -31 0 0 192 | 0 0 11 0 0 0 0 -1 64
217 0 0 15 0 -31 9 0 384 | 0 -155 21 0 -93 0 0 -3 384
124 0 0 0 0 -31 -3 0 192 | 0 0 12 0 31 0 0 -3 192
651 0 0 -3 0 -31 -3 0 384 | 0 31 63 0 31 0 0 -3 384
248 0 0 -9 0 -31 0 0 192 | 0 31 8 0 0 0 0 -1 64
31 0 0 -3 0 -31 9 0 384 | 0 31 3 0 -93 0 0 -3 384
31 0 0 2 0 0 1 0 64 | 0 -62 9 0 -31 0 0 0 192
124 0 0 3 0 0 0 0 96 | 0 -31 12 0 0 0 0 0 96
279 0 0 -3 0 -31 -3 0 384 | 0 31 27 0 31 0 0 -3 384
62 0 0 -9 0 -31 0 0 192 | 0 31 2 0 0 0 0 -1 64
-31 0 0 2 0 0 1 0 64 | 0 -62 -9 0 -31 0 0 0 192
31 0 0 3 0 0 0 0 96 | 0 -31 3 0 0 0 0 0 96
93 0 0 15 0 -31 -3 0 384 | 0 -155 9 0 31 0 0 -3 384
-31 0 0 0 0 -31 0 0 192 | 0 0 -1 0 0 0 0 -1 64
-31 0 0 27 0 31 3 0 384 | 0 -279 -3 0 -31 0 0 3 384
341 0 0 27 0 31 3 0 384 | 0 -279 33 0 -31 0 0 3 384
217 0 0 15 0 0 6 0 192 | 0 -155 21 0 -62 0 0 0 192
465 0 0 9 0 31 -3 0 384 | 0 -93 45 0 31 0 0 3 384
155 0 0 12 0 31 0 0 192 | 0 -124 15 0 0 0 0 3 192
403 0 0 -3 0 -31 9 0 384 | 0 31 39 0 -93 0 0 -3 384
403 0 0 27 0 31 9 0 384 | 0 -93 13 0 -31 0 0 1 128
775 0 0 15 0 -31 -9 0 384 | 0 -155 75 0 93 0 0 -3 384
310 0 0 15 0 0 -3 0 192 | 0 -155 30 0 31 0 0 0 192
155 0 0 45 0 31 3 0 384 | 0 -465 15 0 -31 0 0 3 384
465 0 0 45 0 31 -3 0 384 | 0 -465 45 0 31 0 0 3 384
93 0 0 -3 0 62 0 0 192 | 0 31 9 0 0 0 0 6 192
0 0 0 9 0 31 0 0 192 | 0 -31 0 0 0 0 0 1 64
31 0 0 5 0 31 3 0 128 | 0 -155 9 0 -93 0 0 9 384
155 0 0 -3 0 93 -3 0 384 | 0 31 15 0 31 0 0 9 384
93 0 0 -3 0 31 -3 0 128 | 0 31 9 0 31 0 0 3 128
124 0 0 -3 0 31 -6 0 192 | 0 31 12 0 62 0 0 3 192
-31 0 0 -3 0 31 -3 0 192 | 0 31 -3 0 31 0 0 3 192
217 0 0 9 0 93 3 0 384 | 0 -93 21 0 -31 0 0 9 384
31 0 0 -3 0 31 3 0 192 | 0 31 3 0 -31 0 0 3 192
372 0 0 3 0 31 0 0 192 | 0 -31 36 0 0 0 0 3 192
279 0 0 12 0 31 0 0 192 | 0 -124 27 0 0 0 0 3 192
279 0 0 9 0 31 -9 0 384 | 0 -31 9 0 31 0 0 1 128
155 0 0 1 0 31 3 0 128 | 0 -31 45 0 -93 0 0 9 384
341 0 0 3 0 31 -3 0 192 | 0 -31 33 0 31 0 0 3 192
31 0 0 -5 0 31 -3 0 128 | 0 155 9 0 93 0 0 9 384
279 0 0 -9 0 31 9 0 384 | 0 31 9 0 -31 0 0 1 128
93 0 0 -5 0 31 3 0 128 | 0 155 27 0 -93 0 0 9 384
248 0 0 -6 0 31 -3 0 192 | 0 62 24 0 31 0 0 3 192
31 0 0 -27 0 31 3 0 384 | 0 279 3 0 -31 0 0 3 384
-62 0 0 -6 0 31 3 0 192 | 0 62 -6 0 -31 0 0 3 192
341 0 0 3 0 93 -3 0 384 | 0 -31 33 0 31 0 0 9 384
62 0 0 -6 0 31 -3 0 192 | 0 62 6 0 31 0 0 3 192
-31 0 0 -27 0 31 -3 0 384 | 0 279 -3 0 31 0 0 3 384
-93 0 0 27 0 31 9 0 384 | 0 -93 -3 0 -31 0 0 1 128
-31 0 0 9 0 31 -3 0 384 | 0 -93 -3 0 31 0 0 3 384
279 0 0 27 0 31 9 0 384 | 0 -93 9 0 -31 0 0 1 128
341 0 0 9 0 31 -3 0 384 | 0 -93 33 0 31 0 0 3 384
0 0 0 9 0 -31 0 0 192 | 0 -31 0 0 0 0 0 -1 64
155 0 0 6 0 0 -3 0 192 | 0 -62 15 0 31 0 0 0 192
155 0 0 -3 0 -31 -3 0 384 | 0 31 15 0 31 0 0 -3 384
155 0 0 27 0 31 -3 0 384 | 0 -279 15 0 31 0 0 3 384
31 0 0 2 0 0 3 0 64 | 0 -62 9 0 -93 0 0 0 192
403 0 0 9 0 31 3 0 384 | 0 -93 39 0 -31 0 0 3 384
124 0 0 -3 0 0 3 0 192 | 0 31 12 0 -31 0 0 0 192
-31 0 0 -3 0 0 6 0 192 | 0 31 -3 0 -62 0 0 0 192
124 0 0 -6 0 31 3 0 192 | 0 62 12 0 -31 0 0 3 192
155 0 0 -12 0 0 -3 0 192 | 0 124 15 0 31 0 0 0 192
-155 0 0 -12 0 0 3 0 192 | 0 124 -15 0 -31 0 0 0 192
62 0 0 -3 0 0 -3 0 64 | 0 31 6 0 31 0 0 0 64
837 0 0 3 0 31 -9 0 384 | 0 -31 81 0 93 0 0 3 384
651 0 0 -15 0 31 -9 0 384 | 0 155 63 0 93 0 0 3 384
651 0 0 21 0 31 -9 0 384 | 0 -217 63 0 93 0 0 3 384
465 0 0 9 0 -31 -9 0 384 | 0 -31 15 0 31 0 0 -1 128
93 0 0 1 0 0 0 0 64 | 0 -31 27 0 0 0 0 0 192
279 0 0 0 0 31 0 0 192 | 0 0 9 0 0 0 0 1 64
155 0 0 -6 0 0 -3 0 192 | 0 62 15 0 31 0 0 0 192
465 0 0 -33 0 31 -9 0 384 | 0 341 45 0 93 0 0 3 384
-31 0 0 -15 0 31 -3 0 384 | 0 155 -3 0 31 0 0 3 384
62 0 0 0 0 31 -3 0 192 | 0 0 6 0 31 0 0 3 192
0 0 0 -9 0 31 0 0 192 | 0 31 0 0 0 0 0 1 64
279 0 0 27 0 -31 -9 0 384 | 0 -93 9 0 31 0 0 -1 128
31 0 0 2 0 0 0 0 32 | 0 -62 9 0 0 0 0 0 96
217 0 0 3 0 0 -6 0 192 | 0 -31 21 0 62 0 0 0 192
62 0 0 3 0 0 -3 0 192 | 0 -31 6 0 31 0 0 0 192
279 0 0 9 0 -31 9 0 384 | 0 -31 9 0 -31 0 0 -1 128
248 0 0 3 0 0 -3 0 192 | 0 -31 24 0 31 0 0 0 192
341 0 0 -9 0 -31 -3 0 384 | 0 93 33 0 31 0 0 -3 384
341 0 0 21 0 31 -3 0 384 | 0 -217 33 0 31 0 0 3 384
248 0 0 0 0 31 -3 0 192 | 0 0 24 0 31 0 0 3 192
-62 0 0 0 0 31 3 0 192 | 0 0 -6 0 -31 0 0 3 192
93 0 0 -27 0 -31 -9 0 384 | 0 93 3 0 31 0 0 -1 128
-217 0 0 -27 0 -31 -3 0 384 | 0 279 -21 0 31 0 0 -3 384
93 0 0 -1 0 -31 -3 0 128 | 0 31 27 0 93 0 0 -9 384
155 0 0 -3 0 -31 -3 0 128 | 0 31 15 0 31 0 0 -3 128
-31 0 0 3 0 -31 -3 0 192 | 0 -31 -3 0 31 0 0 -3 192
837 0 0 -3 0 -31 -9 0 384 | 0 31 81 0 93 0 0 -3 384
651 0 0 15 0 -31 -9 0 384 | 0 -155 63 0 93 0 0 -3 384
279 0 0 0 0 -31 0 0 192 | 0 0 9 0 0 0 0 -1 64
93 0 0 -1 0 0 0 0 64 | 0 31 27 0 0 0 0 0 192
279 0 0 -27 0 31 -9 0 384 | 0 93 9 0 31 0 0 1 128
31 0 0 -2 0 0 0 0 32 | 0 62 9 0 0 0 0 0 96
62 0 0 -3 0 0 -3 0 192 | 0 31 6 0 31 0 0 0 192
217 0 0 -3 0 0 -6 0 192 | 0 31 21 0 62 0 0 0 192
217 0 0 15 0 -31 -15 0 384 | 0 -155 21 0 155 0 0 -3 384
217 0 0 0 0 -31 -6 0 192 | 0 0 21 0 62 0 0 -3 192
62 0 0 0 0 -31 -3 0 192 | 0 0 6 0 31 0 0 -3 192
-31 0 0 15 0 -31 -3 0 384 | 0 -155 -3 0 31 0 0 -3 384
93 0 0 1 0 -31 3 0 128 | 0 -31 27 0 -93 0 0 -9 384
-62 0 0 0 0 -31 3 0 192 | 0 0 -6 0 -31 0 0 -3 192
31 0 0 15 0 -31 3 0 384 | 0 -155 3 0 -31 0 0 -3 384
248 0 0 -3 0 0 -3 0 192 | 0 31 24 0 31 0 0 0 192
341 0 0 -21 0 -31 -3 0 384 | 0 217 33 0 31 0 0 -3 384
155 0 0 3 0 -93 -3 0 384 | 0 -31 15 0 31 0 0 -9 384
217 0 0 -9 0 -93 3 0 384 | 0 93 21 0 -31 0 0 -9 384
31 0 0 3 0 -31 3 0 192 | 0 -31 3 0 -31 0 0 -3 192
279 0 0 -12 0 -31 0 0 192 | 0 124 27 0 0 0 0 -3 192
341 0 0 -3 0 -31 -3 0 192 | 0 31 33 0 31 0 0 -3 192
31 0 0 -3 0 -31 3 0 192 | 0 31 3 0 -31 0 0 -3 192
217 0 0 9 0 -31 3 0 384 | 0 -93 21 0 -31 0 0 -3 384
527 0 0 9 0 -31 -3 0 384 | 0 -93 51 0 31 0 0 -3 384
31 0 0 -5 0 0 0 0 64 | 0 155 9 0 0 0 0 0 192
279 0 0 -27 0 -31 9 0 384 | 0 93 9 0 -31 0 0 -1 128
-31 0 0 -5 0 0 0 0 64 | 0 155 -9 0 0 0 0 0 192
-279 0 0 -27 0 -31 -9 0 384 | 0 93 -9 0 31 0 0 -1 128
-93 0 0 -27 0 -31 9 0 384 | 0 93 -3 0 -31 0 0 -1 128
-341 0 0 -9 0 -31 3 0 384 | 0 93 -33 0 -31 0 0 -3 384
-31 0 0 -9 0 -31 -3 0 384 | 0 93 -3 0 31 0 0 -3 384
62 0 0 6 0 -31 -3 0 192 | 0 -62 6 0 31 0 0 -3 192
248 0 0 6 0 -31 -3 0 192 | 0 -62 24 0 31 0 0 -3 192
341 0 0 -3 0 -93 -3 0 384 | 0 31 33 0 31 0 0 -9 384
31 0 0 27 0 -31 3 0 384 | 0 -279 3 0 -31 0 0 -3 384
341 0 0 27 0 -31 -3 0 384 | 0 -279 33 0 31 0 0 -3 384
155 0 0 -27 0 -31 -3 0 384 | 0 279 15 0 31 0 0 -3 384
-155 0 0 3 0 31 3 0 384 | 0 -31 -15 0 -31 0 0 3 384
403 0 0 -3 0 -93 3 0 384 | 0 31 39 0 -31 0 0 -9 384
-31 0 0 3 0 0 6 0 192 | 0 -31 -3 0 -62 0 0 0 192
124 0 0 3 0 0 3 0 192 | 0 -31 12 0 -31 0 0 0 192
62 0 0 -3 0 -31 6 0 192 | 0 31 6 0 -62 0 0 -3 192
31 0 0 0 0 0 3 0 96 | 0 0 3 0 -31 0 0 0 96
62 0 0 -1 0 0 3 0 64 | 0 31 18 0 -93 0 0 0 192
589 0 0 -3 0 -31 3 0 384 | 0 31 57 0 -31 0 0 -3 384
217 0 0 -9 0 -31 3 0 192 | 0 93 21 0 -31 0 0 -3 192
-31 0 0 -3 0 -31 15 0 384 | 0 31 -3 0 -155 0 0 -3 384
31 0 0 3 0 0 3 0 96 | 0 -31 3 0 -31 0 0 0 96
217 0 0 6 0 0 3 0 192 | 0 -62 21 0 -31 0 0 0 192
-279 0 0 -27 0 31 9 0 384 | 0 93 -9 0 -31 0 0 1 128
124 0 0 0 0 -31 3 0 192 | 0 0 12 0 -31 0 0 -3 192
124 0 0 15 0 0 3 0 192 | 0 -155 12 0 -31 0 0 0 192
31 0 0 -12 0 0 3 0 192 | 0 124 3 0 -31 0 0 0 192
217 0 0 3 0 -93 3 0 384 | 0 -31 21 0 -31 0 0 -9 384
31 0 0 9 0 -31 3 0 192 | 0 -93 3 0 -31 0 0 -3 192
155 0 0 -3 0 0 6 0 192 | 0 31 15 0 -62 0 0 0 192
155 0 0 -21 0 -31 15 0 384 | 0 217 15 0 -155 0 0 -3 384
527 0 0 -3 0 -31 -3 0 384 | 0 31 51 0 31 0 0 -3 384
217 0 0 27 0 31 3 0 384 | 0 -279 21 0 -31 0 0 3 384
186 0 0 0 0 31 9 0 192 | 0 0 6 0 -31 0 0 1 64
589 0 0 3 0 31 3 0 384 | 0 -31 57 0 -31 0 0 3 384
217 0 0 -6 0 0 3 0 192 | 0 62 21 0 -31 0 0 0 192
62 0 0 9 0 31 6 0 192 | 0 -93 6 0 -62 0 0 3 192
217 0 0 9 0 31 3 0 192 | 0 -93 21 0 -31 0 0 3 192
403 0 0 -15 0 31 3 0 384 | 0 155 39 0 -31 0 0 3 384
124 0 0 -15 0 0 3 0 192 | 0 155 12 0 -31 0 0 0 192
403 0 0 21 0 31 3 0 384 | 0 -217 39 0 -31 0 0 3 384
31 0 0 -9 0 31 3 0 192 | 0 93 3 0 -31 0 0 3 192
-341 0 0 -15 0 31 3 0 384 | 0 155 -33 0 -31 0 0 3 384
31 0 0 12 0 0 3 0 192 | 0 -124 3 0 -31 0 0 0 192
155 0 0 3 0 0 6 0 192 | 0 -31 15 0 -62 0 0 0 192
155 0 0 -9 0 -31 15 0 384 | 0 93 15 0 -155 0 0 -3 384
527 0 0 3 0 31 -3 0 384 | 0 -31 51 0 31 0 0 3 384
217 0 0 -27 0 -31 3 0 384 | 0 279 21 0 -31 0 0 -3 384
155 0 0 -3 0 0 0 0 64 | 0 31 15 0 0 0 0 0 64
155 0 0 3 0 0 0 0 64 | 0 -31 15 0 0 0 0 0 64
651 0 0 -3 0 31 -9 0 384 | 0 31 63 0 93 0 0 3 384
651 0 0 3 0 -31 -9 0 384 | 0 -31 63 0 93 0 0 -3 384
372 0 0 3 0 -31 0 0 192 | 0 -31 36 0 0 0 0 -3 192
837 0 0 3 0 -31 9 0 384 | 0 -31 81 0 -93 0 0 -3 384
899 0 0 -15 0 -31 -3 0 384 | 0 155 87 0 31 0 0 -3 384
589 0 0 -15 0 -31 3 0 384 | 0 155 57 0 -31 0 0 -3 384
589 0 0 15 0 31 3 0 384 | 0 -155 57 0 -31 0 0 3 384
899 0 0 15 0 31 -3 0 384 | 0 -155 87 0 31 0 0 3 384
279 0 0 -6 0 -31 0 0 192 | 0 62 27 0 0 0 0 -3 192
651 0 0 -15 0 -31 9 0 384 | 0 155 63 0 -93 0 0 -3 384
651 0 0 -21 0 31 9 0 384 | 0 217 63 0 -93 0 0 3 384
434 0 0 -9 0 0 -3 0 192 | 0 93 42 0 31 0 0 0 192
713 0 0 -3 0 31 -3 0 384 | 0 31 69 0 31 0 0 3 384
279 0 0 6 0 31 0 0 192 | 0 -62 27 0 0 0 0 3 192
465 0 0 21 0 -31 -9 0 384 | 0 -217 45 0 93 0 0 -3 384
279 0 0 12 0 -31 0 0 192 | 0 -124 27 0 0 0 0 -3 192
651 0 0 21 0 -31 9 0 384 | 0 -217 63 0 -93 0 0 -3 384
651 0 0 15 0 31 9 0 384 | 0 -155 63 0 -93 0 0 3 384
713 0 0 3 0 -31 -3 0 384 | 0 -31 69 0 31 0 0 -3 384
403 0 0 33 0 31 3 0 384 | 0 -341 39 0 -31 0 0 3 384
713 0 0 33 0 31 -3 0 384 | 0 -341 69 0 31 0 0 3 384
93 0 0 -3 0 31 0 0 96 | 0 31 9 0 0 0 0 3 96
217 0 0 -9 0 0 -6 0 192 | 0 93 21 0 62 0 0 0 192
341 0 0 3 0 -31 -3 0 192 | 0 -31 33 0 31 0 0 -3 192
217 0 0 21 0 -31 3 0 384 | 0 -217 21 0 -31 0 0 -3 384
93 0 0 0 0 0 3 0 64 | 0 0 9 0 -31 0 0 0 64
775 0 0 3 0 -31 3 0 384 | 0 -31 75 0 -31 0 0 -3 384
310 0 0 -6 0 -31 3 0 192 | 0 62 30 0 -31 0 0 -3 192
155 0 0 9 0 0 6 0 192 | 0 -93 15 0 -62 0 0 0 192
775 0 0 -3 0 31 3 0 384 | 0 31 75 0 -31 0 0 3 384
310 0 0 -9 0 0 3 0 192 | 0 93 30 0 -31 0 0 0 192
155 0 0 -9 0 0 6 0 192 | 0 93 15 0 -62 0 0 0 192
155 0 0 6 0 31 6 0 192 | 0 -62 15 0 -62 0 0 3 192
310 0 0 6 0 31 3 0 192 | 0 -62 30 0 -31 0 0 3 192
837 0 0 -15 0 -31 -9 0 384 | 0 155 81 0 93 0 0 -3 384
837 0 0 15 0 31 -9 0 384 | 0 -155 81 0 93 0 0 3 384
341 0 0 -15 0 -31 -3 0 192 | 0 155 33 0 31 0 0 -3 192
186 0 0 -15 0 -31 0 0 192 | 0 155 18 0 0 0 0 -3 192
31 0 0 -15 0 -31 3 0 192 | 0 155 3 0 -31 0 0 -3 192
186 0 0 15 0 31 0 0 192 | 0 -155 18 0 0 0 0 3 192
279 0 0 -39 0 31 -9 0 384 | 0 403 27 0 93 0 0 3 384
465 0 0 -33 0 -31 9 0 384 | 0 341 45 0 -93 0 0 -3 384
341 0 0 -18 0 0 -3 0 192 | 0 186 33 0 31 0 0 0 192
31 0 0 -18 0 0 3 0 192 | 0 186 3 0 -31 0 0 0 192
93 0 0 -33 0 -31 9 0 384 | 0 341 9 0 -93 0 0 -3 384
93 0 0 -39 0 31 9 0 384 | 0 403 9 0 -93 0 0 3 384
248 0 0 -12 0 31 -3 0 192 | 0 124 24 0 31 0 0 3 192
31 0 0 -9 0 93 3 0 384 | 0 93 3 0 -31 0 0 9 384
341 0 0 -9 0 93 -3 0 384 | 0 93 33 0 31 0 0 9 384
62 0 0 0 0 0 -3 0 96 | 0 0 6 0 31 0 0 0 96
589 0 0 -21 0 31 3 0 384 | 0 217 57 0 -31 0 0 3 384
217 0 0 -18 0 0 3 0 192 | 0 186 21 0 -31 0 0 0 192
62 0 0 -3 0 31 6 0 192 | 0 31 6 0 -62 0 0 3 192
217 0 0 -3 0 31 3 0 192 | 0 31 21 0 -31 0 0 3 192
651 0 0 -33 0 -31 -9 0 384 | 0 341 63 0 93 0 0 -3 384
155 0 0 18 0 0 -3 0 192 | 0 -186 15 0 31 0 0 0 192
279 0 0 33 0 31 -9 0 384 | 0 -341 27 0 93 0 0 3 384
465 0 0 39 0 -31 9 0 384 | 0 -403 45 0 -93 0 0 -3 384
248 0 0 12 0 -31 -3 0 192 | 0 -124 24 0 31 0 0 -3 192
217 0 0 3 0 -31 3 0 192 | 0 -31 21 0 -31 0 0 -3 192
62 0 0 3 0 -31 6 0 192 | 0 -31 6 0 -62 0 0 -3 192
186 0 0 6 0 31 9 0 192 | 0 -62 18 0 -93 0 0 3 192
124 0 0 12 0 -31 3 0 192 | 0 -124 12 0 -31 0 0 -3 192
248 0 0 3 0 -31 6 0 192 | 0 -31 24 0 -62 0 0 -3 192
124 0 0 0 0 0 3 0 96 | 0 0 12 0 -31 0 0 0 96
341 0 0 -15 0 -31 15 0 384 | 0 155 33 0 -155 0 0 -3 384
341 0 0 15 0 31 15 0 384 | 0 -155 33 0 -155 0 0 3 384
248 0 0 -3 0 31 6 0 192 | 0 31 24 0 -62 0 0 3 192
1023 0 0 -3 0 -31 9 0 384 | 0 31 99 0 -93 0 0 -3 384
124 0 0 3 0 0 3 0 64 | 0 -31 12 0 -31 0 0 0 64
434 0 0 -6 0 31 3 0 192 | 0 62 42 0 -31 0 0 3 192
775 0 0 -9 0 -31 15 0 384 | 0 93 75 0 -155 0 0 -3 384
155 0 0 -5 0 0 2 0 64 | 0 155 45 0 -62 0 0 0 192
310 0 0 -15 0 0 9 0 192 | 0 155 30 0 -93 0 0 0 192
434 0 0 6 0 -31 3 0 192 | 0 -62 42 0 -31 0 0 -3 192
341 0 0 6 0 0 3 0 192 | 0 -62 33 0 -31 0 0 0 192
341 0 0 9 0 -31 3 0 192 | 0 -93 33 0 -31 0 0 -3 192
403 0 0 -6 0 31 6 0 192 | 0 62 39 0 -62 0 0 3 192
217 0 0 12 0 31 6 0 192 | 0 -124 21 0 -62 0 0 3 192
527 0 0 3 0 93 3 0 384 | 0 -31 51 0 -31 0 0 9 384
465 0 0 3 0 31 3 0 192 | 0 -31 45 0 -31 0 0 3 192
775 0 0 -9 0 31 9 0 384 | 0 31 25 0 -31 0 0 1 128
403 0 0 3 0 31 -3 0 192 | 0 -31 39 0 31 0 0 3 192
403 0 0 0 0 0 -3 0 192 | 0 0 39 0 31 0 0 0 192
310 0 0 3 0 0 -3 0 192 | 0 -31 30 0 31 0 0 0 192
713 0 0 9 0 -31 3 0 384 | 0 -93 69 0 -31 0 0 -3 384
403 0 0 3 0 0 6 0 192 | 0 -31 39 0 -62 0 0 0 192
1023 0 0 3 0 31 -3 0 384 | 0 -31 99 0 31 0 0 3 384
217 0 0 -3 0 0 0 0 96 | 0 31 21 0 0 0 0 0 96
279 0 0 9 0 31 3 0 192 | 0 -93 27 0 -31 0 0 3 192
899 0 0 -21 0 -31 3 0 384 | 0 217 87 0 -31 0 0 -3 384
310 0 0 -3 0 0 -3 0 192 | 0 31 30 0 31 0 0 0 192
713 0 0 3 0 -93 3 0 384 | 0 -31 69 0 -31 0 0 -9 384
403 0 0 -3 0 0 6 0 192 | 0 31 39 0 -62 0 0 0 192
1023 0 0 -3 0 -31 -3 0 384 | 0 31 99 0 31 0 0 -3 384
434 0 0 -9 0 -31 0 0 192 | 0 31 14 0 0 0 0 -1 64
527 0 0 -3 0 -93 3 0 384 | 0 31 51 0 -31 0 0 -9 384
465 0 0 -3 0 -31 3 0 192 | 0 31 45 0 -31 0 0 -3 192
775 0 0 9 0 -31 9 0 384 | 0 -31 25 0 -31 0 0 -1 128
899 0 0 -3 0 31 3 0 384 | 0 31 87 0 -31 0 0 3 384
899 0 0 3 0 -31 3 0 384 | 0 -31 87 0 -31 0 0 -3 384
155 0 0 -9 0 0 3 0 96 | 0 93 15 0 -31 0 0 0 96
713 0 0 -21 0 31 3 0 384 | 0 217 69 0 -31 0 0 3 384
713 0 0 -15 0 -31 3 0 384 | 0 155 69 0 -31 0 0 -3 384
217 0 0 -6 0 -31 6 0 192 | 0 62 21 0 -62 0 0 -3 192
124 0 0 -3 0 0 1 0 64 | 0 93 36 0 -31 0 0 0 192
279 0 0 -3 0 31 15 0 384 | 0 31 27 0 -155 0 0 3 384
589 0 0 -3 0 31 9 0 384 | 0 31 57 0 -93 0 0 3 384
403 0 0 -15 0 -31 9 0 384 | 0 155 39 0 -93 0 0 -3 384
93 0 0 15 0 31 15 0 384 | 0 -155 9 0 -155 0 0 3 384
217 0 0 6 0 31 6 0 192 | 0 -62 21 0 -62 0 0 3 192
589 0 0 3 0 -31 9 0 384 | 0 -31 57 0 -93 0 0 -3 384
713 0 0 21 0 -31 3 0 384 | 0 -217 69 0 -31 0 0 -3 384
775 0 0 -21 0 31 9 0 384 | 0 217 75 0 -93 0 0 3 384
465 0 0 -21 0 31 15 0 384 | 0 217 45 0 -155 0 0 3 384
217 0 0 -3 0 31 -3 0 192 | 0 31 21 0 31 0 0 3 192
837 0 0 -3 0 31 -3 0 384 | 0 31 81 0 31 0 0 3 384
186 0 0 6 0 31 3 0 192 | 0 -62 18 0 -31 0 0 3 192
341 0 0 6 0 31 0 0 192 | 0 -62 33 0 0 0 0 3 192
217 0 0 3 0 -31 -3 0 192 | 0 -31 21 0 31 0 0 -3 192
837 0 0 3 0 -31 -3 0 384 | 0 -31 81 0 31 0 0 -3 384
186 0 0 -6 0 -31 3 0 192 | 0 62 18 0 -31 0 0 -3 192
155 0 0 0 0 0 0 0 48 | 0 0 5 0 0 0 0 0 16
1085 0 0 -15 0 -31 3 0 384 | 0 155 105 0 -31 0 0 -3 384
465 0 0 -15 0 -31 3 0 192 | 0 155 45 0 -31 0 0 -3 192
310 0 0 -15 0 -31 6 0 192 | 0 155 30 0 -62 0 0 -3 192
310 0 0 15 0 31 6 0 192 | 0 -155 30 0 -62 0 0 3 192
465 0 0 15 0 31 3 0 192 | 0 -155 45 0 -31 0 0 3 192
527 0 0 -27 0 31 3 0 384 | 0 279 51 0 -31 0 0 3 384
310 0 0 -12 0 31 3 0 192 | 0 124 30 0 -31 0 0 3 192
155 0 0 -12 0 31 6 0 192 | 0 124 15 0 -62 0 0 3 192
217 0 0 -3 0 31 -3 0 128 | 0 31 21 0 31 0 0 3 128
372 0 0 -15 0 31 0 0 192 | 0 155 36 0 0 0 0 3 192
155 0 0 -5 0 31 -3 0 128 | 0 155 45 0 93 0 0 9 384
651 0 0 -9 0 31 9 0 384 | 0 31 21 0 -31 0 0 1 128
713 0 0 -27 0 31 -3 0 384 | 0 279 69 0 31 0 0 3 384
403 0 0 -27 0 31 3 0 384 | 0 279 39 0 -31 0 0 3 384
155 0 0 -5 0 -31 3 0 128 | 0 155 45 0 -93 0 0 -9 384
775 0 0 -21 0 -31 3 0 384 | 0 217 75 0 -31 0 0 -3 384
310 0 0 -3 0 0 3 0 192 | 0 31 30 0 -31 0 0 0 192
341 0 0 -9 0 0 6 0 192 | 0 93 33 0 -62 0 0 0 192
279 0 0 3 0 31 9 0 192 | 0 -31 27 0 -93 0 0 3 192
1023 0 0 -33 0 31 9 0 384 | 0 341 99 0 -93 0 0 3 384
372 0 0 -9 0 31 0 0 192 | 0 31 12 0 0 0 0 1 64
62 0 0 -1 0 0 0 0 32 | 0 31 18 0 0 0 0 0 96
527 0 0 -15 0 31 15 0 384 | 0 155 51 0 -155 0 0 3 384
279 0 0 -18 0 31 0 0 192 | 0 62 9 0 0 0 0 1 64
93 0 0 -5 0 0 0 0 64 | 0 155 27 0 0 0 0 0 192
651 0 0 -27 0 -31 9 0 384 | 0 93 21 0 -31 0 0 -1 128
589 0 0 -33 0 31 3 0 384 | 0 341 57 0 -31 0 0 3 384
217 0 0 -9 0 31 3 0 192 | 0 93 21 0 -31 0 0 3 192
837 0 0 21 0 31 9 0 384 | 0 -217 81 0 -93 0 0 3 384
961 0 0 3 0 31 3 0 384 | 0 -31 93 0 -31 0 0 3 384
403 0 0 -6 0 0 3 0 192 | 0 62 39 0 -31 0 0 0 192
341 0 0 3 0 31 15 0 384 | 0 -31 33 0 -155 0 0 3 384
248 0 0 9 0 31 6 0 192 | 0 -93 24 0 -62 0 0 3 192
527 0 0 -33 0 31 -3 0 384 | 0 341 51 0 31 0 0 3 384
217 0 0 -33 0 31 3 0 384 | 0 341 21 0 -31 0 0 3 384
527 0 0 -3 0 93 -3 0 384 | 0 31 51 0 31 0 0 9 384
527 0 0 -27 0 -31 -3 0 384 | 0 279 51 0 31 0 0 -3 384
310 0 0 -12 0 -31 3 0 192 | 0 124 30 0 -31 0 0 -3 192
155 0 0 -12 0 -31 6 0 192 | 0 124 15 0 -62 0 0 -3 192
713 0 0 3 0 31 15 0 384 | 0 -31 69 0 -155 0 0 3 384
1085 0 0 -15 0 31 -3 0 384 | 0 155 105 0 31 0 0 3 384
155 0 0 -5 0 0 0 0 64 | 0 155 45 0 0 0 0 0 192
465 0 0 0 0 31 0 0 192 | 0 0 15 0 0 0 0 1 64
775 0 0 -45 0 -31 3 0 384 | 0 465 75 0 -31 0 0 -3 384
155 0 0 5 0 31 3 0 128 | 0 -155 45 0 -93 0 0 9 384
775 0 0 15 0 93 3 0 384 | 0 -155 75 0 -31 0 0 9 384
155 0 0 6 0 0 3 0 96 | 0 -62 15 0 -31 0 0 0 96
527 0 0 27 0 -31 3 0 384 | 0 -279 51 0 -31 0 0 -3 384
775 0 0 21 0 31 3 0 384 | 0 -217 75 0 -31 0 0 3 384
155 0 0 5 0 -31 -3 0 128 | 0 -155 45 0 93 0 0 -9 384
403 0 0 27 0 -31 3 0 384 | 0 -279 39 0 -31 0 0 -3 384
713 0 0 27 0 -31 -3 0 384 | 0 -279 69 0 31 0 0 -3 384
341 0 0 9 0 0 6 0 192 | 0 -93 33 0 -62 0 0 0 192
837 0 0 9 0 31 9 0 384 | 0 -31 27 0 -31 0 0 1 128
341 0 0 0 0 -31 6 0 192 | 0 0 33 0 -62 0 0 -3 192
124 0 0 -1 0 0 3 0 64 | 0 31 36 0 -93 0 0 0 192
961 0 0 -3 0 -31 3 0 384 | 0 31 93 0 -31 0 0 -3 384
341 0 0 -3 0 -31 15 0 384 | 0 31 33 0 -155 0 0 -3 384
403 0 0 6 0 0 3 0 192 | 0 -62 39 0 -31 0 0 0 192
589 0 0 33 0 -31 3 0 384 | 0 -341 57 0 -31 0 0 -3 384
93 0 0 5 0 0 0 0 64 | 0 -155 27 0 0 0 0 0 192
248 0 0 9 0 -31 6 0 192 | 0 -93 24 0 -62 0 0 -3 192
775 0 0 9 0 31 3 0 384 | 0 -93 75 0 -31 0 0 3 384
341 0 0 6 0 0 -3 0 192 | 0 -62 33 0 31 0 0 0 192
527 0 0 27 0 31 -3 0 384 | 0 -279 51 0 31 0 0 3 384
217 0 0 33 0 -31 3 0 384 | 0 -341 21 0 -31 0 0 -3 384
217 0 0 3 0 0 3 0 96 | 0 -31 21 0 -31 0 0 0 96
713 0 0 -3 0 -31 15 0 384 | 0 31 69 0 -155 0 0 -3 384
465 0 0 0 0 -31 0 0 192 | 0 0 15 0 0 0 0 -1 64
775 0 0 45 0 31 3 0 384 | 0 -465 75 0 -31 0 0 3 384
155 0 0 9 0 31 3 0 192 | 0 -93 15 0 -31 0 0 3 192
155 0 0 -3 0 93 9 0 384 | 0 31 15 0 -93 0 0 9 384
217 0 0 27 0 93 -3 0 384 | 0 -279 21 0 31 0 0 9 384
248 0 0 3 0 62 3 0 192 | 0 -31 24 0 -31 0 0 6 192
279 0 0 -3 0 31 -3 0 192 | 0 31 27 0 31 0 0 3 192
589 0 0 9 0 93 15 0 384 | 0 -93 57 0 -155 0 0 9 384
589 0 0 3 0 93 -3 0 384 | 0 -31 57 0 31 0 0 9 384
496 0 0 3 0 31 0 0 192 | 0 -31 48 0 0 0 0 3 192
837 0 0 -9 0 31 3 0 384 | 0 93 81 0 -31 0 0 3 384
527 0 0 -9 0 31 9 0 384 | 0 31 17 0 -31 0 0 1 128
403 0 0 -15 0 93 -3 0 384 | 0 155 39 0 31 0 0 9 384
651 0 0 -27 0 31 3 0 384 | 0 279 63 0 -31 0 0 3 384
341 0 0 -27 0 31 9 0 384 | 0 93 11 0 -31 0 0 1 128
93 0 0 -6 0 31 6 0 192 | 0 62 9 0 -62 0 0 3 192
341 0 0 3 0 93 9 0 384 | 0 -31 33 0 -93 0 0 9 384
217 0 0 1 0 31 1 0 128 | 0 -31 63 0 -31 0 0 9 384
217 0 0 -6 0 31 0 0 192 | 0 62 21 0 0 0 0 3 192
279 0 0 -27 0 31 3 0 384 | 0 279 27 0 -31 0 0 3 384
-31 0 0 3 0 93 9 0 384 | 0 -31 -3 0 -93 0 0 9 384
93 0 0 1 0 31 1 0 128 | 0 -31 27 0 -31 0 0 9 384
93 0 0 -9 0 31 3 0 384 | 0 93 9 0 -31 0 0 3 384
31 0 0 21 0 93 -3 0 384 | 0 -217 3 0 31 0 0 9 384
217 0 0 27 0 31 15 0 384 | 0 -279 21 0 -155 0 0 3 384
217 0 0 12 0 31 0 0 192 | 0 -124 21 0 0 0 0 3 192
279 0 0 9 0 31 3 0 384 | 0 -93 27 0 -31 0 0 3 384
-31 0 0 9 0 31 9 0 384 | 0 -31 -1 0 -31 0 0 1 128
403 0 0 27 0 31 -3 0 384 | 0 -279 39 0 31 0 0 3 384
248 0 0 15 0 0 3 0 192 | 0 -155 24 0 -31 0 0 0 192
589 0 0 27 0 31 15 0 384 | 0 -279 57 0 -155 0 0 3 384
651 0 0 9 0 31 3 0 384 | 0 -93 63 0 -31 0 0 3 384
155 0 0 0 0 31 0 0 96 | 0 0 5 0 0 0 0 1 32
186 0 0 -6 0 31 -3 0 192 | 0 62 18 0 31 0 0 3 192
62 0 0 -1 0 0 -1 0 64 | 0 31 18 0 31 0 0 0 192
31 0 0 -3 0 0 0 0 192 | 0 31 3 0 0 0 0 0 192
-93 0 0 9 0 31 3 0 384 | 0 -93 -9 0 -31 0 0 3 384
31 0 0 12 0 31 0 0 192 | 0 -124 3 0 0 0 0 3 192
155 0 0 -3 0 -31 9 0 384 | 0 31 15 0 -93 0 0 -3 384
0 0 0 1 0 0 1 0 32 | 0 -31 0 0 -31 0 0 0 96
155 0 0 27 0 31 9 0 384 | 0 -93 5 0 -31 0 0 1 128
465 0 0 27 0 31 3 0 384 | 0 -279 45 0 -31 0 0 3 384
713 0 0 9 0 31 9 0 384 | 0 -31 23 0 -31 0 0 1 128
93 0 0 -1 0 0 2 0 64 | 0 31 27 0 -62 0 0 0 192
124 0 0 -3 0 0 9 0 192 | 0 31 12 0 -93 0 0 0 192
713 0 0 3 0 93 9 0 384 | 0 -31 69 0 -93 0 0 9 384
155 0 0 -6 0 0 0 0 96 | 0 62 15 0 0 0 0 0 96
0 0 0 -2 0 0 1 0 32 | 0 62 0 0 -31 0 0 0 96
341 0 0 -6 0 31 -6 0 192 | 0 62 33 0 62 0 0 3 192
124 0 0 3 0 0 -3 0 96 | 0 -31 12 0 31 0 0 0 96
341 0 0 -9 0 31 -9 0 384 | 0 31 11 0 31 0 0 1 128
93 0 0 3 0 31 -3 0 192 | 0 -31 9 0 31 0 0 3 192
217 0 0 0 0 0 -3 0 96 | 0 0 21 0 31 0 0 0 96
341 0 0 9 0 0 -6 0 192 | 0 -93 33 0 62 0 0 0 192
248 0 0 3 0 -31 -6 0 192 | 0 -31 24 0 62 0 0 -3 192
31 0 0 0 0 0 -1 0 64 | 0 0 9 0 31 0 0 0 192
341 0 0 15 0 31 -9 0 384 | 0 -155 33 0 93 0 0 3 384
961 0 0 -15 0 31 -3 0 384 | 0 155 93 0 31 0 0 3 384
341 0 0 0 0 31 -6 0 192 | 0 0 33 0 62 0 0 3 192
775 0 0 9 0 -31 -3 0 384 | 0 -93 75 0 31 0 0 -3 384
434 0 0 0 0 31 3 0 192 | 0 0 42 0 -31 0 0 3 192
465 0 0 3 0 31 3 0 384 | 0 -31 45 0 -31 0 0 3 384
310 0 0 9 0 31 0 0 192 | 0 -31 10 0 0 0 0 1 64
775 0 0 -33 0 31 -3 0 384 | 0 341 75 0 31 0 0 3 384
248 0 0 -9 0 31 -6 0 192 | 0 93 24 0 62 0 0 3 192
589 0 0 -9 0 -31 -3 0 384 | 0 93 57 0 31 0 0 -3 384
279 0 0 -15 0 31 3 0 384 | 0 155 27 0 -31 0 0 3 384
372 0 0 0 0 31 -3 0 192 | 0 0 36 0 31 0 0 3 192
403 0 0 39 0 31 -3 0 384 | 0 -403 39 0 31 0 0 3 384
62 0 0 1 0 0 -1 0 64 | 0 -31 18 0 31 0 0 0 192
31 0 0 3 0 0 0 0 192 | 0 -31 3 0 0 0 0 0 192
775 0 0 39 0 31 -3 0 384 | 0 -403 75 0 31 0 0 3 384
248 0 0 9 0 31 -6 0 192 | 0 -93 24 0 62 0 0 3 192
124 0 0 6 0 0 -3 0 96 | 0 -62 12 0 31 0 0 0 96
589 0 0 27 0 -31 -3 0 384 | 0 -279 57 0 31 0 0 -3 384
124 0 0 1 0 0 -1 0 64 | 0 -31 36 0 31 0 0 0 192
217 0 0 3 0 0 0 0 192 | 0 -31 21 0 0 0 0 0 192
279 0 0 21 0 31 3 0 384 | 0 -217 27 0 -31 0 0 3 384
279 0 0 -9 0 31 -3 0 192 | 0 93 27 0 31 0 0 3 192
403 0 0 15 0 -93 -3 0 384 | 0 -155 39 0 31 0 0 -9 384
124 0 0 -3 0 -31 0 0 192 | 0 31 12 0 0 0 0 -3 192
93 0 0 9 0 -31 3 0 384 | 0 -93 9 0 -31 0 0 -3 384
31 0 0 3 0 0 0 0 48 | 0 -31 3 0 0 0 0 0 48
93 0 0 4 0 0 -1 0 64 | 0 -124 27 0 31 0 0 0 192
589 0 0 9 0 -31 15 0 384 | 0 -93 57 0 -155 0 0 -3 384
651 0 0 -9 0 -31 3 0 384 | 0 93 63 0 -31 0 0 -3 384
341 0 0 -9 0 -31 9 0 384 | 0 31 11 0 -31 0 0 -1 128
31 0 0 1 0 0 2 0 64 | 0 -31 9 0 -62 0 0 0 192
651 0 0 21 0 31 3 0 384 | 0 -217 63 0 -31 0 0 3 384
341 0 0 -15 0 31 9 0 384 | 0 155 33 0 -93 0 0 3 384
93 0 0 0 0 31 6 0 192 | 0 0 9 0 -62 0 0 3 192
434 0 0 9 0 31 -6 0 192 | 0 -93 42 0 62 0 0 3 192
155 0 0 -12 0 -31 -6 0 192 | 0 124 15 0 62 0 0 -3 192
589 0 0 -3 0 -93 -3 0 384 | 0 31 57 0 31 0 0 -9 384
589 0 0 9 0 -93 -3 0 384 | 0 -93 57 0 31 0 0 -9 384
155 0 0 -6 0 -31 -6 0 192 | 0 62 15 0 62 0 0 -3 192
31 0 0 -3 0 -31 1 0 128 | 0 93 9 0 -31 0 0 -9 384
124 0 0 3 0 -31 0 0 192 | 0 -31 12 0 0 0 0 -3 192
279 0 0 3 0 -31 -3 0 192 | 0 -31 27 0 31 0 0 -3 192
961 0 0 -21 0 -31 -3 0 384 | 0 217 93 0 31 0 0 -3 384
341 0 0 -3 0 0 -6 0 192 | 0 31 33 0 62 0 0 0 192
434 0 0 -3 0 0 3 0 192 | 0 31 42 0 -31 0 0 0 192
310 0 0 -9 0 -31 0 0 192 | 0 31 10 0 0 0 0 -1 64
775 0 0 -39 0 -31 -3 0 384 | 0 403 75 0 31 0 0 -3 384
403 0 0 -39 0 -31 -3 0 384 | 0 403 39 0 31 0 0 -3 384
124 0 0 -6 0 0 -3 0 96 | 0 62 12 0 31 0 0 0 96
341 0 0 -9 0 -31 3 0 192 | 0 93 33 0 -31 0 0 -3 192
341 0 0 -12 0 0 3 0 192 | 0 124 33 0 -31 0 0 0 192
279 0 0 -21 0 -31 3 0 384 | 0 217 27 0 -31 0 0 -3 384
31 0 0 -6 0 0 -3 0 96 | 0 62 3 0 31 0 0 0 96
62 0 0 -9 0 -31 -6 0 192 | 0 93 6 0 62 0 0 -3 192
155 0 0 -9 0 -31 3 0 192 | 0 93 15 0 -31 0 0 -3 192
527 0 0 -21 0 -31 -9 0 384 | 0 217 51 0 93 0 0 -3 384
-93 0 0 -21 0 -31 3 0 384 | 0 217 -9 0 -31 0 0 -3 384
372 0 0 0 0 -31 -3 0 192 | 0 0 36 0 31 0 0 -3 192
217 0 0 0 0 -31 0 0 192 | 0 0 7 0 0 0 0 -1 64
217 0 0 15 0 0 0 0 192 | 0 -155 21 0 0 0 0 0 192
93 0 0 -4 0 0 -1 0 64 | 0 124 27 0 31 0 0 0 192
31 0 0 -3 0 0 0 0 48 | 0 31 3 0 0 0 0 0 48
279 0 0 3 0 31 -3 0 192 | 0 -31 27 0 31 0 0 3 192
465 0 0 9 0 31 -15 0 384 | 0 -93 45 0 155 0 0 3 384
651 0 0 15 0 -31 3 0 384 | 0 -155 63 0 -31 0 0 -3 384
403 0 0 -3 0 0 0 0 192 | 0 31 39 0 0 0 0 0 192
651 0 0 -21 0 -31 3 0 384 | 0 217 63 0 -31 0 0 -3 384
341 0 0 -21 0 -31 9 0 384 | 0 217 33 0 -93 0 0 -3 384
31 0 0 -1 0 0 2 0 64 | 0 31 9 0 -62 0 0 0 192
217 0 0 3 0 0 -3 0 96 | 0 -31 21 0 31 0 0 0 96
713 0 0 27 0 31 -9 0 384 | 0 -93 23 0 31 0 0 1 128
155 0 0 1 0 -31 1 0 128 | 0 -31 45 0 -31 0 0 -9 384
527 0 0 -9 0 -93 9 0 384 | 0 31 17 0 -31 0 0 -3 128
186 0 0 3 0 -31 6 0 192 | 0 -31 18 0 -62 0 0 -3 192
496 0 0 -3 0 -31 0 0 192 | 0 31 48 0 0 0 0 -3 192
837 0 0 9 0 -31 3 0 384 | 0 -93 81 0 -31 0 0 -3 384
403 0 0 -21 0 -93 -3 0 384 | 0 217 39 0 31 0 0 -9 384
93 0 0 -12 0 -31 6 0 192 | 0 124 9 0 -62 0 0 -3 192
31 0 0 -21 0 -93 -3 0 384 | 0 217 3 0 31 0 0 -9 384
-31 0 0 -9 0 -31 9 0 384 | 0 31 -1 0 -31 0 0 -1 128
279 0 0 -9 0 -31 3 0 384 | 0 93 27 0 -31 0 0 -3 384
-217 0 0 9 0 -31 9 0 384 | 0 -31 -7 0 -31 0 0 -1 128
217 0 0 6 0 -31 0 0 192 | 0 -62 21 0 0 0 0 -3 192
93 0 0 -1 0 -31 1 0 128 | 0 31 27 0 -31 0 0 -9 384
-31 0 0 27 0 -31 9 0 384 | 0 -93 -1 0 -31 0 0 -1 128
279 0 0 27 0 -31 3 0 384 | 0 -279 27 0 -31 0 0 -3 384
341 0 0 -3 0 -93 9 0 384 | 0 31 33 0 -93 0 0 -9 384
93 0 0 6 0 -31 6 0 192 | 0 -62 9 0 -62 0 0 -3 192
341 0 0 27 0 -31 9 0 384 | 0 -93 11 0 -31 0 0 -1 128
465 0 0 -27 0 -31 3 0 384 | 0 279 45 0 -31 0 0 -3 384
155 0 0 -27 0 -31 9 0 384 | 0 93 5 0 -31 0 0 -1 128
155 0 0 3 0 31 9 0 384 | 0 -31 15 0 -93 0 0 3 384
527 0 0 -9 0 -31 -9 0 384 | 0 31 17 0 31 0 0 -1 128
186 0 0 -12 0 -31 -3 0 192 | 0 124 18 0 31 0 0 -3 192
31 0 0 -12 0 -31 0 0 192 | 0 124 3 0 0 0 0 -3 192
-93 0 0 -9 0 -31 3 0 384 | 0 93 -9 0 -31 0 0 -3 384
186 0 0 6 0 -31 -3 0 192 | 0 -62 18 0 31 0 0 -3 192
713 0 0 -3 0 -93 9 0 384 | 0 31 69 0 -93 0 0 -9 384
279 0 0 6 0 -31 6 0 192 | 0 -62 27 0 -62 0 0 -3 192
713 0 0 -9 0 -31 9 0 384 | 0 31 23 0 -31 0 0 -1 128
124 0 0 3 0 0 9 0 192 | 0 -31 12 0 -93 0 0 0 192
93 0 0 1 0 0 2 0 64 | 0 -31 27 0 -62 0 0 0 192
155 0 0 6 0 0 0 0 96 | 0 -62 15 0 0 0 0 0 96
899 0 0 -3 0 -31 9 0 384 | 0 31 87 0 -93 0 0 -3 384
713 0 0 -21 0 -31 9 0 384 | 0 217 69 0 -93 0 0 -3 384
31 0 0 -27 0 31 15 0 384 | 0 279 3 0 -155 0 0 3 384
31 0 0 5 0 0 2 0 64 | 0 -155 9 0 -62 0 0 0 192
-31 0 0 -21 0 -31 9 0 384 | 0 217 -3 0 -93 0 0 -3 384
-31 0 0 15 0 -31 9 0 384 | 0 -155 -3 0 -93 0 0 -3 384
527 0 0 3 0 -93 9 0 384 | 0 -31 51 0 -93 0 0 -9 384
527 0 0 27 0 31 9 0 384 | 0 -93 17 0 -31 0 0 1 128
899 0 0 3 0 31 9 0 384 | 0 -31 87 0 -93 0 0 3 384
62 0 0 -1 0 0 1 0 32 | 0 31 18 0 -31 0 0 0 96
93 0 0 -5 0 0 2 0 64 | 0 155 27 0 -62 0 0 0 192
124 0 0 0 0 31 9 0 192 | 0 0 4 0 -31 0 0 1 64
279 0 0 0 0 31 6 0 192 | 0 0 27 0 -62 0 0 3 192
31 0 0 -5 0 0 2 0 64 | 0 155 9 0 -62 0 0 0 192
31 0 0 27 0 -31 15 0 384 | 0 -279 3 0 -155 0 0 -3 384
-62 0 0 3 0 0 9 0 192 | 0 -31 -6 0 -93 0 0 0 192
527 0 0 -3 0 93 9 0 384 | 0 31 51 0 -93 0 0 9 384
186 0 0 -9 0 31 6 0 192 | 0 93 18 0 -62 0 0 3 192
-31 0 0 -15 0 31 9 0 384 | 0 155 -3 0 -93 0 0 3 384
93 0 0 5 0 31 1 0 128 | 0 -155 27 0 -31 0 0 9 384
-31 0 0 21 0 31 9 0 384 | 0 -217 -3 0 -93 0 0 3 384
31 0 0 -3 0 -31 9 0 192 | 0 31 3 0 -93 0 0 -3 192
837 0 0 3 0 31 3 0 384 | 0 -31 81 0 -31 0 0 3 384
527 0 0 -27 0 -31 9 0 384 | 0 93 17 0 -31 0 0 -1 128
961 0 0 -3 0 31 -3 0 384 | 0 31 93 0 31 0 0 3 384
899 0 0 -15 0 -31 9 0 384 | 0 155 87 0 -93 0 0 -3 384
899 0 0 15 0 31 9 0 384 | 0 -155 87 0 -93 0 0 3 384
434 0 0 -6 0 -31 3 0 192 | 0 62 42 0 -31 0 0 -3 192
1023 0 0 -33 0 -31 3 0 384 | 0 341 99 0 -31 0 0 -3 384
775 0 0 21 0 -31 -3 0 384 | 0 -217 75 0 31 0 0 -3 384
434 0 0 12 0 -31 3 0 192 | 0 -124 42 0 -31 0 0 -3 192
1023 0 0 3 0 -31 3 0 384 | 0 -31 99 0 -31 0 0 -3 384
837 0 0 -21 0 31 3 0 384 | 0 217 81 0 -31 0 0 3 384
527 0 0 -21 0 31 9 0 384 | 0 217 51 0 -93 0 0 3 384
217 0 0 6 0 31 0 0 192 | 0 -62 21 0 0 0 0 3 192
372 0 0 6 0 31 -3 0 192 | 0 -62 36 0 31 0 0 3 192
217 0 0 -6 0 -31 0 0 192 | 0 62 21 0 0 0 0 -3 192
124 0 0 3 0 0 -1 0 64 | 0 -93 36 0 31 0 0 0 192
496 0 0 3 0 -31 0 0 192 | 0 -31 48 0 0 0 0 -3 192
527 0 0 21 0 -31 9 0 384 | 0 -217 51 0 -93 0 0 -3 384
341 0 0 -15 0 -31 3 0 192 | 0 155 33 0 -31 0 0 -3 192
341 0 0 15 0 31 3 0 192 | 0 -155 33 0 -31 0 0 3 192
341 0 0 -21 0 31 3 0 192 | 0 217 33 0 -31 0 0 3 192
589 0 0 -39 0 31 -3 0 384 | 0 403 57 0 31 0 0 3 384
589 0 0 -33 0 -31 -3 0 384 | 0 341 57 0 31 0 0 -3 384
217 0 0 -39 0 31 -3 0 384 | 0 403 21 0 31 0 0 3 384
217 0 0 -33 0 -31 -3 0 384 | 0 341 21 0 31 0 0 -3 384
155 0 0 -9 0 0 0 0 96 | 0 31 5 0 0 0 0 0 32
403 0 0 -12 0 31 0 0 192 | 0 124 39 0 0 0 0 3 192
651 0 0 -39 0 31 3 0 384 | 0 403 63 0 -31 0 0 3 384
341 0 0 -9 0 93 9 0 384 | 0 31 11 0 -31 0 0 3 128
217 0 0 -3 0 31 1 0 128 | 0 93 63 0 -31 0 0 9 384
155 0 0 -12 0 31 -6 0 192 | 0 124 15 0 62 0 0 3 192
93 0 0 -6 0 0 -1 0 64 | 0 186 27 0 31 0 0 0 192
62 0 0 -9 0 0 0 0 96 | 0 31 2 0 0 0 0 0 32
279 0 0 -15 0 -31 -3 0 192 | 0 155 27 0 31 0 0 -3 192
124 0 0 -15 0 -31 0 0 192 | 0 155 12 0 0 0 0 -3 192
93 0 0 0 0 0 -1 0 64 | 0 0 27 0 31 0 0 0 192
403 0 0 -6 0 -31 0 0 192 | 0 62 39 0 0 0 0 -3 192
217 0 0 -3 0 31 9 0 192 | 0 31 21 0 -93 0 0 3 192
93 0 0 6 0 31 6 0 192 | 0 -62 9 0 -62 0 0 3 192
403 0 0 6 0 31 0 0 192 | 0 -62 39 0 0 0 0 3 192
-31 0 0 -21 0 31 3 0 192 | 0 217 -3 0 -31 0 0 3 192
-155 0 0 -33 0 -31 -3 0 384 | 0 341 -15 0 31 0 0 -3 384
-31 0 0 -15 0 -31 3 0 192 | 0 155 -3 0 -31 0 0 -3 192
217 0 0 -12 0 31 0 0 192 | 0 124 21 0 0 0 0 3 192
279 0 0 -39 0 31 3 0 384 | 0 403 27 0 -31 0 0 3 384
93 0 0 -3 0 31 1 0 128 | 0 93 27 0 -31 0 0 9 384
341 0 0 -21 0 31 -9 0 384 | 0 217 33 0 93 0 0 3 384
31 0 0 -6 0 0 -1 0 64 | 0 186 9 0 31 0 0 0 192
-31 0 0 -9 0 0 0 0 96 | 0 31 -1 0 0 0 0 0 32
93 0 0 -3 0 31 -3 0 192 | 0 31 9 0 31 0 0 3 192
-279 0 0 -15 0 -31 3 0 384 | 0 155 -27 0 -31 0 0 -3 384
-31 0 0 0 0 0 0 0 96 | 0 0 -1 0 0 0 0 0 32
0 0 0 -3 0 0 -1 0 64 | 0 93 0 0 31 0 0 0 192
-155 0 0 -9 0 0 0 0 192 | 0 31 -5 0 0 0 0 0 64
0 0 0 6 0 31 -3 0 192 | 0 -62 0 0 31 0 0 3 192
155 0 0 3 0 -31 -9 0 384 | 0 -31 15 0 93 0 0 -3 384
0 0 0 3 0 0 -1 0 64 | 0 -93 0 0 31 0 0 0 192
93 0 0 21 0 -31 3 0 384 | 0 -217 9 0 -31 0 0 -3 384
-31 0 0 15 0 31 3 0 192 | 0 -155 -3 0 -31 0 0 3 192
62 0 0 9 0 0 0 0 96 | 0 -31 2 0 0 0 0 0 32
403 0 0 33 0 31 15 0 384 | 0 -341 39 0 -155 0 0 3 384
155 0 0 9 0 0 0 0 96 | 0 -31 5 0 0 0 0 0 32
341 0 0 21 0 -31 -9 0 384 | 0 -217 33 0 93 0 0 -3 384
31 0 0 6 0 0 -1 0 64 | 0 -186 9 0 31 0 0 0 192
217 0 0 12 0 -31 0 0 192 | 0 -124 21 0 0 0 0 -3 192
93 0 0 3 0 -31 1 0 128 | 0 -93 27 0 -31 0 0 -9 384
279 0 0 39 0 -31 3 0 384 | 0 -403 27 0 -31 0 0 -3 384
589 0 0 33 0 31 -3 0 384 | 0 -341 57 0 31 0 0 3 384
589 0 0 39 0 -31 -3 0 384 | 0 -403 57 0 31 0 0 -3 384
403 0 0 12 0 -31 0 0 192 | 0 -124 39 0 0 0 0 -3 192
341 0 0 9 0 -93 9 0 384 | 0 -31 11 0 -31 0 0 -3 128
155 0 0 -9 0 31 1 0 128 | 0 279 45 0 -31 0 0 9 384
527 0 0 -9 0 93 -9 0 384 | 0 31 17 0 31 0 0 3 128
186 0 0 -12 0 31 -3 0 192 | 0 124 18 0 31 0 0 3 192
31 0 0 -12 0 31 0 0 192 | 0 124 3 0 0 0 0 3 192
465 0 0 -3 0 31 -3 0 192 | 0 31 45 0 31 0 0 3 192
-31 0 0 -21 0 31 -9 0 384 | 0 217 -3 0 93 0 0 3 384
-31 0 0 -15 0 -31 -9 0 384 | 0 155 -3 0 93 0 0 -3 384
-31 0 0 0 0 0 -1 0 64 | 0 0 -9 0 31 0 0 0 192
-31 0 0 21 0 -31 -9 0 384 | 0 -217 -3 0 93 0 0 -3 384
186 0 0 12 0 -31 -3 0 192 | 0 -124 18 0 31 0 0 -3 192
248 0 0 -15 0 31 -6 0 192 | 0 155 24 0 62 0 0 3 192
124 0 0 -21 0 31 0 0 192 | 0 217 12 0 0 0 0 3 192
31 0 0 -9 0 31 1 0 128 | 0 279 9 0 -31 0 0 9 384
124 0 0 -9 0 0 -3 0 96 | 0 93 12 0 31 0 0 0 96
527 0 0 -33 0 31 9 0 384 | 0 341 51 0 -93 0 0 3 384
589 0 0 -33 0 93 -3 0 384 | 0 341 57 0 31 0 0 9 384
403 0 0 -45 0 31 -3 0 384 | 0 465 39 0 31 0 0 3 384
248 0 0 -21 0 0 3 0 192 | 0 217 24 0 -31 0 0 0 192
31 0 0 -45 0 31 -3 0 384 | 0 465 3 0 31 0 0 3 384
62 0 0 -21 0 0 3 0 192 | 0 217 6 0 -31 0 0 0 192
93 0 0 -45 0 31 3 0 384 | 0 465 9 0 -31 0 0 3 384
62 0 0 -7 0 0 -1 0 64 | 0 217 18 0 31 0 0 0 192
31 0 0 -21 0 0 0 0 192 | 0 217 3 0 0 0 0 0 192
465 0 0 -39 0 -31 3 0 384 | 0 403 45 0 -31 0 0 -3 384
155 0 0 -39 0 -31 9 0 384 | 0 403 15 0 -93 0 0 -3 384
713 0 0 -27 0 31 9 0 384 | 0 93 23 0 -31 0 0 1 128
775 0 0 -45 0 31 -3 0 384 | 0 465 75 0 31 0 0 3 384
775 0 0 -15 0 93 -3 0 384 | 0 155 75 0 31 0 0 9 384
155 0 0 -15 0 0 0 0 96 | 0 155 15 0 0 0 0 0 96
155 0 0 -30 0 0 3 0 192 | 0 310 15 0 -31 0 0 0 192
-155 0 0 -45 0 31 15 0 384 | 0 465 -15 0 -155 0 0 3 384
-93 0 0 -45 0 31 9 0 384 | 0 155 -3 0 -31 0 0 1 128
155 0 0 -30 0 0 -3 0 192 | 0 310 15 0 31 0 0 0 192
0 0 0 -5 0 0 0 0 32 | 0 155 0 0 0 0 0 0 96
-155 0 0 -30 0 0 3 0 192 | 0 310 -15 0 -31 0 0 0 192
-465 0 0 -45 0 31 9 0 384 | 0 155 -15 0 -31 0 0 1 128
186 0 0 -12 0 31 3 0 192 | 0 124 18 0 -31 0 0 3 192
93 0 0 -3 0 31 3 0 192 | 0 31 9 0 -31 0 0 3 192
155 0 0 -9 0 0 0 0 192 | 0 31 5 0 0 0 0 0 64
0 0 0 -3 0 0 1 0 64 | 0 93 0 0 -31 0 0 0 192
0 0 0 6 0 31 3 0 192 | 0 -62 0 0 -31 0 0 3 192
279 0 0 -3 0 31 3 0 192 | 0 31 27 0 -31 0 0 3 192
403 0 0 -21 0 31 9 0 384 | 0 217 39 0 -93 0 0 3 384
341 0 0 -3 0 31 -15 0 384 | 0 31 33 0 155 0 0 3 384
527 0 0 3 0 31 -15 0 384 | 0 -31 51 0 155 0 0 3 384
341 0 0 -9 0 -31 -15 0 384 | 0 93 33 0 155 0 0 -3 384
31 0 0 -15 0 31 -9 0 384 | 0 155 3 0 93 0 0 3 384
465 0 0 -27 0 31 -3 0 384 | 0 279 45 0 31 0 0 3 384
217 0 0 -12 0 0 -3 0 192 | 0 124 21 0 31 0 0 0 192
31 0 0 -27 0 31 -9 0 384 | 0 93 1 0 31 0 0 1 128
-279 0 0 -27 0 31 -3 0 384 | 0 279 -27 0 31 0 0 3 384
217 0 0 -9 0 31 -9 0 384 | 0 31 7 0 31 0 0 1 128
310 0 0 12 0 31 -3 0 192 | 0 -124 30 0 31 0 0 3 192
589 0 0 -9 0 31 -9 0 384 | 0 31 19 0 31 0 0 1 128
62 0 0 3 0 31 0 0 192 | 0 -31 6 0 0 0 0 3 192
93 0 0 -21 0 -31 -3 0 384 | 0 217 9 0 31 0 0 -3 384
403 0 0 9 0 31 -9 0 384 | 0 -31 13 0 31 0 0 1 128
31 0 0 -4 0 0 1 0 64 | 0 124 9 0 -31 0 0 0 192
248 0 0 3 0 31 0 0 192 | 0 -31 24 0 0 0 0 3 192
-31 0 0 -21 0 0 0 0 192 | 0 217 -3 0 0 0 0 0 192
217 0 0 -9 0 -31 -3 0 192 | 0 93 21 0 31 0 0 -3 192
527 0 0 -39 0 31 3 0 384 | 0 403 51 0 -31 0 0 3 384
31 0 0 -15 0 -31 -3 0 192 | 0 155 3 0 31 0 0 -3 192
155 0 0 -33 0 -31 3 0 384 | 0 341 15 0 -31 0 0 -3 384
341 0 0 3 0 -31 -15 0 384 | 0 -31 33 0 155 0 0 -3 384
279 0 0 -15 0 -31 -3 0 384 | 0 155 27 0 31 0 0 -3 384
31 0 0 0 0 0 0 0 96 | 0 0 1 0 0 0 0 0 32
279 0 0 15 0 31 -3 0 384 | 0 -155 27 0 31 0 0 3 384
589 0 0 15 0 31 -9 0 384 | 0 -155 57 0 93 0 0 3 384
651 0 0 -15 0 -31 -3 0 384 | 0 155 63 0 31 0 0 -3 384
31 0 0 -15 0 -31 9 0 384 | 0 155 3 0 -93 0 0 -3 384
31 0 0 0 0 0 1 0 64 | 0 0 9 0 -31 0 0 0 192
651 0 0 -21 0 31 -3 0 384 | 0 217 63 0 31 0 0 3 384
31 0 0 -21 0 31 9 0 384 | 0 217 3 0 -93 0 0 3 384
124 0 0 -15 0 -31 6 0 192 | 0 155 12 0 -62 0 0 -3 192
155 0 0 -6 0 -31 0 0 192 | 0 62 15 0 0 0 0 -3 192
186 0 0 -12 0 -31 3 0 192 | 0 124 18 0 -31 0 0 -3 192
217 0 0 -9 0 -31 9 0 384 | 0 31 7 0 -31 0 0 -1 128
310 0 0 -9 0 -31 6 0 192 | 0 93 30 0 -62 0 0 -3 192
837 0 0 -21 0 -31 -3 0 384 | 0 217 81 0 31 0 0 -3 384
217 0 0 -21 0 -31 9 0 384 | 0 217 21 0 -93 0 0 -3 384
-62 0 0 -21 0 0 -3 0 192 | 0 217 -6 0 31 0 0 0 192
-31 0 0 -4 0 0 1 0 64 | 0 124 -9 0 -31 0 0 0 192
-31 0 0 -6 0 0 3 0 96 | 0 62 -3 0 -31 0 0 0 96
-62 0 0 -1 0 0 1 0 64 | 0 31 -18 0 -31 0 0 0 192
0 0 0 -6 0 31 3 0 192 | 0 62 0 0 -31 0 0 3 192
-31 0 0 -3 0 0 0 0 48 | 0 31 -3 0 0 0 0 0 48
93 0 0 -4 0 0 1 0 64 | 0 124 27 0 -31 0 0 0 192
93 0 0 -9 0 31 15 0 384 | 0 93 9 0 -155 0 0 3 384
31 0 0 15 0 31 9 0 384 | 0 -155 3 0 -93 0 0 3 384
-31 0 0 0 0 0 1 0 64 | 0 0 -9 0 -31 0 0 0 192
372 0 0 -6 0 31 3 0 192 | 0 62 36 0 -31 0 0 3 192
589 0 0 -27 0 31 9 0 384 | 0 93 19 0 -31 0 0 1 128
217 0 0 9 0 31 9 0 384 | 0 -31 7 0 -31 0 0 1 128
62 0 0 -7 0 0 1 0 64 | 0 217 18 0 -31 0 0 0 192
403 0 0 -9 0 31 -3 0 192 | 0 93 39 0 31 0 0 3 192
403 0 0 -6 0 0 -3 0 192 | 0 62 39 0 31 0 0 0 192
372 0 0 0 0 31 3 0 192 | 0 0 36 0 -31 0 0 3 192
713 0 0 -27 0 -31 3 0 384 | 0 279 69 0 -31 0 0 -3 384
93 0 0 -1 0 31 -1 0 128 | 0 31 27 0 31 0 0 9 384
837 0 0 -9 0 -31 -3 0 384 | 0 93 81 0 31 0 0 -3 384
62 0 0 1 0 0 1 0 64 | 0 -31 18 0 -31 0 0 0 192
465 0 0 3 0 31 15 0 384 | 0 -31 45 0 -155 0 0 3 384
775 0 0 3 0 31 9 0 384 | 0 -31 75 0 -93 0 0 3 384
527 0 0 15 0 93 3 0 384 | 0 -155 51 0 -31 0 0 9 384
403 0 0 -15 0 31 -9 0 384 | 0 155 39 0 93 0 0 3 384
651 0 0 -27 0 -31 -3 0 384 | 0 279 63 0 31 0 0 -3 384
279 0 0 9 0 -31 -3 0 384 | 0 -93 27 0 31 0 0 -3 384
31 0 0 6 0 0 0 0 96 | 0 -62 3 0 0 0 0 0 96
217 0 0 21 0 31 9 0 384 | 0 -217 21 0 -93 0 0 3 384
217 0 0 9 0 31 -3 0 192 | 0 -93 21 0 31 0 0 3 192
217 0 0 12 0 0 -3 0 192 | 0 -124 21 0 31 0 0 0 192
837 0 0 21 0 31 -3 0 384 | 0 -217 81 0 31 0 0 3 384
403 0 0 21 0 31 -9 0 384 | 0 -217 39 0 93 0 0 3 384
248 0 0 -3 0 -31 0 0 192 | 0 31 24 0 0 0 0 -3 192
217 0 0 9 0 -31 -9 0 384 | 0 -31 7 0 31 0 0 -1 128
0 0 0 6 0 -31 3 0 192 | 0 -62 0 0 -31 0 0 -3 192
155 0 0 6 0 -31 0 0 192 | 0 -62 15 0 0 0 0 -3 192
279 0 0 -3 0 -31 3 0 192 | 0 31 27 0 -31 0 0 -3 192
651 0 0 -15 0 31 15 0 384 | 0 155 63 0 -155 0 0 3 384
-341 0 0 -27 0 31 -9 0 384 | 0 93 -11 0 31 0 0 1 128
-651 0 0 -27 0 31 -3 0 384 | 0 279 -63 0 31 0 0 3 384
-155 0 0 -30 0 0 -3 0 192 | 0 310 -15 0 31 0 0 0 192
-155 0 0 -15 0 0 0 0 96 | 0 155 -15 0 0 0 0 0 96
0 0 0 -6 0 31 -3 0 192 | 0 62 0 0 31 0 0 3 192
279 0 0 -9 0 31 -15 0 384 | 0 93 27 0 155 0 0 3 384
-31 0 0 -9 0 31 -9 0 384 | 0 31 -1 0 31 0 0 1 128
-93 0 0 3 0 31 -3 0 192 | 0 -31 -9 0 31 0 0 3 192
31 0 0 -4 0 0 -1 0 64 | 0 124 9 0 31 0 0 0 192
-31 0 0 -6 0 0 0 0 96 | 0 62 -3 0 0 0 0 0 96
-279 0 0 -9 0 31 3 0 384 | 0 93 -27 0 -31 0 0 3 384
-62 0 0 3 0 31 0 0 192 | 0 -31 -6 0 0 0 0 3 192
93 0 0 -15 0 31 -3 0 192 | 0 155 9 0 31 0 0 3 192
-403 0 0 -9 0 -31 9 0 384 | 0 31 -13 0 -31 0 0 -1 128
-155 0 0 -6 0 31 0 0 192 | 0 62 -15 0 0 0 0 3 192
-93 0 0 -39 0 31 3 0 384 | 0 403 -9 0 -31 0 0 3 384
310 0 0 -9 0 31 0 0 192 | 0 31 10 0 0 0 0 1 64
465 0 0 -33 0 31 3 0 384 | 0 341 45 0 -31 0 0 3 384
155 0 0 -33 0 31 9 0 384 | 0 341 15 0 -93 0 0 3 384
-93 0 0 -45 0 -31 3 0 384 | 0 465 -9 0 -31 0 0 -3 384
-403 0 0 -15 0 31 9 0 384 | 0 155 -39 0 -93 0 0 3 384
-31 0 0 -24 0 0 3 0 192 | 0 248 -3 0 -31 0 0 0 192
-279 0 0 -27 0 -31 3 0 384 | 0 279 -27 0 -31 0 0 -3 384
93 0 0 -7 0 31 1 0 128 | 0 217 27 0 -31 0 0 9 384
-31 0 0 9 0 -31 -9 0 384 | 0 -31 -1 0 31 0 0 -1 128
124 0 0 -21 0 -31 0 0 192 | 0 217 12 0 0 0 0 -3 192
465 0 0 3 0 -31 -3 0 384 | 0 -31 45 0 31 0 0 -3 384
0 0 0 3 0 0 1 0 64 | 0 -93 0 0 -31 0 0 0 192
155 0 0 9 0 0 0 0 192 | 0 -31 5 0 0 0 0 0 64
279 0 0 21 0 -31 -3 0 384 | 0 -217 27 0 31 0 0 -3 384
62 0 0 3 0 -31 0 0 192 | 0 -31 6 0 0 0 0 -3 192
93 0 0 3 0 -31 3 0 192 | 0 -31 9 0 -31 0 0 -3 192
31 0 0 7 0 0 0 0 64 | 0 -217 9 0 0 0 0 0 192
124 0 0 15 0 -31 0 0 192 | 0 -155 12 0 0 0 0 -3 192
93 0 0 45 0 -31 3 0 384 | 0 -465 9 0 -31 0 0 -3 384
310 0 0 9 0 -31 0 0 192 | 0 -31 10 0 0 0 0 -1 64
341 0 0 27 0 31 -9 0 384 | 0 -93 11 0 31 0 0 1 128
527 0 0 33 0 -31 9 0 384 | 0 -341 51 0 -93 0 0 -3 384
527 0 0 15 0 -93 9 0 384 | 0 -155 51 0 -93 0 0 -9 384
403 0 0 45 0 -31 -3 0 384 | 0 -465 39 0 31 0 0 -3 384
465 0 0 39 0 31 3 0 384 | 0 -403 45 0 -31 0 0 3 384
62 0 0 7 0 0 -1 0 64 | 0 -217 18 0 31 0 0 0 192
713 0 0 27 0 -31 9 0 384 | 0 -93 23 0 -31 0 0 -1 128
775 0 0 45 0 -31 -3 0 384 | 0 -465 75 0 31 0 0 -3 384
155 0 0 15 0 0 0 0 96 | 0 -155 15 0 0 0 0 0 96
124 0 0 15 0 31 6 0 192 | 0 -155 12 0 -62 0 0 3 192
93 0 0 4 0 0 1 0 64 | 0 -124 27 0 -31 0 0 0 192
496 0 0 9 0 0 -3 0 192 | 0 -93 48 0 31 0 0 0 192
527 0 0 33 0 31 3 0 384 | 0 -341 51 0 -31 0 0 3 384
248 0 0 3 0 -31 0 0 192 | 0 -31 24 0 0 0 0 -3 192
589 0 0 9 0 -31 -9 0 384 | 0 -31 19 0 31 0 0 -1 128
279 0 0 3 0 -31 3 0 192 | 0 -31 27 0 -31 0 0 -3 192
341 0 0 6 0 -31 0 0 192 | 0 -62 33 0 0 0 0 -3 192
372 0 0 0 0 -31 3 0 192 | 0 0 36 0 -31 0 0 -3 192
589 0 0 15 0 -31 9 0 384 | 0 -155 57 0 -93 0 0 -3 384
713 0 0 27 0 31 3 0 384 | 0 -279 69 0 -31 0 0 3 384
279 0 0 27 0 31 -3 0 384 | 0 -279 27 0 31 0 0 3 384
93 0 0 1 0 -31 -1 0 128 | 0 -31 27 0 31 0 0 -9 384
775 0 0 -3 0 -31 9 0 384 | 0 31 75 0 -93 0 0 -3 384
465 0 0 -3 0 -31 15 0 384 | 0 31 45 0 -155 0 0 -3 384
403 0 0 15 0 -31 -9 0 384 | 0 -155 39 0 93 0 0 -3 384
124 0 0 -1 0 0 1 0 64 | 0 31 36 0 -31 0 0 0 192
589 0 0 9 0 31 9 0 384 | 0 -31 19 0 -31 0 0 1 128
403 0 0 -9 0 -31 -3 0 192 | 0 93 39 0 31 0 0 -3 192
775 0 0 9 0 31 -9 0 384 | 0 -31 25 0 31 0 0 1 128
651 0 0 9 0 31 -9 0 384 | 0 -31 21 0 31 0 0 1 128
589 0 0 -9 0 31 3 0 384 | 0 93 57 0 -31 0 0 3 384
217 0 0 3 0 31 3 0 192 | 0 -31 21 0 -31 0 0 3 192
465 0 0 27 0 31 -9 0 384 | 0 -93 15 0 31 0 0 1 128
155 0 0 -6 0 31 6 0 192 | 0 62 15 0 -62 0 0 3 192
341 0 0 -12 0 0 -3 0 192 | 0 124 33 0 31 0 0 0 192
217 0 0 -12 0 0 3 0 192 | 0 124 21 0 -31 0 0 0 192
31 0 0 -6 0 0 3 0 96 | 0 62 3 0 -31 0 0 0 96
217 0 0 -15 0 31 3 0 192 | 0 155 21 0 -31 0 0 3 192
651 0 0 -27 0 31 -9 0 384 | 0 93 21 0 31 0 0 1 128
248 0 0 -21 0 0 -3 0 192 | 0 217 24 0 31 0 0 0 192
-62 0 0 -21 0 0 3 0 192 | 0 217 -6 0 -31 0 0 0 192
62 0 0 -21 0 0 -3 0 192 | 0 217 6 0 31 0 0 0 192
248 0 0 15 0 0 -3 0 192 | 0 -155 24 0 31 0 0 0 192
155 0 0 9 0 -31 -3 0 192 | 0 -93 15 0 31 0 0 -3 192
155 0 0 1 0 0 0 0 64 | 0 -31 45 0 0 0 0 0 192
341 0 0 9 0 31 -3 0 192 | 0 -93 33 0 31 0 0 3 192
651 0 0 -9 0 -31 -9 0 384 | 0 31 21 0 31 0 0 -1 128
651 0 0 27 0 -31 -9 0 384 | 0 -93 21 0 31 0 0 -1 128
31 0 0 1 0 0 0 0 16 | 0 -31 9 0 0 0 0 0 48
372 0 0 9 0 31 0 0 192 | 0 -31 12 0 0 0 0 1 64
434 0 0 3 0 0 -3 0 192 | 0 -31 42 0 31 0 0 0 192
713 0 0 21 0 31 -3 0 384 | 0 -217 69 0 31 0 0 3 384
713 0 0 -15 0 31 -3 0 384 | 0 155 69 0 31 0 0 3 384
465 0 0 -27 0 -31 -9 0 384 | 0 93 15 0 31 0 0 -1 128
155 0 0 -33 0 31 -3 0 384 | 0 341 15 0 31 0 0 3 384
93 0 0 7 0 0 0 0 64 | 0 -217 27 0 0 0 0 0 192
589 0 0 9 0 -31 3 0 384 | 0 -93 57 0 -31 0 0 -3 384
217 0 0 -3 0 -31 3 0 192 | 0 31 21 0 -31 0 0 -3 192
31 0 0 6 0 0 3 0 96 | 0 -62 3 0 -31 0 0 0 96
217 0 0 12 0 0 3 0 192 | 0 -124 21 0 -31 0 0 0 192
589 0 0 -3 0 93 3 0 384 | 0 31 57 0 -31 0 0 9 384
155 0 0 -1 0 0 0 0 64 | 0 31 45 0 0 0 0 0 192
31 0 0 -1 0 0 0 0 16 | 0 31 9 0 0 0 0 0 48
403 0 0 -15 0 -93 3 0 384 | 0 155 39 0 -31 0 0 -9 384
434 0 0 -3 0 0 -3 0 192 | 0 31 42 0 31 0 0 0 192
713 0 0 -21 0 -31 -3 0 384 | 0 217 69 0 31 0 0 -3 384
93 0 0 -7 0 0 0 0 64 | 0 217 27 0 0 0 0 0 192
589 0 0 3 0 -93 3 0 384 | 0 -31 57 0 -31 0 0 -9 384
31 0 0 -4 0 0 0 0 32 | 0 124 9 0 0 0 0 0 96
0 0 0 -1 0 0 0 0 8 | 0 31 0 0 0 0 0 0 24
93 0 0 -45 0 -31 9 0 384 | 0 155 3 0 -31 0 0 -1 128
248 0 0 -3 0 -31 6 0 192 | 0 31 24 0 -62 0 0 -3 192
341 0 0 9 0 -31 15 0 384 | 0 -93 33 0 -155 0 0 -3 384
341 0 0 -3 0 0 6 0 192 | 0 31 33 0 -62 0 0 0 192
527 0 0 9 0 31 15 0 384 | 0 -93 51 0 -155 0 0 3 384
341 0 0 3 0 0 6 0 192 | 0 -31 33 0 -62 0 0 0 192
403 0 0 -45 0 -31 3 0 384 | 0 465 39 0 -31 0 0 -3 384
124 0 0 6 0 0 3 0 96 | 0 -62 12 0 -31 0 0 0 96
1023 0 0 -3 0 31 -9 0 384 | 0 31 99 0 93 0 0 3 384
1023 0 0 3 0 -31 -9 0 384 | 0 -31 99 0 93 0 0 -3 384
403 0 0 0 0 0 3 0 192 | 0 0 39 0 -31 0 0 0 192
341 0 0 6 0 31 6 0 192 | 0 -62 33 0 -62 0 0 3 192
403 0 0 -39 0 31 3 0 384 | 0 403 39 0 -31 0 0 3 384
434 0 0 -6 0 -31 -3 0 192 | 0 62 42 0 31 0 0 -3 192
434 0 0 6 0 31 -3 0 192 | 0 -62 42 0 31 0 0 3 192
775 0 0 -39 0 31 3 0 384 | 0 403 75 0 -31 0 0 3 384
