# primes 3 11 247
0 0 0 0 0 0 0 0 1 | 0 0 0 0 0 0 0 0 1
5 0 0 0 0 0 0 0 6 | 0 0 -1 0 0 0 0 0 6
5 0 0 1 0 0 0 0 12 | 0 5 -1 0 0 0 0 0 12
-5 0 0 1 0 0 0 0 12 | 0 5 1 0 0 0 0 0 12
-5 0 0 0 0 0 0 0 6 | 0 0 1 0 0 0 0 0 6
-5 0 0 -1 0 0 0 0 12 | 0 -5 1 0 0 0 0 0 12
5 0 0 -1 0 0 0 0 12 | 0 -5 -1 0 0 0 0 0 12
0 0 0 1 0 0 0 0 6 | 0 -1 0 0 0 0 0 0 6
3 0 0 1 0 0 0 0 12 | 0 -1 3 0 0 0 0 0 12
3 0 0 -1 0 0 0 0 12 | 0 1 3 0 0 0 0 0 12
0 0 0 -1 0 0 0 0 6 | 0 1 0 0 0 0 0 0 6
-3 0 0 -1 0 0 0 0 12 | 0 1 -3 0 0 0 0 0 12
-3 0 0 1 0 0 0 0 12 | 0 -1 -3 0 0 0 0 0 12
1 0 0 0 0 0 0 0 1 | 0 0 0 0 0 0 0 0 1
1 0 0 0 0 0 0 0 2 | 0 1 0 0 0 0 0 0 2
-1 0 0 0 0 0 0 0 2 | 0 1 0 0 0 0 0 0 2
-1 0 0 0 0 0 0 0 1 | 0 0 0 0 0 0 0 0 1
-1 0 0 0 0 0 0 0 2 | 0 -1 0 0 0 0 0 0 2
1 0 0 0 0 0 0 0 2 | 0 -1 0 0 0 0 0 0 2
0 0 0 1 0 0 0 0 6 | 0 1 0 0 0 0 0 0 6
-3 0 0 1 0 0 0 0 12 | 0 1 3 0 0 0 0 0 12
-3 0 0 -1 0 0 0 0 12 | 0 -1 3 0 0 0 0 0 12
0 0 0 -1 0 0 0 0 6 | 0 -1 0 0 0 0 0 0 6
3 0 0 -1 0 0 0 0 12 | 0 -1 -3 0 0 0 0 0 12
3 0 0 1 0 0 0 0 12 | 0 1 -3 0 0 0 0 0 12
5 0 0 0 0 0 0 0 6 | 0 0 1 0 0 0 0 0 6
5 0 0 -1 0 0 0 0 12 | 0 5 1 0 0 0 0 0 12
-5 0 0 -1 0 0 0 0 12 | 0 5 -1 0 0 0 0 0 12
-5 0 0 0 0 0 0 0 6 | 0 0 -1 0 0 0 0 0 6
-5 0 0 1 0 0 0 0 12 | 0 -5 -1 0 0 0 0 0 12
5 0 0 1 0 0 0 0 12 | 0 -5 1 0 0 0 0 0 12
5 0 0 0 0 0 0 0 3 | 0 0 -1 0 0 0 0 0 3
15 0 0 1 0 0 0 0 12 | 0 5 -3 0 0 0 0 0 12
15 0 0 -1 0 0 0 0 12 | 0 -5 -3 0 0 0 0 0 12
5 0 0 1 0 0 0 0 6 | 0 -1 -1 0 0 0 0 0 6
13 0 0 1 0 0 0 0 12 | 0 -1 1 0 0 0 0 0 12
13 0 0 -1 0 0 0 0 12 | 0 1 1 0 0 0 0 0 12
5 0 0 -1 0 0 0 0 6 | 0 1 -1 0 0 0 0 0 6
7 0 0 -1 0 0 0 0 12 | 0 1 -5 0 0 0 0 0 12
7 0 0 1 0 0 0 0 12 | 0 -1 -5 0 0 0 0 0 12
11 0 0 0 0 0 0 0 6 | 0 0 -1 0 0 0 0 0 6
4 0 0 0 0 0 0 0 3 | 0 3 -1 0 0 0 0 0 6
1 0 0 0 0 0 0 0 3 | 0 3 -1 0 0 0 0 0 6
-1 0 0 0 0 0 0 0 6 | 0 0 -1 0 0 0 0 0 6
1 0 0 0 0 0 0 0 3 | 0 -3 -1 0 0 0 0 0 6
4 0 0 0 0 0 0 0 3 | 0 -3 -1 0 0 0 0 0 6
5 0 0 1 0 0 0 0 6 | 0 1 -1 0 0 0 0 0 6
7 0 0 1 0 0 0 0 12 | 0 1 1 0 0 0 0 0 12
7 0 0 -1 0 0 0 0 12 | 0 -1 1 0 0 0 0 0 12
5 0 0 -1 0 0 0 0 6 | 0 -1 -1 0 0 0 0 0 6
13 0 0 -1 0 0 0 0 12 | 0 -1 -5 0 0 0 0 0 12
13 0 0 1 0 0 0 0 12 | 0 1 -5 0 0 0 0 0 12
5 0 0 0 0 0 0 0 3 | 0 0 0 0 0 0 0 0 1
15 0 0 -1 0 0 0 0 12 | 0 5 -1 0 0 0 0 0 12
5 0 0 -1 0 0 0 0 12 | 0 5 -3 0 0 0 0 0 12
0 0 0 0 0 0 0 0 1 | 0 0 -1 0 0 0 0 0 3
5 0 0 1 0 0 0 0 12 | 0 -5 -3 0 0 0 0 0 12
15 0 0 1 0 0 0 0 12 | 0 -5 -1 0 0 0 0 0 12
5 0 0 1 0 0 0 0 6 | 0 5 -1 0 0 0 0 0 6
0 0 0 1 0 0 0 0 6 | 0 5 0 0 0 0 0 0 6
5 0 0 3 0 0 0 0 12 | 0 3 -1 0 0 0 0 0 12
4 0 0 1 0 0 0 0 6 | 0 2 1 0 0 0 0 0 6
2 0 0 0 0 0 0 0 3 | 0 3 1 0 0 0 0 0 6
5 0 0 -1 0 0 0 0 12 | 0 7 -1 0 0 0 0 0 12
1 0 0 0 0 0 0 0 6 | 0 3 -2 0 0 0 0 0 6
1 0 0 1 0 0 0 0 6 | 0 1 -1 0 0 0 0 0 3
17 0 0 1 0 0 0 0 12 | 0 5 -1 0 0 0 0 0 12
11 0 0 1 0 0 0 0 12 | 0 11 -1 0 0 0 0 0 12
-1 0 0 1 0 0 0 0 12 | 0 11 -1 0 0 0 0 0 12
-7 0 0 1 0 0 0 0 12 | 0 5 -1 0 0 0 0 0 12
-1 0 0 1 0 0 0 0 12 | 0 -1 -1 0 0 0 0 0 12
11 0 0 1 0 0 0 0 12 | 0 -1 -1 0 0 0 0 0 12
5 0 0 3 0 0 0 0 12 | 0 7 -1 0 0 0 0 0 12
1 0 0 1 0 0 0 0 6 | 0 3 1 0 0 0 0 0 6
1 0 0 0 0 0 0 0 6 | 0 2 1 0 0 0 0 0 6
5 0 0 -1 0 0 0 0 12 | 0 3 -1 0 0 0 0 0 12
2 0 0 0 0 0 0 0 3 | 0 1 -1 0 0 0 0 0 3
4 0 0 1 0 0 0 0 6 | 0 3 -2 0 0 0 0 0 6
15 0 0 1 0 0 0 0 12 | 0 5 1 0 0 0 0 0 12
5 0 0 0 0 0 0 0 6 | 0 5 0 0 0 0 0 0 6
0 0 0 0 0 0 0 0 1 | 0 5 -1 0 0 0 0 0 6
-5 0 0 1 0 0 0 0 12 | 0 5 -3 0 0 0 0 0 12
0 0 0 1 0 0 0 0 6 | 0 0 -1 0 0 0 0 0 6
5 0 0 1 0 0 0 0 6 | 0 0 0 0 0 0 0 0 1
-5 0 0 1 0 0 0 0 6 | 0 5 1 0 0 0 0 0 6
-15 0 0 1 0 0 0 0 12 | 0 5 3 0 0 0 0 0 12
-5 0 0 3 0 0 0 0 12 | 0 3 1 0 0 0 0 0 12
-1 0 0 1 0 0 0 0 6 | 0 1 1 0 0 0 0 0 3
-1 0 0 0 0 0 0 0 6 | 0 3 2 0 0 0 0 0 6
-5 0 0 -1 0 0 0 0 12 | 0 7 1 0 0 0 0 0 12
-2 0 0 0 0 0 0 0 3 | 0 3 -1 0 0 0 0 0 6
-4 0 0 1 0 0 0 0 6 | 0 2 -1 0 0 0 0 0 6
7 0 0 1 0 0 0 0 12 | 0 5 1 0 0 0 0 0 12
1 0 0 1 0 0 0 0 12 | 0 11 1 0 0 0 0 0 12
-11 0 0 1 0 0 0 0 12 | 0 11 1 0 0 0 0 0 12
-17 0 0 1 0 0 0 0 12 | 0 5 1 0 0 0 0 0 12
-11 0 0 1 0 0 0 0 12 | 0 -1 1 0 0 0 0 0 12
1 0 0 1 0 0 0 0 12 | 0 -1 1 0 0 0 0 0 12
-5 0 0 3 0 0 0 0 12 | 0 7 1 0 0 0 0 0 12
-4 0 0 1 0 0 0 0 6 | 0 3 2 0 0 0 0 0 6
-2 0 0 0 0 0 0 0 3 | 0 1 1 0 0 0 0 0 3
-5 0 0 -1 0 0 0 0 12 | 0 3 1 0 0 0 0 0 12
-1 0 0 0 0 0 0 0 6 | 0 2 -1 0 0 0 0 0 6
-1 0 0 1 0 0 0 0 6 | 0 3 -1 0 0 0 0 0 6
5 0 0 1 0 0 0 0 12 | 0 5 3 0 0 0 0 0 12
0 0 0 0 0 0 0 0 1 | 0 5 1 0 0 0 0 0 6
-5 0 0 0 0 0 0 0 6 | 0 5 0 0 0 0 0 0 6
-15 0 0 1 0 0 0 0 12 | 0 5 -1 0 0 0 0 0 12
-5 0 0 1 0 0 0 0 6 | 0 0 0 0 0 0 0 0 1
0 0 0 1 0 0 0 0 6 | 0 0 1 0 0 0 0 0 6
-5 0 0 0 0 0 0 0 3 | 0 0 1 0 0 0 0 0 3
-15 0 0 -1 0 0 0 0 12 | 0 -5 3 0 0 0 0 0 12
-5 0 0 1 0 0 0 0 6 | 0 -1 1 0 0 0 0 0 6
-7 0 0 1 0 0 0 0 12 | 0 -1 5 0 0 0 0 0 12
-7 0 0 -1 0 0 0 0 12 | 0 1 5 0 0 0 0 0 12
-5 0 0 -1 0 0 0 0 6 | 0 1 1 0 0 0 0 0 6
-13 0 0 -1 0 0 0 0 12 | 0 1 -1 0 0 0 0 0 12
-13 0 0 1 0 0 0 0 12 | 0 -1 -1 0 0 0 0 0 12
1 0 0 0 0 0 0 0 6 | 0 0 1 0 0 0 0 0 6
-1 0 0 0 0 0 0 0 3 | 0 3 1 0 0 0 0 0 6
-4 0 0 0 0 0 0 0 3 | 0 3 1 0 0 0 0 0 6
-11 0 0 0 0 0 0 0 6 | 0 0 1 0 0 0 0 0 6
-4 0 0 0 0 0 0 0 3 | 0 -3 1 0 0 0 0 0 6
-1 0 0 0 0 0 0 0 3 | 0 -3 1 0 0 0 0 0 6
-5 0 0 1 0 0 0 0 6 | 0 1 1 0 0 0 0 0 6
-13 0 0 1 0 0 0 0 12 | 0 1 5 0 0 0 0 0 12
-13 0 0 -1 0 0 0 0 12 | 0 -1 5 0 0 0 0 0 12
-5 0 0 -1 0 0 0 0 6 | 0 -1 1 0 0 0 0 0 6
-7 0 0 -1 0 0 0 0 12 | 0 -1 -1 0 0 0 0 0 12
-7 0 0 1 0 0 0 0 12 | 0 1 -1 0 0 0 0 0 12
0 0 0 0 0 0 0 0 1 | 0 0 1 0 0 0 0 0 3
-5 0 0 -1 0 0 0 0 12 | 0 5 3 0 0 0 0 0 12
-15 0 0 -1 0 0 0 0 12 | 0 5 1 0 0 0 0 0 12
-5 0 0 0 0 0 0 0 3 | 0 0 0 0 0 0 0 0 1
-15 0 0 1 0 0 0 0 12 | 0 -5 1 0 0 0 0 0 12
-5 0 0 1 0 0 0 0 12 | 0 -5 3 0 0 0 0 0 12
-5 0 0 -1 0 0 0 0 6 | 0 -5 1 0 0 0 0 0 6
0 0 0 -1 0 0 0 0 6 | 0 -5 0 0 0 0 0 0 6
-5 0 0 1 0 0 0 0 12 | 0 -7 1 0 0 0 0 0 12
-1 0 0 0 0 0 0 0 6 | 0 -3 2 0 0 0 0 0 6
-1 0 0 -1 0 0 0 0 6 | 0 -1 1 0 0 0 0 0 3
-5 0 0 -3 0 0 0 0 12 | 0 -3 1 0 0 0 0 0 12
-4 0 0 -1 0 0 0 0 6 | 0 -2 -1 0 0 0 0 0 6
-2 0 0 0 0 0 0 0 3 | 0 -3 -1 0 0 0 0 0 6
7 0 0 -1 0 0 0 0 12 | 0 -5 1 0 0 0 0 0 12
1 0 0 -1 0 0 0 0 12 | 0 1 1 0 0 0 0 0 12
-11 0 0 -1 0 0 0 0 12 | 0 1 1 0 0 0 0 0 12
-17 0 0 -1 0 0 0 0 12 | 0 -5 1 0 0 0 0 0 12
-11 0 0 -1 0 0 0 0 12 | 0 -11 1 0 0 0 0 0 12
1 0 0 -1 0 0 0 0 12 | 0 -11 1 0 0 0 0 0 12
-5 0 0 1 0 0 0 0 12 | 0 -3 1 0 0 0 0 0 12
-2 0 0 0 0 0 0 0 3 | 0 -1 1 0 0 0 0 0 3
-4 0 0 -1 0 0 0 0 6 | 0 -3 2 0 0 0 0 0 6
-5 0 0 -3 0 0 0 0 12 | 0 -7 1 0 0 0 0 0 12
-1 0 0 -1 0 0 0 0 6 | 0 -3 -1 0 0 0 0 0 6
-1 0 0 0 0 0 0 0 6 | 0 -2 -1 0 0 0 0 0 6
5 0 0 -1 0 0 0 0 12 | 0 -5 3 0 0 0 0 0 12
0 0 0 -1 0 0 0 0 6 | 0 0 1 0 0 0 0 0 6
-5 0 0 -1 0 0 0 0 6 | 0 0 0 0 0 0 0 0 1
-15 0 0 -1 0 0 0 0 12 | 0 -5 -1 0 0 0 0 0 12
-5 0 0 0 0 0 0 0 6 | 0 -5 0 0 0 0 0 0 6
0 0 0 0 0 0 0 0 1 | 0 -5 1 0 0 0 0 0 6
5 0 0 -1 0 0 0 0 6 | 0 -5 -1 0 0 0 0 0 6
5 0 0 1 0 0 0 0 12 | 0 -7 -1 0 0 0 0 0 12
2 0 0 0 0 0 0 0 3 | 0 -3 1 0 0 0 0 0 6
4 0 0 -1 0 0 0 0 6 | 0 -2 1 0 0 0 0 0 6
5 0 0 -3 0 0 0 0 12 | 0 -3 -1 0 0 0 0 0 12
1 0 0 -1 0 0 0 0 6 | 0 -1 -1 0 0 0 0 0 3
1 0 0 0 0 0 0 0 6 | 0 -3 -2 0 0 0 0 0 6
17 0 0 -1 0 0 0 0 12 | 0 -5 -1 0 0 0 0 0 12
11 0 0 -1 0 0 0 0 12 | 0 1 -1 0 0 0 0 0 12
-1 0 0 -1 0 0 0 0 12 | 0 1 -1 0 0 0 0 0 12
-7 0 0 -1 0 0 0 0 12 | 0 -5 -1 0 0 0 0 0 12
-1 0 0 -1 0 0 0 0 12 | 0 -11 -1 0 0 0 0 0 12
11 0 0 -1 0 0 0 0 12 | 0 -11 -1 0 0 0 0 0 12
5 0 0 1 0 0 0 0 12 | 0 -3 -1 0 0 0 0 0 12
1 0 0 0 0 0 0 0 6 | 0 -2 1 0 0 0 0 0 6
1 0 0 -1 0 0 0 0 6 | 0 -3 1 0 0 0 0 0 6
5 0 0 -3 0 0 0 0 12 | 0 -7 -1 0 0 0 0 0 12
4 0 0 -1 0 0 0 0 6 | 0 -3 -2 0 0 0 0 0 6
2 0 0 0 0 0 0 0 3 | 0 -1 -1 0 0 0 0 0 3
15 0 0 -1 0 0 0 0 12 | 0 -5 1 0 0 0 0 0 12
5 0 0 -1 0 0 0 0 6 | 0 0 0 0 0 0 0 0 1
0 0 0 -1 0 0 0 0 6 | 0 0 -1 0 0 0 0 0 6
-5 0 0 -1 0 0 0 0 12 | 0 -5 -3 0 0 0 0 0 12
0 0 0 0 0 0 0 0 1 | 0 -5 -1 0 0 0 0 0 6
5 0 0 0 0 0 0 0 6 | 0 -5 0 0 0 0 0 0 6
0 0 0 1 0 0 0 0 3 | 0 -1 0 0 0 0 0 0 3
1 0 0 1 0 0 0 0 4 | 0 -1 1 0 0 0 0 0 4
-1 0 0 1 0 0 0 0 4 | 0 -1 -1 0 0 0 0 0 4
6 0 0 1 0 0 0 0 6 | 0 -1 0 0 0 0 0 0 6
3 0 0 1 0 0 0 0 6 | 0 1 0 0 0 0 0 0 3
-3 0 0 1 0 0 0 0 6 | 0 1 0 0 0 0 0 0 3
-6 0 0 1 0 0 0 0 6 | 0 -1 0 0 0 0 0 0 6
-3 0 0 1 0 0 0 0 6 | 0 -2 0 0 0 0 0 0 3
3 0 0 1 0 0 0 0 6 | 0 -2 0 0 0 0 0 0 3
0 0 0 1 0 0 0 0 3 | 0 0 0 0 0 0 0 0 1
-1 0 0 1 0 0 0 0 4 | 0 -1 3 0 0 0 0 0 12
-3 0 0 1 0 0 0 0 12 | 0 -1 1 0 0 0 0 0 4
0 0 0 0 0 0 0 0 1 | 0 -1 0 0 0 0 0 0 3
3 0 0 1 0 0 0 0 12 | 0 -1 -1 0 0 0 0 0 4
1 0 0 1 0 0 0 0 4 | 0 -1 -3 0 0 0 0 0 12
5 0 0 1 0 0 0 0 6 | 0 -1 1 0 0 0 0 0 6
5 0 0 1 0 0 0 0 12 | 0 3 1 0 0 0 0 0 12
-5 0 0 1 0 0 0 0 12 | 0 3 -1 0 0 0 0 0 12
-5 0 0 1 0 0 0 0 6 | 0 -1 -1 0 0 0 0 0 6
-5 0 0 3 0 0 0 0 12 | 0 -7 -1 0 0 0 0 0 12
5 0 0 3 0 0 0 0 12 | 0 -7 1 0 0 0 0 0 12
3 0 0 1 0 0 0 0 6 | 0 -1 3 0 0 0 0 0 6
1 0 0 0 0 0 0 0 2 | 0 0 1 0 0 0 0 0 2
15 0 0 1 0 0 0 0 12 | 0 -1 3 0 0 0 0 0 12
9 0 0 1 0 0 0 0 12 | 0 5 3 0 0 0 0 0 12
-3 0 0 1 0 0 0 0 12 | 0 5 3 0 0 0 0 0 12
-9 0 0 1 0 0 0 0 12 | 0 -1 3 0 0 0 0 0 12
-3 0 0 1 0 0 0 0 12 | 0 -7 3 0 0 0 0 0 12
9 0 0 1 0 0 0 0 12 | 0 -7 3 0 0 0 0 0 12
1 0 0 1 0 0 0 0 4 | 0 1 3 0 0 0 0 0 12
0 0 0 1 0 0 0 0 6 | 0 0 1 0 0 0 0 0 2
0 0 0 0 0 0 0 0 1 | 0 -1 3 0 0 0 0 0 6
3 0 0 -1 0 0 0 0 12 | 0 -1 1 0 0 0 0 0 4
1 0 0 0 0 0 0 0 2 | 0 -1 0 0 0 0 0 0 6
3 0 0 1 0 0 0 0 6 | 0 0 0 0 0 0 0 0 1
13 0 0 1 0 0 0 0 12 | 0 -1 5 0 0 0 0 0 12
2 0 0 0 0 0 0 0 3 | 0 1 1 0 0 0 0 0 3
-1 0 0 0 0 0 0 0 6 | 0 2 1 0 0 0 0 0 6
-7 0 0 1 0 0 0 0 12 | 0 -1 1 0 0 0 0 0 12
-1 0 0 1 0 0 0 0 6 | 0 -3 1 0 0 0 0 0 6
4 0 0 1 0 0 0 0 6 | 0 -3 2 0 0 0 0 0 6
3 0 0 -1 0 0 0 0 6 | 0 1 3 0 0 0 0 0 6
1 0 0 -1 0 0 0 0 4 | 0 1 1 0 0 0 0 0 4
15 0 0 -1 0 0 0 0 12 | 0 1 3 0 0 0 0 0 12
9 0 0 -1 0 0 0 0 12 | 0 7 3 0 0 0 0 0 12
-3 0 0 -1 0 0 0 0 12 | 0 7 3 0 0 0 0 0 12
-9 0 0 -1 0 0 0 0 12 | 0 1 3 0 0 0 0 0 12
-3 0 0 -1 0 0 0 0 12 | 0 -5 3 0 0 0 0 0 12
9 0 0 -1 0 0 0 0 12 | 0 -5 3 0 0 0 0 0 12
3 0 0 1 0 0 0 0 12 | 0 1 1 0 0 0 0 0 4
0 0 0 0 0 0 0 0 1 | 0 1 3 0 0 0 0 0 6
0 0 0 -1 0 0 0 0 6 | 0 0 1 0 0 0 0 0 2
1 0 0 -1 0 0 0 0 4 | 0 -1 3 0 0 0 0 0 12
3 0 0 -1 0 0 0 0 6 | 0 0 0 0 0 0 0 0 1
1 0 0 0 0 0 0 0 2 | 0 1 0 0 0 0 0 0 6
13 0 0 -1 0 0 0 0 12 | 0 1 5 0 0 0 0 0 12
4 0 0 -1 0 0 0 0 6 | 0 3 2 0 0 0 0 0 6
-1 0 0 -1 0 0 0 0 6 | 0 3 1 0 0 0 0 0 6
-7 0 0 -1 0 0 0 0 12 | 0 1 1 0 0 0 0 0 12
-1 0 0 0 0 0 0 0 6 | 0 -2 1 0 0 0 0 0 6
2 0 0 0 0 0 0 0 3 | 0 -1 1 0 0 0 0 0 3
0 0 0 -1 0 0 0 0 3 | 0 1 0 0 0 0 0 0 3
-1 0 0 -1 0 0 0 0 4 | 0 1 -1 0 0 0 0 0 4
6 0 0 -1 0 0 0 0 6 | 0 1 0 0 0 0 0 0 6
3 0 0 -1 0 0 0 0 6 | 0 2 0 0 0 0 0 0 3
-3 0 0 -1 0 0 0 0 6 | 0 2 0 0 0 0 0 0 3
-6 0 0 -1 0 0 0 0 6 | 0 1 0 0 0 0 0 0 6
-3 0 0 -1 0 0 0 0 6 | 0 -1 0 0 0 0 0 0 3
3 0 0 -1 0 0 0 0 6 | 0 -1 0 0 0 0 0 0 3
0 0 0 0 0 0 0 0 1 | 0 1 0 0 0 0 0 0 3
-3 0 0 -1 0 0 0 0 12 | 0 1 1 0 0 0 0 0 4
-1 0 0 -1 0 0 0 0 4 | 0 1 3 0 0 0 0 0 12
0 0 0 -1 0 0 0 0 3 | 0 0 0 0 0 0 0 0 1
1 0 0 -1 0 0 0 0 4 | 0 1 -3 0 0 0 0 0 12
3 0 0 -1 0 0 0 0 12 | 0 1 -1 0 0 0 0 0 4
5 0 0 -1 0 0 0 0 6 | 0 1 1 0 0 0 0 0 6
5 0 0 -3 0 0 0 0 12 | 0 7 1 0 0 0 0 0 12
-5 0 0 -3 0 0 0 0 12 | 0 7 -1 0 0 0 0 0 12
-5 0 0 -1 0 0 0 0 6 | 0 1 -1 0 0 0 0 0 6
-5 0 0 -1 0 0 0 0 12 | 0 -3 -1 0 0 0 0 0 12
5 0 0 -1 0 0 0 0 12 | 0 -3 1 0 0 0 0 0 12
-3 0 0 -1 0 0 0 0 6 | 0 1 -3 0 0 0 0 0 6
-1 0 0 0 0 0 0 0 2 | 0 0 -1 0 0 0 0 0 2
9 0 0 -1 0 0 0 0 12 | 0 1 -3 0 0 0 0 0 12
3 0 0 -1 0 0 0 0 12 | 0 7 -3 0 0 0 0 0 12
-9 0 0 -1 0 0 0 0 12 | 0 7 -3 0 0 0 0 0 12
-15 0 0 -1 0 0 0 0 12 | 0 1 -3 0 0 0 0 0 12
-9 0 0 -1 0 0 0 0 12 | 0 -5 -3 0 0 0 0 0 12
3 0 0 -1 0 0 0 0 12 | 0 -5 -3 0 0 0 0 0 12
-3 0 0 1 0 0 0 0 12 | 0 1 -1 0 0 0 0 0 4
-1 0 0 0 0 0 0 0 2 | 0 1 0 0 0 0 0 0 6
-3 0 0 -1 0 0 0 0 6 | 0 0 0 0 0 0 0 0 1
-1 0 0 -1 0 0 0 0 4 | 0 -1 -3 0 0 0 0 0 12
0 0 0 -1 0 0 0 0 6 | 0 0 -1 0 0 0 0 0 2
0 0 0 0 0 0 0 0 1 | 0 1 -3 0 0 0 0 0 6
7 0 0 -1 0 0 0 0 12 | 0 1 -1 0 0 0 0 0 12
1 0 0 -1 0 0 0 0 6 | 0 3 -1 0 0 0 0 0 6
-4 0 0 -1 0 0 0 0 6 | 0 3 -2 0 0 0 0 0 6
-13 0 0 -1 0 0 0 0 12 | 0 1 -5 0 0 0 0 0 12
-2 0 0 0 0 0 0 0 3 | 0 -1 -1 0 0 0 0 0 3
1 0 0 0 0 0 0 0 6 | 0 -2 -1 0 0 0 0 0 6
-3 0 0 1 0 0 0 0 6 | 0 -1 -3 0 0 0 0 0 6
9 0 0 1 0 0 0 0 12 | 0 -1 -3 0 0 0 0 0 12
3 0 0 1 0 0 0 0 12 | 0 5 -3 0 0 0 0 0 12
-9 0 0 1 0 0 0 0 12 | 0 5 -3 0 0 0 0 0 12
-15 0 0 1 0 0 0 0 12 | 0 -1 -3 0 0 0 0 0 12
-9 0 0 1 0 0 0 0 12 | 0 -7 -3 0 0 0 0 0 12
3 0 0 1 0 0 0 0 12 | 0 -7 -3 0 0 0 0 0 12
-1 0 0 1 0 0 0 0 4 | 0 1 -3 0 0 0 0 0 12
-3 0 0 1 0 0 0 0 6 | 0 0 0 0 0 0 0 0 1
-1 0 0 0 0 0 0 0 2 | 0 -1 0 0 0 0 0 0 6
-3 0 0 -1 0 0 0 0 12 | 0 -1 -1 0 0 0 0 0 4
0 0 0 0 0 0 0 0 1 | 0 -1 -3 0 0 0 0 0 6
0 0 0 1 0 0 0 0 6 | 0 0 -1 0 0 0 0 0 2
7 0 0 1 0 0 0 0 12 | 0 -1 -1 0 0 0 0 0 12
1 0 0 0 0 0 0 0 6 | 0 2 -1 0 0 0 0 0 6
-2 0 0 0 0 0 0 0 3 | 0 1 -1 0 0 0 0 0 3
-13 0 0 1 0 0 0 0 12 | 0 -1 -5 0 0 0 0 0 12
-4 0 0 1 0 0 0 0 6 | 0 -3 -2 0 0 0 0 0 6
1 0 0 1 0 0 0 0 6 | 0 -3 -1 0 0 0 0 0 6
2 0 0 0 0 0 0 0 1 | 0 0 0 0 0 0 0 0 1
3 0 0 0 0 0 0 0 2 | 0 1 0 0 0 0 0 0 2
3 0 0 0 0 0 0 0 2 | 0 -1 0 0 0 0 0 0 2
6 0 0 1 0 0 0 0 6 | 0 1 0 0 0 0 0 0 6
9 0 0 1 0 0 0 0 12 | 0 1 3 0 0 0 0 0 12
9 0 0 -1 0 0 0 0 12 | 0 -1 3 0 0 0 0 0 12
6 0 0 -1 0 0 0 0 6 | 0 -1 0 0 0 0 0 0 6
15 0 0 -1 0 0 0 0 12 | 0 -1 -3 0 0 0 0 0 12
15 0 0 1 0 0 0 0 12 | 0 1 -3 0 0 0 0 0 12
11 0 0 0 0 0 0 0 6 | 0 0 1 0 0 0 0 0 6
17 0 0 -1 0 0 0 0 12 | 0 5 1 0 0 0 0 0 12
7 0 0 -1 0 0 0 0 12 | 0 5 -1 0 0 0 0 0 12
1 0 0 0 0 0 0 0 6 | 0 0 -1 0 0 0 0 0 6
7 0 0 1 0 0 0 0 12 | 0 -5 -1 0 0 0 0 0 12
17 0 0 1 0 0 0 0 12 | 0 -5 1 0 0 0 0 0 12
1 0 0 0 0 0 0 0 1 | 0 1 0 0 0 0 0 0 1
0 0 0 0 0 0 0 0 1 | 0 1 0 0 0 0 0 0 1
3 0 0 1 0 0 0 0 6 | 0 2 0 0 0 0 0 0 3
3 0 0 1 0 0 0 0 12 | 0 7 3 0 0 0 0 0 12
3 0 0 -1 0 0 0 0 12 | 0 5 3 0 0 0 0 0 12
3 0 0 -1 0 0 0 0 6 | 0 1 0 0 0 0 0 0 3
9 0 0 -1 0 0 0 0 12 | 0 5 -3 0 0 0 0 0 12
9 0 0 1 0 0 0 0 12 | 0 7 -3 0 0 0 0 0 12
4 0 0 0 0 0 0 0 3 | 0 3 1 0 0 0 0 0 6
11 0 0 -1 0 0 0 0 12 | 0 11 1 0 0 0 0 0 12
1 0 0 -1 0 0 0 0 12 | 0 11 -1 0 0 0 0 0 12
-1 0 0 0 0 0 0 0 3 | 0 3 -1 0 0 0 0 0 6
1 0 0 1 0 0 0 0 12 | 0 1 -1 0 0 0 0 0 12
11 0 0 1 0 0 0 0 12 | 0 1 1 0 0 0 0 0 12
-1 0 0 0 0 0 0 0 1 | 0 1 0 0 0 0 0 0 1
-3 0 0 0 0 0 0 0 2 | 0 1 0 0 0 0 0 0 2
-3 0 0 1 0 0 0 0 6 | 0 2 0 0 0 0 0 0 3
-9 0 0 1 0 0 0 0 12 | 0 7 3 0 0 0 0 0 12
-9 0 0 -1 0 0 0 0 12 | 0 5 3 0 0 0 0 0 12
-3 0 0 -1 0 0 0 0 6 | 0 1 0 0 0 0 0 0 3
-3 0 0 -1 0 0 0 0 12 | 0 5 -3 0 0 0 0 0 12
-3 0 0 1 0 0 0 0 12 | 0 7 -3 0 0 0 0 0 12
1 0 0 0 0 0 0 0 3 | 0 3 1 0 0 0 0 0 6
-1 0 0 -1 0 0 0 0 12 | 0 11 1 0 0 0 0 0 12
-11 0 0 -1 0 0 0 0 12 | 0 11 -1 0 0 0 0 0 12
-4 0 0 0 0 0 0 0 3 | 0 3 -1 0 0 0 0 0 6
-11 0 0 1 0 0 0 0 12 | 0 1 -1 0 0 0 0 0 12
-1 0 0 1 0 0 0 0 12 | 0 1 1 0 0 0 0 0 12
-2 0 0 0 0 0 0 0 1 | 0 0 0 0 0 0 0 0 1
-3 0 0 0 0 0 0 0 2 | 0 -1 0 0 0 0 0 0 2
-6 0 0 1 0 0 0 0 6 | 0 1 0 0 0 0 0 0 6
-15 0 0 1 0 0 0 0 12 | 0 1 3 0 0 0 0 0 12
-15 0 0 -1 0 0 0 0 12 | 0 -1 3 0 0 0 0 0 12
-6 0 0 -1 0 0 0 0 6 | 0 -1 0 0 0 0 0 0 6
-9 0 0 -1 0 0 0 0 12 | 0 -1 -3 0 0 0 0 0 12
-9 0 0 1 0 0 0 0 12 | 0 1 -3 0 0 0 0 0 12
-1 0 0 0 0 0 0 0 6 | 0 0 1 0 0 0 0 0 6
-7 0 0 -1 0 0 0 0 12 | 0 5 1 0 0 0 0 0 12
-17 0 0 -1 0 0 0 0 12 | 0 5 -1 0 0 0 0 0 12
-11 0 0 0 0 0 0 0 6 | 0 0 -1 0 0 0 0 0 6
-17 0 0 1 0 0 0 0 12 | 0 -5 -1 0 0 0 0 0 12
-7 0 0 1 0 0 0 0 12 | 0 -5 1 0 0 0 0 0 12
-1 0 0 0 0 0 0 0 1 | 0 -1 0 0 0 0 0 0 1
0 0 0 0 0 0 0 0 1 | 0 -1 0 0 0 0 0 0 1
-3 0 0 1 0 0 0 0 6 | 0 -1 0 0 0 0 0 0 3
-9 0 0 1 0 0 0 0 12 | 0 -5 3 0 0 0 0 0 12
-9 0 0 -1 0 0 0 0 12 | 0 -7 3 0 0 0 0 0 12
-3 0 0 -1 0 0 0 0 6 | 0 -2 0 0 0 0 0 0 3
-3 0 0 -1 0 0 0 0 12 | 0 -7 -3 0 0 0 0 0 12
-3 0 0 1 0 0 0 0 12 | 0 -5 -3 0 0 0 0 0 12
1 0 0 0 0 0 0 0 3 | 0 -3 1 0 0 0 0 0 6
-1 0 0 -1 0 0 0 0 12 | 0 -1 1 0 0 0 0 0 12
-11 0 0 -1 0 0 0 0 12 | 0 -1 -1 0 0 0 0 0 12
-4 0 0 0 0 0 0 0 3 | 0 -3 -1 0 0 0 0 0 6
-11 0 0 1 0 0 0 0 12 | 0 -11 -1 0 0 0 0 0 12
-1 0 0 1 0 0 0 0 12 | 0 -11 1 0 0 0 0 0 12
1 0 0 0 0 0 0 0 1 | 0 -1 0 0 0 0 0 0 1
3 0 0 1 0 0 0 0 6 | 0 -1 0 0 0 0 0 0 3
3 0 0 1 0 0 0 0 12 | 0 -5 3 0 0 0 0 0 12
3 0 0 -1 0 0 0 0 12 | 0 -7 3 0 0 0 0 0 12
3 0 0 -1 0 0 0 0 6 | 0 -2 0 0 0 0 0 0 3
9 0 0 -1 0 0 0 0 12 | 0 -7 -3 0 0 0 0 0 12
9 0 0 1 0 0 0 0 12 | 0 -5 -3 0 0 0 0 0 12
4 0 0 0 0 0 0 0 3 | 0 -3 1 0 0 0 0 0 6
11 0 0 -1 0 0 0 0 12 | 0 -1 1 0 0 0 0 0 12
1 0 0 -1 0 0 0 0 12 | 0 -1 -1 0 0 0 0 0 12
-1 0 0 0 0 0 0 0 3 | 0 -3 -1 0 0 0 0 0 6
1 0 0 1 0 0 0 0 12 | 0 -11 -1 0 0 0 0 0 12
11 0 0 1 0 0 0 0 12 | 0 -11 1 0 0 0 0 0 12
0 0 0 1 0 0 0 0 3 | 0 1 0 0 0 0 0 0 3
-1 0 0 1 0 0 0 0 4 | 0 1 1 0 0 0 0 0 4
1 0 0 1 0 0 0 0 4 | 0 1 -1 0 0 0 0 0 4
5 0 0 1 0 0 0 0 6 | 0 1 1 0 0 0 0 0 6
5 0 0 1 0 0 0 0 12 | 0 7 1 0 0 0 0 0 12
-5 0 0 1 0 0 0 0 12 | 0 7 -1 0 0 0 0 0 12
-5 0 0 1 0 0 0 0 6 | 0 1 -1 0 0 0 0 0 6
-5 0 0 3 0 0 0 0 12 | 0 -3 -1 0 0 0 0 0 12
5 0 0 3 0 0 0 0 12 | 0 -3 1 0 0 0 0 0 12
-3 0 0 1 0 0 0 0 6 | 0 1 3 0 0 0 0 0 6
-1 0 0 0 0 0 0 0 2 | 0 0 1 0 0 0 0 0 2
7 0 0 1 0 0 0 0 12 | 0 1 5 0 0 0 0 0 12
1 0 0 0 0 0 0 0 6 | 0 3 2 0 0 0 0 0 6
-2 0 0 0 0 0 0 0 3 | 0 3 1 0 0 0 0 0 6
-13 0 0 1 0 0 0 0 12 | 0 1 1 0 0 0 0 0 12
-4 0 0 1 0 0 0 0 6 | 0 -2 1 0 0 0 0 0 6
1 0 0 1 0 0 0 0 6 | 0 -1 1 0 0 0 0 0 3
-3 0 0 -1 0 0 0 0 6 | 0 -1 3 0 0 0 0 0 6
-1 0 0 -1 0 0 0 0 4 | 0 -1 1 0 0 0 0 0 4
7 0 0 -1 0 0 0 0 12 | 0 -1 5 0 0 0 0 0 12
1 0 0 -1 0 0 0 0 6 | 0 1 1 0 0 0 0 0 3
-4 0 0 -1 0 0 0 0 6 | 0 2 1 0 0 0 0 0 6
-13 0 0 -1 0 0 0 0 12 | 0 -1 1 0 0 0 0 0 12
-2 0 0 0 0 0 0 0 3 | 0 -3 1 0 0 0 0 0 6
1 0 0 0 0 0 0 0 6 | 0 -3 2 0 0 0 0 0 6
0 0 0 -1 0 0 0 0 3 | 0 -1 0 0 0 0 0 0 3
1 0 0 -1 0 0 0 0 4 | 0 -1 -1 0 0 0 0 0 4
5 0 0 -1 0 0 0 0 6 | 0 -1 1 0 0 0 0 0 6
5 0 0 -3 0 0 0 0 12 | 0 3 1 0 0 0 0 0 12
-5 0 0 -3 0 0 0 0 12 | 0 3 -1 0 0 0 0 0 12
-5 0 0 -1 0 0 0 0 6 | 0 -1 -1 0 0 0 0 0 6
-5 0 0 -1 0 0 0 0 12 | 0 -7 -1 0 0 0 0 0 12
5 0 0 -1 0 0 0 0 12 | 0 -7 1 0 0 0 0 0 12
3 0 0 -1 0 0 0 0 6 | 0 -1 -3 0 0 0 0 0 6
1 0 0 0 0 0 0 0 2 | 0 0 -1 0 0 0 0 0 2
13 0 0 -1 0 0 0 0 12 | 0 -1 -1 0 0 0 0 0 12
4 0 0 -1 0 0 0 0 6 | 0 2 -1 0 0 0 0 0 6
-1 0 0 -1 0 0 0 0 6 | 0 1 -1 0 0 0 0 0 3
-7 0 0 -1 0 0 0 0 12 | 0 -1 -5 0 0 0 0 0 12
-1 0 0 0 0 0 0 0 6 | 0 -3 -2 0 0 0 0 0 6
2 0 0 0 0 0 0 0 3 | 0 -3 -1 0 0 0 0 0 6
3 0 0 1 0 0 0 0 6 | 0 1 -3 0 0 0 0 0 6
13 0 0 1 0 0 0 0 12 | 0 1 -1 0 0 0 0 0 12
2 0 0 0 0 0 0 0 3 | 0 3 -1 0 0 0 0 0 6
-1 0 0 0 0 0 0 0 6 | 0 3 -2 0 0 0 0 0 6
-7 0 0 1 0 0 0 0 12 | 0 1 -5 0 0 0 0 0 12
-1 0 0 1 0 0 0 0 6 | 0 -1 -1 0 0 0 0 0 3
4 0 0 1 0 0 0 0 6 | 0 -2 -1 0 0 0 0 0 6
5 0 0 0 0 0 0 0 3 | 0 0 1 0 0 0 0 0 3
15 0 0 -1 0 0 0 0 12 | 0 5 3 0 0 0 0 0 12
15 0 0 1 0 0 0 0 12 | 0 -5 3 0 0 0 0 0 12
5 0 0 -1 0 0 0 0 6 | 0 5 1 0 0 0 0 0 6
0 0 0 -1 0 0 0 0 6 | 0 5 0 0 0 0 0 0 6
-5 0 0 -1 0 0 0 0 6 | 0 5 -1 0 0 0 0 0 6
-15 0 0 -1 0 0 0 0 12 | 0 5 -3 0 0 0 0 0 12
-5 0 0 0 0 0 0 0 3 | 0 0 -1 0 0 0 0 0 3
-15 0 0 1 0 0 0 0 12 | 0 -5 -3 0 0 0 0 0 12
-5 0 0 1 0 0 0 0 6 | 0 -5 -1 0 0 0 0 0 6
0 0 0 1 0 0 0 0 6 | 0 -5 0 0 0 0 0 0 6
5 0 0 1 0 0 0 0 6 | 0 -5 1 0 0 0 0 0 6
25 0 0 1 0 0 0 0 12 | 0 5 -5 0 0 0 0 0 12
25 0 0 -1 0 0 0 0 12 | 0 -5 -5 0 0 0 0 0 12
23 0 0 1 0 0 0 0 12 | 0 -1 -1 0 0 0 0 0 12
23 0 0 -1 0 0 0 0 12 | 0 1 -1 0 0 0 0 0 12
10 0 0 -1 0 0 0 0 6 | 0 1 -2 0 0 0 0 0 6
17 0 0 -1 0 0 0 0 12 | 0 1 -7 0 0 0 0 0 12
13 0 0 0 0 0 0 0 6 | 0 3 -2 0 0 0 0 0 6
7 0 0 0 0 0 0 0 6 | 0 3 -2 0 0 0 0 0 6
2 0 0 0 0 0 0 0 3 | 0 0 -1 0 0 0 0 0 3
7 0 0 0 0 0 0 0 6 | 0 -3 -2 0 0 0 0 0 6
17 0 0 1 0 0 0 0 12 | 0 1 -1 0 0 0 0 0 12
17 0 0 -1 0 0 0 0 12 | 0 -1 -1 0 0 0 0 0 12
10 0 0 -1 0 0 0 0 6 | 0 -1 -2 0 0 0 0 0 6
23 0 0 -1 0 0 0 0 12 | 0 -1 -7 0 0 0 0 0 12
5 0 0 0 0 0 0 0 2 | 0 0 -1 0 0 0 0 0 6
25 0 0 -1 0 0 0 0 12 | 0 5 -3 0 0 0 0 0 12
15 0 0 -1 0 0 0 0 12 | 0 5 -5 0 0 0 0 0 12
5 0 0 0 0 0 0 0 6 | 0 0 -1 0 0 0 0 0 2
10 0 0 1 0 0 0 0 6 | 0 5 -2 0 0 0 0 0 6
9 0 0 1 0 0 0 0 6 | 0 1 0 0 0 0 0 0 3
15 0 0 -1 0 0 0 0 12 | 0 7 -3 0 0 0 0 0 12
1 0 0 0 0 0 0 0 1 | 0 1 -1 0 0 0 0 0 2
6 0 0 1 0 0 0 0 6 | 0 2 -3 0 0 0 0 0 6
21 0 0 1 0 0 0 0 12 | 0 11 -3 0 0 0 0 0 12
9 0 0 1 0 0 0 0 12 | 0 11 -3 0 0 0 0 0 12
21 0 0 1 0 0 0 0 12 | 0 -1 -3 0 0 0 0 0 12
6 0 0 1 0 0 0 0 6 | 0 1 0 0 0 0 0 0 2
1 0 0 0 0 0 0 0 1 | 0 1 0 0 0 0 0 0 3
15 0 0 -1 0 0 0 0 12 | 0 1 -1 0 0 0 0 0 4
3 0 0 0 0 0 0 0 2 | 0 2 -3 0 0 0 0 0 6
9 0 0 1 0 0 0 0 6 | 0 1 -1 0 0 0 0 0 2
25 0 0 1 0 0 0 0 12 | 0 5 -1 0 0 0 0 0 12
5 0 0 0 0 0 0 0 3 | 0 5 -1 0 0 0 0 0 6
5 0 0 0 0 0 0 0 6 | 0 5 -2 0 0 0 0 0 6
5 0 0 1 0 0 0 0 12 | 0 5 -5 0 0 0 0 0 12
5 0 0 1 0 0 0 0 6 | 0 0 -1 0 0 0 0 0 3
10 0 0 1 0 0 0 0 6 | 0 0 -1 0 0 0 0 0 6
10 0 0 -1 0 0 0 0 6 | 0 -5 -2 0 0 0 0 0 6
15 0 0 1 0 0 0 0 12 | 0 -7 -3 0 0 0 0 0 12
9 0 0 -1 0 0 0 0 6 | 0 -1 0 0 0 0 0 0 3
5 0 0 -1 0 0 0 0 4 | 0 -1 -1 0 0 0 0 0 4
6 0 0 -1 0 0 0 0 6 | 0 -2 -3 0 0 0 0 0 6
27 0 0 -1 0 0 0 0 12 | 0 -5 -3 0 0 0 0 0 12
21 0 0 -1 0 0 0 0 12 | 0 1 -3 0 0 0 0 0 12
9 0 0 -1 0 0 0 0 12 | 0 -11 -3 0 0 0 0 0 12
15 0 0 1 0 0 0 0 12 | 0 -1 -1 0 0 0 0 0 4
1 0 0 0 0 0 0 0 1 | 0 -1 0 0 0 0 0 0 3
6 0 0 -1 0 0 0 0 6 | 0 -1 0 0 0 0 0 0 2
5 0 0 -1 0 0 0 0 4 | 0 -7 -3 0 0 0 0 0 12
9 0 0 -1 0 0 0 0 6 | 0 -1 -1 0 0 0 0 0 2
25 0 0 -1 0 0 0 0 12 | 0 -5 -1 0 0 0 0 0 12
10 0 0 -1 0 0 0 0 6 | 0 0 -1 0 0 0 0 0 6
5 0 0 -1 0 0 0 0 6 | 0 0 -1 0 0 0 0 0 3
5 0 0 -1 0 0 0 0 12 | 0 -5 -5 0 0 0 0 0 12
5 0 0 0 0 0 0 0 6 | 0 -5 -2 0 0 0 0 0 6
5 0 0 0 0 0 0 0 3 | 0 -5 -1 0 0 0 0 0 6
13 0 0 3 0 0 0 0 12 | 0 -3 1 0 0 0 0 0 12
8 0 0 1 0 0 0 0 6 | 0 2 -1 0 0 0 0 0 6
2 0 0 1 0 0 0 0 6 | 0 2 -1 0 0 0 0 0 6
-1 0 0 1 0 0 0 0 6 | 0 -1 -1 0 0 0 0 0 6
2 0 0 1 0 0 0 0 6 | 0 -4 -1 0 0 0 0 0 6
7 0 0 3 0 0 0 0 12 | 0 -1 1 0 0 0 0 0 12
7 0 0 1 0 0 0 0 12 | 0 -3 1 0 0 0 0 0 12
5 0 0 0 0 0 0 0 6 | 0 -2 -1 0 0 0 0 0 6
13 0 0 1 0 0 0 0 12 | 0 -3 -5 0 0 0 0 0 12
10 0 0 1 0 0 0 0 6 | 0 -1 0 0 0 0 0 0 6
15 0 0 1 0 0 0 0 12 | 0 3 -1 0 0 0 0 0 12
5 0 0 1 0 0 0 0 12 | 0 1 -1 0 0 0 0 0 4
0 0 0 1 0 0 0 0 6 | 0 -1 -2 0 0 0 0 0 6
5 0 0 3 0 0 0 0 12 | 0 -7 -3 0 0 0 0 0 12
8 0 0 1 0 0 0 0 6 | 0 -1 2 0 0 0 0 0 6
4 0 0 0 0 0 0 0 3 | 0 0 1 0 0 0 0 0 3
25 0 0 1 0 0 0 0 12 | 0 -1 1 0 0 0 0 0 12
19 0 0 1 0 0 0 0 12 | 0 5 1 0 0 0 0 0 12
7 0 0 1 0 0 0 0 12 | 0 -7 1 0 0 0 0 0 12
19 0 0 1 0 0 0 0 12 | 0 -7 1 0 0 0 0 0 12
13 0 0 3 0 0 0 0 12 | 0 1 1 0 0 0 0 0 12
5 0 0 1 0 0 0 0 6 | 0 0 1 0 0 0 0 0 3
5 0 0 0 0 0 0 0 6 | 0 -1 2 0 0 0 0 0 6
13 0 0 -1 0 0 0 0 12 | 0 -3 1 0 0 0 0 0 12
4 0 0 0 0 0 0 0 3 | 0 -1 -1 0 0 0 0 0 6
8 0 0 1 0 0 0 0 6 | 0 0 -1 0 0 0 0 0 6
23 0 0 1 0 0 0 0 12 | 0 -1 3 0 0 0 0 0 12
3 0 0 0 0 0 0 0 2 | 0 2 1 0 0 0 0 0 6
2 0 0 0 0 0 0 0 3 | 0 1 0 0 0 0 0 0 3
3 0 0 1 0 0 0 0 12 | 0 -1 -1 0 0 0 0 0 12
4 0 0 1 0 0 0 0 6 | 0 -1 0 0 0 0 0 0 2
9 0 0 1 0 0 0 0 6 | 0 -3 1 0 0 0 0 0 6
8 0 0 -1 0 0 0 0 6 | 0 1 2 0 0 0 0 0 6
13 0 0 -3 0 0 0 0 12 | 0 3 1 0 0 0 0 0 12
25 0 0 -1 0 0 0 0 12 | 0 1 1 0 0 0 0 0 12
19 0 0 -1 0 0 0 0 12 | 0 7 1 0 0 0 0 0 12
7 0 0 -1 0 0 0 0 12 | 0 7 1 0 0 0 0 0 12
19 0 0 -1 0 0 0 0 12 | 0 -5 1 0 0 0 0 0 12
13 0 0 1 0 0 0 0 12 | 0 3 1 0 0 0 0 0 12
5 0 0 0 0 0 0 0 6 | 0 1 2 0 0 0 0 0 6
5 0 0 -1 0 0 0 0 6 | 0 0 1 0 0 0 0 0 3
13 0 0 -3 0 0 0 0 12 | 0 -1 1 0 0 0 0 0 12
8 0 0 -1 0 0 0 0 6 | 0 0 -1 0 0 0 0 0 6
4 0 0 0 0 0 0 0 3 | 0 1 -1 0 0 0 0 0 6
23 0 0 -1 0 0 0 0 12 | 0 1 3 0 0 0 0 0 12
9 0 0 -1 0 0 0 0 6 | 0 3 1 0 0 0 0 0 6
4 0 0 -1 0 0 0 0 6 | 0 1 0 0 0 0 0 0 2
3 0 0 -1 0 0 0 0 12 | 0 1 -1 0 0 0 0 0 12
2 0 0 0 0 0 0 0 3 | 0 -1 0 0 0 0 0 0 3
3 0 0 0 0 0 0 0 2 | 0 -2 1 0 0 0 0 0 6
5 0 0 -2 0 0 0 0 6 | 0 2 -1 0 0 0 0 0 6
7 0 0 -3 0 0 0 0 12 | 0 3 -5 0 0 0 0 0 12
11 0 0 -1 0 0 0 0 6 | 0 1 -1 0 0 0 0 0 6
8 0 0 -1 0 0 0 0 6 | 0 4 -1 0 0 0 0 0 6
2 0 0 -1 0 0 0 0 6 | 0 4 -1 0 0 0 0 0 6
-1 0 0 -1 0 0 0 0 6 | 0 1 -1 0 0 0 0 0 6
2 0 0 -1 0 0 0 0 6 | 0 -2 -1 0 0 0 0 0 6
8 0 0 -1 0 0 0 0 6 | 0 -2 -1 0 0 0 0 0 6
5 0 0 0 0 0 0 0 6 | 0 2 -1 0 0 0 0 0 6
7 0 0 -1 0 0 0 0 12 | 0 3 1 0 0 0 0 0 12
7 0 0 -3 0 0 0 0 12 | 0 1 1 0 0 0 0 0 12
5 0 0 -2 0 0 0 0 6 | 0 0 -1 0 0 0 0 0 6
13 0 0 -3 0 0 0 0 12 | 0 1 -5 0 0 0 0 0 12
13 0 0 -1 0 0 0 0 12 | 0 3 -5 0 0 0 0 0 12
10 0 0 -1 0 0 0 0 6 | 0 1 0 0 0 0 0 0 6
5 0 0 -1 0 0 0 0 4 | 0 7 -1 0 0 0 0 0 12
5 0 0 -3 0 0 0 0 12 | 0 7 -3 0 0 0 0 0 12
0 0 0 -1 0 0 0 0 6 | 0 1 -2 0 0 0 0 0 6
5 0 0 -1 0 0 0 0 12 | 0 -1 -1 0 0 0 0 0 4
15 0 0 -1 0 0 0 0 12 | 0 -3 -1 0 0 0 0 0 12
2 0 0 -1 0 0 0 0 6 | 0 1 -4 0 0 0 0 0 6
1 0 0 0 0 0 0 0 3 | 0 0 -2 0 0 0 0 0 3
19 0 0 -1 0 0 0 0 12 | 0 1 -5 0 0 0 0 0 12
13 0 0 -1 0 0 0 0 12 | 0 7 -5 0 0 0 0 0 12
1 0 0 -1 0 0 0 0 12 | 0 7 -5 0 0 0 0 0 12
-5 0 0 -1 0 0 0 0 12 | 0 1 -5 0 0 0 0 0 12
1 0 0 -1 0 0 0 0 12 | 0 -5 -5 0 0 0 0 0 12
13 0 0 -1 0 0 0 0 12 | 0 -5 -5 0 0 0 0 0 12
7 0 0 1 0 0 0 0 12 | 0 3 -5 0 0 0 0 0 12
1 0 0 0 0 0 0 0 3 | 0 1 -1 0 0 0 0 0 6
2 0 0 -1 0 0 0 0 6 | 0 0 -1 0 0 0 0 0 6
7 0 0 -3 0 0 0 0 12 | 0 -1 -5 0 0 0 0 0 12
5 0 0 -1 0 0 0 0 6 | 0 0 -2 0 0 0 0 0 3
5 0 0 0 0 0 0 0 6 | 0 1 -4 0 0 0 0 0 6
17 0 0 -1 0 0 0 0 12 | 0 1 -3 0 0 0 0 0 12
6 0 0 -1 0 0 0 0 6 | 0 3 -2 0 0 0 0 0 6
1 0 0 -1 0 0 0 0 6 | 0 1 -1 0 0 0 0 0 2
-3 0 0 -1 0 0 0 0 12 | 0 1 -7 0 0 0 0 0 12
1 0 0 0 0 0 0 0 6 | 0 -2 -3 0 0 0 0 0 6
1 0 0 0 0 0 0 0 1 | 0 -1 -1 0 0 0 0 0 3
19 0 0 1 0 0 0 0 12 | 0 -1 -5 0 0 0 0 0 12
13 0 0 1 0 0 0 0 12 | 0 5 -5 0 0 0 0 0 12
1 0 0 1 0 0 0 0 12 | 0 5 -5 0 0 0 0 0 12
-5 0 0 1 0 0 0 0 12 | 0 -1 -5 0 0 0 0 0 12
1 0 0 1 0 0 0 0 12 | 0 -7 -5 0 0 0 0 0 12
7 0 0 3 0 0 0 0 12 | 0 1 -5 0 0 0 0 0 12
2 0 0 1 0 0 0 0 6 | 0 0 -1 0 0 0 0 0 6
1 0 0 0 0 0 0 0 3 | 0 -1 -1 0 0 0 0 0 6
7 0 0 -1 0 0 0 0 12 | 0 -3 -5 0 0 0 0 0 12
5 0 0 0 0 0 0 0 6 | 0 -1 -4 0 0 0 0 0 6
17 0 0 1 0 0 0 0 12 | 0 -1 -3 0 0 0 0 0 12
1 0 0 0 0 0 0 0 1 | 0 1 -1 0 0 0 0 0 3
1 0 0 0 0 0 0 0 6 | 0 2 -3 0 0 0 0 0 6
-3 0 0 1 0 0 0 0 12 | 0 -1 -7 0 0 0 0 0 12
7 0 0 0 0 0 0 0 3 | 0 3 -1 0 0 0 0 0 6
19 0 0 1 0 0 0 0 12 | 0 1 1 0 0 0 0 0 12
19 0 0 -1 0 0 0 0 12 | 0 -1 1 0 0 0 0 0 12
11 0 0 -1 0 0 0 0 6 | 0 -1 -1 0 0 0 0 0 6
25 0 0 -1 0 0 0 0 12 | 0 -1 -5 0 0 0 0 0 12
8 0 0 0 0 0 0 0 3 | 0 0 0 0 0 0 0 0 1
27 0 0 -1 0 0 0 0 12 | 0 5 -1 0 0 0 0 0 12
17 0 0 -1 0 0 0 0 12 | 0 5 -3 0 0 0 0 0 12
1 0 0 0 0 0 0 0 1 | 0 0 -1 0 0 0 0 0 3
17 0 0 1 0 0 0 0 12 | 0 -5 -3 0 0 0 0 0 12
11 0 0 0 0 0 0 0 6 | 0 6 -1 0 0 0 0 0 6
5 0 0 0 0 0 0 0 6 | 0 6 -1 0 0 0 0 0 6
8 0 0 1 0 0 0 0 6 | 0 4 -1 0 0 0 0 0 6
13 0 0 1 0 0 0 0 12 | 0 7 1 0 0 0 0 0 12
13 0 0 -1 0 0 0 0 12 | 0 5 1 0 0 0 0 0 12
8 0 0 -1 0 0 0 0 6 | 0 2 -1 0 0 0 0 0 6
19 0 0 -1 0 0 0 0 12 | 0 5 -5 0 0 0 0 0 12
19 0 0 1 0 0 0 0 12 | 0 7 -5 0 0 0 0 0 12
13 0 0 0 0 0 0 0 6 | 0 1 0 0 0 0 0 0 2
21 0 0 -1 0 0 0 0 12 | 0 11 -1 0 0 0 0 0 12
11 0 0 -1 0 0 0 0 12 | 0 11 -3 0 0 0 0 0 12
1 0 0 0 0 0 0 0 2 | 0 3 -2 0 0 0 0 0 6
11 0 0 1 0 0 0 0 12 | 0 1 -3 0 0 0 0 0 12
21 0 0 1 0 0 0 0 12 | 0 1 -1 0 0 0 0 0 12
-1 0 0 0 0 0 0 0 6 | 0 6 -1 0 0 0 0 0 6
2 0 0 1 0 0 0 0 6 | 0 4 -1 0 0 0 0 0 6
1 0 0 1 0 0 0 0 12 | 0 7 1 0 0 0 0 0 12
1 0 0 -1 0 0 0 0 12 | 0 5 1 0 0 0 0 0 12
2 0 0 -1 0 0 0 0 6 | 0 2 -1 0 0 0 0 0 6
7 0 0 -1 0 0 0 0 12 | 0 5 -5 0 0 0 0 0 12
7 0 0 1 0 0 0 0 12 | 0 7 -5 0 0 0 0 0 12
7 0 0 0 0 0 0 0 6 | 0 1 0 0 0 0 0 0 2
9 0 0 -1 0 0 0 0 12 | 0 11 -1 0 0 0 0 0 12
-1 0 0 -1 0 0 0 0 12 | 0 11 -3 0 0 0 0 0 12
-1 0 0 0 0 0 0 0 2 | 0 3 -2 0 0 0 0 0 6
-1 0 0 1 0 0 0 0 12 | 0 1 -3 0 0 0 0 0 12
9 0 0 1 0 0 0 0 12 | 0 1 -1 0 0 0 0 0 12
-7 0 0 0 0 0 0 0 6 | 0 0 -1 0 0 0 0 0 6
-1 0 0 1 0 0 0 0 6 | 0 1 -1 0 0 0 0 0 6
-5 0 0 1 0 0 0 0 12 | 0 1 1 0 0 0 0 0 12
-5 0 0 -1 0 0 0 0 12 | 0 -1 1 0 0 0 0 0 12
-1 0 0 -1 0 0 0 0 6 | 0 -1 -1 0 0 0 0 0 6
1 0 0 -1 0 0 0 0 12 | 0 -1 -5 0 0 0 0 0 12
1 0 0 1 0 0 0 0 12 | 0 1 -5 0 0 0 0 0 12
2 0 0 0 0 0 0 0 3 | 0 0 0 0 0 0 0 0 1
3 0 0 -1 0 0 0 0 12 | 0 5 -1 0 0 0 0 0 12
-7 0 0 -1 0 0 0 0 12 | 0 5 -3 0 0 0 0 0 12
-1 0 0 0 0 0 0 0 1 | 0 0 -1 0 0 0 0 0 3
-7 0 0 1 0 0 0 0 12 | 0 -5 -3 0 0 0 0 0 12
3 0 0 1 0 0 0 0 12 | 0 -5 -1 0 0 0 0 0 12
-1 0 0 0 0 0 0 0 6 | 0 -6 -1 0 0 0 0 0 6
5 0 0 0 0 0 0 0 6 | 0 -6 -1 0 0 0 0 0 6
2 0 0 1 0 0 0 0 6 | 0 -2 -1 0 0 0 0 0 6
1 0 0 1 0 0 0 0 12 | 0 -5 1 0 0 0 0 0 12
1 0 0 -1 0 0 0 0 12 | 0 -7 1 0 0 0 0 0 12
2 0 0 -1 0 0 0 0 6 | 0 -4 -1 0 0 0 0 0 6
7 0 0 -1 0 0 0 0 12 | 0 -7 -5 0 0 0 0 0 12
7 0 0 1 0 0 0 0 12 | 0 -5 -5 0 0 0 0 0 12
7 0 0 0 0 0 0 0 6 | 0 -1 0 0 0 0 0 0 2
9 0 0 -1 0 0 0 0 12 | 0 -1 -1 0 0 0 0 0 12
-1 0 0 -1 0 0 0 0 12 | 0 -1 -3 0 0 0 0 0 12
-1 0 0 0 0 0 0 0 2 | 0 -3 -2 0 0 0 0 0 6
-1 0 0 1 0 0 0 0 12 | 0 -11 -3 0 0 0 0 0 12
9 0 0 1 0 0 0 0 12 | 0 -11 -1 0 0 0 0 0 12
8 0 0 1 0 0 0 0 6 | 0 -2 -1 0 0 0 0 0 6
13 0 0 1 0 0 0 0 12 | 0 -5 1 0 0 0 0 0 12
13 0 0 -1 0 0 0 0 12 | 0 -7 1 0 0 0 0 0 12
8 0 0 -1 0 0 0 0 6 | 0 -4 -1 0 0 0 0 0 6
19 0 0 -1 0 0 0 0 12 | 0 -7 -5 0 0 0 0 0 12
13 0 0 0 0 0 0 0 6 | 0 -1 0 0 0 0 0 0 2
21 0 0 -1 0 0 0 0 12 | 0 -1 -1 0 0 0 0 0 12
11 0 0 -1 0 0 0 0 12 | 0 -1 -3 0 0 0 0 0 12
1 0 0 0 0 0 0 0 2 | 0 -3 -2 0 0 0 0 0 6
7 0 0 3 0 0 0 0 12 | 0 3 1 0 0 0 0 0 12
10 0 0 1 0 0 0 0 6 | 0 1 0 0 0 0 0 0 6
15 0 0 1 0 0 0 0 12 | 0 7 -1 0 0 0 0 0 12
5 0 0 1 0 0 0 0 12 | 0 7 -3 0 0 0 0 0 12
0 0 0 1 0 0 0 0 6 | 0 1 -2 0 0 0 0 0 6
5 0 0 3 0 0 0 0 12 | 0 -1 -1 0 0 0 0 0 4
2 0 0 1 0 0 0 0 6 | 0 1 2 0 0 0 0 0 6
1 0 0 0 0 0 0 0 3 | 0 0 1 0 0 0 0 0 3
17 0 0 1 0 0 0 0 12 | 0 1 3 0 0 0 0 0 12
1 0 0 0 0 0 0 0 1 | 0 3 1 0 0 0 0 0 6
1 0 0 0 0 0 0 0 6 | 0 1 0 0 0 0 0 0 2
-3 0 0 1 0 0 0 0 12 | 0 1 -1 0 0 0 0 0 12
1 0 0 1 0 0 0 0 6 | 0 -1 0 0 0 0 0 0 3
6 0 0 1 0 0 0 0 6 | 0 -2 1 0 0 0 0 0 6
2 0 0 -1 0 0 0 0 6 | 0 -1 2 0 0 0 0 0 6
7 0 0 -3 0 0 0 0 12 | 0 -3 1 0 0 0 0 0 12
17 0 0 -1 0 0 0 0 12 | 0 -1 3 0 0 0 0 0 12
6 0 0 -1 0 0 0 0 6 | 0 2 1 0 0 0 0 0 6
1 0 0 -1 0 0 0 0 6 | 0 1 0 0 0 0 0 0 3
-3 0 0 -1 0 0 0 0 12 | 0 -1 -1 0 0 0 0 0 12
1 0 0 0 0 0 0 0 6 | 0 -1 0 0 0 0 0 0 2
1 0 0 0 0 0 0 0 1 | 0 -3 1 0 0 0 0 0 6
5 0 0 -2 0 0 0 0 6 | 0 -2 -1 0 0 0 0 0 6
13 0 0 -3 0 0 0 0 12 | 0 -3 -5 0 0 0 0 0 12
10 0 0 -1 0 0 0 0 6 | 0 -1 0 0 0 0 0 0 6
5 0 0 -1 0 0 0 0 4 | 0 3 -1 0 0 0 0 0 12
5 0 0 -3 0 0 0 0 12 | 0 1 -1 0 0 0 0 0 4
0 0 0 -1 0 0 0 0 6 | 0 -1 -2 0 0 0 0 0 6
5 0 0 -1 0 0 0 0 12 | 0 -7 -3 0 0 0 0 0 12
15 0 0 -1 0 0 0 0 12 | 0 -7 -1 0 0 0 0 0 12
8 0 0 -1 0 0 0 0 6 | 0 -1 -4 0 0 0 0 0 6
4 0 0 0 0 0 0 0 3 | 0 0 -2 0 0 0 0 0 3
23 0 0 -1 0 0 0 0 12 | 0 -1 -3 0 0 0 0 0 12
9 0 0 -1 0 0 0 0 6 | 0 1 -1 0 0 0 0 0 3
4 0 0 -1 0 0 0 0 6 | 0 2 -3 0 0 0 0 0 6
3 0 0 -1 0 0 0 0 12 | 0 -1 -7 0 0 0 0 0 12
2 0 0 0 0 0 0 0 3 | 0 -1 -1 0 0 0 0 0 2
3 0 0 0 0 0 0 0 2 | 0 -3 -2 0 0 0 0 0 6
23 0 0 1 0 0 0 0 12 | 0 1 -3 0 0 0 0 0 12
3 0 0 0 0 0 0 0 2 | 0 3 -2 0 0 0 0 0 6
2 0 0 0 0 0 0 0 3 | 0 1 -1 0 0 0 0 0 2
3 0 0 1 0 0 0 0 12 | 0 1 -7 0 0 0 0 0 12
5 0 0 0 0 0 0 0 2 | 0 0 1 0 0 0 0 0 6
25 0 0 -1 0 0 0 0 12 | 0 5 1 0 0 0 0 0 12
25 0 0 1 0 0 0 0 12 | 0 -5 1 0 0 0 0 0 12
10 0 0 -1 0 0 0 0 6 | 0 5 0 0 0 0 0 0 6
5 0 0 -1 0 0 0 0 6 | 0 5 -1 0 0 0 0 0 6
0 0 0 -1 0 0 0 0 6 | 0 5 -2 0 0 0 0 0 6
-5 0 0 -1 0 0 0 0 12 | 0 5 -5 0 0 0 0 0 12
-5 0 0 0 0 0 0 0 6 | 0 0 -1 0 0 0 0 0 2
-5 0 0 1 0 0 0 0 12 | 0 -5 -5 0 0 0 0 0 12
5 0 0 1 0 0 0 0 6 | 0 -5 -1 0 0 0 0 0 6
5 0 0 3 0 0 0 0 12 | 0 15 -1 0 0 0 0 0 12
13 0 0 1 0 0 0 0 12 | 0 11 1 0 0 0 0 0 12
7 0 0 1 0 0 0 0 12 | 0 11 -5 0 0 0 0 0 12
7 0 0 3 0 0 0 0 12 | 0 9 -5 0 0 0 0 0 12
2 0 0 1 0 0 0 0 6 | 0 8 -1 0 0 0 0 0 6
-1 0 0 1 0 0 0 0 6 | 0 5 -1 0 0 0 0 0 6
7 0 0 1 0 0 0 0 12 | 0 9 1 0 0 0 0 0 12
5 0 0 0 0 0 0 0 6 | 0 4 -1 0 0 0 0 0 6
13 0 0 1 0 0 0 0 12 | 0 9 -5 0 0 0 0 0 12
13 0 0 3 0 0 0 0 12 | 0 11 -5 0 0 0 0 0 12
15 0 0 1 0 0 0 0 12 | 0 15 -1 0 0 0 0 0 12
5 0 0 1 0 0 0 0 12 | 0 5 -1 0 0 0 0 0 4
0 0 0 1 0 0 0 0 6 | 0 5 -2 0 0 0 0 0 6
5 0 0 3 0 0 0 0 12 | 0 5 -3 0 0 0 0 0 12
-5 0 0 3 0 0 0 0 12 | 0 15 1 0 0 0 0 0 12
0 0 0 1 0 0 0 0 3 | 0 2 0 0 0 0 0 0 3
3 0 0 1 0 0 0 0 12 | 0 11 3 0 0 0 0 0 12
-3 0 0 1 0 0 0 0 12 | 0 11 -3 0 0 0 0 0 12
-1 0 0 1 0 0 0 0 4 | 0 3 -1 0 0 0 0 0 4
6 0 0 1 0 0 0 0 6 | 0 5 0 0 0 0 0 0 6
-3 0 0 1 0 0 0 0 6 | 0 4 0 0 0 0 0 0 3
-6 0 0 1 0 0 0 0 6 | 0 5 0 0 0 0 0 0 6
0 0 0 1 0 0 0 0 3 | 0 1 0 0 0 0 0 0 1
-3 0 0 1 0 0 0 0 12 | 0 3 1 0 0 0 0 0 4
0 0 0 0 0 0 0 0 1 | 0 2 0 0 0 0 0 0 3
3 0 0 1 0 0 0 0 12 | 0 3 -1 0 0 0 0 0 4
1 0 0 1 0 0 0 0 4 | 0 11 -3 0 0 0 0 0 12
5 0 0 1 0 0 0 0 6 | 0 5 1 0 0 0 0 0 6
5 0 0 1 0 0 0 0 12 | 0 15 1 0 0 0 0 0 12
-5 0 0 1 0 0 0 0 12 | 0 15 -1 0 0 0 0 0 12
-5 0 0 1 0 0 0 0 6 | 0 5 -1 0 0 0 0 0 6
-5 0 0 3 0 0 0 0 12 | 0 5 -1 0 0 0 0 0 12
5 0 0 3 0 0 0 0 12 | 0 5 1 0 0 0 0 0 12
1 0 0 2 0 0 0 0 6 | 0 1 -2 0 0 0 0 0 6
11 0 0 3 0 0 0 0 12 | 0 9 -1 0 0 0 0 0 12
-1 0 0 3 0 0 0 0 12 | 0 9 -1 0 0 0 0 0 12
-7 0 0 3 0 0 0 0 12 | 0 3 -1 0 0 0 0 0 12
-1 0 0 3 0 0 0 0 12 | 0 -3 -1 0 0 0 0 0 12
11 0 0 3 0 0 0 0 12 | 0 -3 -1 0 0 0 0 0 12
1 0 0 2 0 0 0 0 6 | 0 2 1 0 0 0 0 0 6
1 0 0 1 0 0 0 0 6 | 0 1 1 0 0 0 0 0 6
5 0 0 1 0 0 0 0 12 | 0 1 -1 0 0 0 0 0 12
4 0 0 1 0 0 0 0 6 | 0 1 -2 0 0 0 0 0 6
2 0 0 1 0 0 0 0 3 | 0 1 -1 0 0 0 0 0 3
5 0 0 1 0 0 0 0 6 | 0 2 0 0 0 0 0 0 3
0 0 0 1 0 0 0 0 6 | 0 4 -1 0 0 0 0 0 6
-5 0 0 3 0 0 0 0 12 | 0 1 -1 0 0 0 0 0 4
0 0 0 1 0 0 0 0 3 | 0 -1 -1 0 0 0 0 0 6
11 0 0 1 0 0 0 0 12 | 0 5 5 0 0 0 0 0 12
1 0 0 1 0 0 0 0 6 | 0 5 1 0 0 0 0 0 6
-2 0 0 1 0 0 0 0 6 | 0 2 1 0 0 0 0 0 6
1 0 0 1 0 0 0 0 6 | 0 -1 1 0 0 0 0 0 6
7 0 0 1 0 0 0 0 6 | 0 -1 1 0 0 0 0 0 6
5 0 0 1 0 0 0 0 12 | 0 3 5 0 0 0 0 0 12
2 0 0 0 0 0 0 0 3 | 0 1 1 0 0 0 0 0 6
11 0 0 1 0 0 0 0 12 | 0 3 -1 0 0 0 0 0 12
11 0 0 3 0 0 0 0 12 | 0 5 -1 0 0 0 0 0 12
13 0 0 1 0 0 0 0 12 | 0 3 1 0 0 0 0 0 4
3 0 0 1 0 0 0 0 12 | 0 9 1 0 0 0 0 0 12
-1 0 0 1 0 0 0 0 6 | 0 1 0 0 0 0 0 0 3
1 0 0 1 0 0 0 0 4 | 0 -1 1 0 0 0 0 0 12
13 0 0 3 0 0 0 0 12 | 0 -1 3 0 0 0 0 0 12
11 0 0 -1 0 0 0 0 12 | 0 7 5 0 0 0 0 0 12
4 0 0 -1 0 0 0 0 6 | 0 4 1 0 0 0 0 0 6
5 0 0 0 0 0 0 0 3 | 0 3 1 0 0 0 0 0 6
7 0 0 0 0 0 0 0 6 | 0 6 1 0 0 0 0 0 6
1 0 0 0 0 0 0 0 6 | 0 6 1 0 0 0 0 0 6
7 0 0 0 0 0 0 0 6 | 0 0 1 0 0 0 0 0 6
4 0 0 1 0 0 0 0 6 | 0 4 1 0 0 0 0 0 6
5 0 0 1 0 0 0 0 12 | 0 7 5 0 0 0 0 0 12
5 0 0 -1 0 0 0 0 12 | 0 5 5 0 0 0 0 0 12
4 0 0 -1 0 0 0 0 6 | 0 2 1 0 0 0 0 0 6
11 0 0 -1 0 0 0 0 12 | 0 5 -1 0 0 0 0 0 12
11 0 0 1 0 0 0 0 12 | 0 7 -1 0 0 0 0 0 12
3 0 0 0 0 0 0 0 2 | 0 3 2 0 0 0 0 0 6
13 0 0 -1 0 0 0 0 12 | 0 11 3 0 0 0 0 0 12
3 0 0 -1 0 0 0 0 12 | 0 11 1 0 0 0 0 0 12
-1 0 0 0 0 0 0 0 6 | 0 1 0 0 0 0 0 0 2
3 0 0 1 0 0 0 0 12 | 0 1 1 0 0 0 0 0 12
13 0 0 1 0 0 0 0 12 | 0 1 3 0 0 0 0 0 12
5 0 0 -3 0 0 0 0 12 | 0 9 -1 0 0 0 0 0 12
1 0 0 -1 0 0 0 0 6 | 0 2 -1 0 0 0 0 0 3
17 0 0 -1 0 0 0 0 12 | 0 7 -1 0 0 0 0 0 12
11 0 0 -1 0 0 0 0 12 | 0 13 -1 0 0 0 0 0 12
-1 0 0 -1 0 0 0 0 12 | 0 13 -1 0 0 0 0 0 12
-7 0 0 -1 0 0 0 0 12 | 0 7 -1 0 0 0 0 0 12
5 0 0 1 0 0 0 0 12 | 0 9 -1 0 0 0 0 0 12
1 0 0 0 0 0 0 0 6 | 0 4 1 0 0 0 0 0 6
1 0 0 -1 0 0 0 0 6 | 0 3 1 0 0 0 0 0 6
5 0 0 -3 0 0 0 0 12 | 0 5 -1 0 0 0 0 0 12
4 0 0 -1 0 0 0 0 6 | 0 3 -2 0 0 0 0 0 6
2 0 0 0 0 0 0 0 3 | 0 2 -1 0 0 0 0 0 3
15 0 0 -1 0 0 0 0 12 | 0 7 1 0 0 0 0 0 12
5 0 0 -1 0 0 0 0 6 | 0 1 0 0 0 0 0 0 1
0 0 0 -1 0 0 0 0 6 | 0 6 -1 0 0 0 0 0 6
-5 0 0 -1 0 0 0 0 12 | 0 7 -3 0 0 0 0 0 12
0 0 0 0 0 0 0 0 1 | 0 1 -1 0 0 0 0 0 6
5 0 0 0 0 0 0 0 6 | 0 1 0 0 0 0 0 0 6
-1 0 0 -1 0 0 0 0 12 | 0 7 -7 0 0 0 0 0 12
-1 0 0 1 0 0 0 0 12 | 0 5 -7 0 0 0 0 0 12
2 0 0 0 0 0 0 0 3 | 0 3 -1 0 0 0 0 0 3
-1 0 0 0 0 0 0 0 3 | 0 3 -1 0 0 0 0 0 3
-5 0 0 0 0 0 0 0 6 | 0 3 -2 0 0 0 0 0 6
-1 0 0 0 0 0 0 0 3 | 0 0 -1 0 0 0 0 0 3
1 0 0 1 0 0 0 0 6 | 0 2 -1 0 0 0 0 0 3
-1 0 0 1 0 0 0 0 12 | 0 7 -1 0 0 0 0 0 12
-1 0 0 -1 0 0 0 0 12 | 0 5 -1 0 0 0 0 0 12
1 0 0 -1 0 0 0 0 6 | 0 1 -1 0 0 0 0 0 3
5 0 0 -1 0 0 0 0 12 | 0 5 -7 0 0 0 0 0 12
5 0 0 1 0 0 0 0 12 | 0 7 -7 0 0 0 0 0 12
1 0 0 0 0 0 0 0 1 | 0 3 -1 0 0 0 0 0 6
7 0 0 -1 0 0 0 0 12 | 0 11 -3 0 0 0 0 0 12
-3 0 0 -1 0 0 0 0 12 | 0 11 -5 0 0 0 0 0 12
-2 0 0 0 0 0 0 0 3 | 0 1 -1 0 0 0 0 0 2
-3 0 0 1 0 0 0 0 12 | 0 1 -5 0 0 0 0 0 12
7 0 0 1 0 0 0 0 12 | 0 1 -3 0 0 0 0 0 12
-1 0 0 3 0 0 0 0 12 | 0 3 -7 0 0 0 0 0 12
7 0 0 1 0 0 0 0 6 | 0 1 -1 0 0 0 0 0 3
4 0 0 1 0 0 0 0 6 | 0 5 -2 0 0 0 0 0 6
-2 0 0 1 0 0 0 0 6 | 0 5 -2 0 0 0 0 0 6
-5 0 0 1 0 0 0 0 6 | 0 1 -1 0 0 0 0 0 3
-2 0 0 1 0 0 0 0 6 | 0 -1 -2 0 0 0 0 0 6
4 0 0 1 0 0 0 0 6 | 0 -1 -2 0 0 0 0 0 6
1 0 0 2 0 0 0 0 6 | 0 3 -2 0 0 0 0 0 6
-1 0 0 3 0 0 0 0 12 | 0 5 -1 0 0 0 0 0 12
-1 0 0 1 0 0 0 0 12 | 0 3 -1 0 0 0 0 0 12
1 0 0 0 0 0 0 0 6 | 0 1 -2 0 0 0 0 0 6
5 0 0 1 0 0 0 0 12 | 0 3 -7 0 0 0 0 0 12
5 0 0 3 0 0 0 0 12 | 0 5 -7 0 0 0 0 0 12
6 0 0 1 0 0 0 0 6 | 0 2 -1 0 0 0 0 0 6
7 0 0 1 0 0 0 0 12 | 0 3 -1 0 0 0 0 0 4
-3 0 0 1 0 0 0 0 12 | 0 9 -5 0 0 0 0 0 12
-4 0 0 1 0 0 0 0 6 | 0 2 -3 0 0 0 0 0 6
-1 0 0 1 0 0 0 0 4 | 0 -1 -5 0 0 0 0 0 12
7 0 0 3 0 0 0 0 12 | 0 -1 -3 0 0 0 0 0 12
7 0 0 1 0 0 0 0 6 | 0 3 1 0 0 0 0 0 6
7 0 0 0 0 0 0 0 6 | 0 2 1 0 0 0 0 0 6
17 0 0 -1 0 0 0 0 12 | 0 3 -1 0 0 0 0 0 12
5 0 0 0 0 0 0 0 3 | 0 1 -1 0 0 0 0 0 3
10 0 0 1 0 0 0 0 6 | 0 3 -2 0 0 0 0 0 6
11 0 0 0 0 0 0 0 6 | 0 5 0 0 0 0 0 0 6
1 0 0 0 0 0 0 0 1 | 0 5 -1 0 0 0 0 0 6
7 0 0 1 0 0 0 0 12 | 0 5 -3 0 0 0 0 0 12
6 0 0 1 0 0 0 0 6 | 0 0 -1 0 0 0 0 0 6
5 0 0 1 0 0 0 0 12 | 0 17 -1 0 0 0 0 0 12
2 0 0 0 0 0 0 0 3 | 0 5 1 0 0 0 0 0 6
11 0 0 -1 0 0 0 0 12 | 0 9 -1 0 0 0 0 0 12
7 0 0 0 0 0 0 0 6 | 0 5 -2 0 0 0 0 0 6
7 0 0 1 0 0 0 0 6 | 0 3 -1 0 0 0 0 0 3
4 0 0 0 0 0 0 0 3 | 0 4 0 0 0 0 0 0 3
1 0 0 0 0 0 0 0 2 | 0 8 -1 0 0 0 0 0 6
1 0 0 1 0 0 0 0 12 | 0 11 -3 0 0 0 0 0 12
3 0 0 1 0 0 0 0 6 | 0 3 -1 0 0 0 0 0 6
8 0 0 1 0 0 0 0 6 | 0 1 0 0 0 0 0 0 2
-7 0 0 1 0 0 0 0 12 | 0 17 -1 0 0 0 0 0 12
-13 0 0 1 0 0 0 0 12 | 0 11 -1 0 0 0 0 0 12
-1 0 0 3 0 0 0 0 12 | 0 13 -1 0 0 0 0 0 12
-2 0 0 1 0 0 0 0 6 | 0 6 1 0 0 0 0 0 6
-1 0 0 0 0 0 0 0 3 | 0 5 1 0 0 0 0 0 6
-1 0 0 -1 0 0 0 0 12 | 0 9 -1 0 0 0 0 0 12
1 0 0 0 0 0 0 0 6 | 0 5 -2 0 0 0 0 0 6
1 0 0 1 0 0 0 0 6 | 0 3 -1 0 0 0 0 0 3
9 0 0 1 0 0 0 0 12 | 0 11 1 0 0 0 0 0 12
1 0 0 0 0 0 0 0 3 | 0 4 0 0 0 0 0 0 3
-1 0 0 0 0 0 0 0 2 | 0 8 -1 0 0 0 0 0 6
-11 0 0 1 0 0 0 0 12 | 0 11 -3 0 0 0 0 0 12
-3 0 0 1 0 0 0 0 6 | 0 3 -1 0 0 0 0 0 6
2 0 0 1 0 0 0 0 6 | 0 1 0 0 0 0 0 0 2
-19 0 0 1 0 0 0 0 12 | 0 5 -1 0 0 0 0 0 12
-7 0 0 3 0 0 0 0 12 | 0 7 -1 0 0 0 0 0 12
-5 0 0 1 0 0 0 0 6 | 0 3 1 0 0 0 0 0 6
-5 0 0 0 0 0 0 0 6 | 0 2 1 0 0 0 0 0 6
-7 0 0 -1 0 0 0 0 12 | 0 3 -1 0 0 0 0 0 12
-1 0 0 0 0 0 0 0 3 | 0 1 -1 0 0 0 0 0 3
-2 0 0 1 0 0 0 0 6 | 0 3 -2 0 0 0 0 0 6
3 0 0 1 0 0 0 0 12 | 0 5 1 0 0 0 0 0 12
-1 0 0 0 0 0 0 0 6 | 0 5 0 0 0 0 0 0 6
-1 0 0 0 0 0 0 0 1 | 0 5 -1 0 0 0 0 0 6
-17 0 0 1 0 0 0 0 12 | 0 5 -3 0 0 0 0 0 12
-6 0 0 1 0 0 0 0 6 | 0 0 -1 0 0 0 0 0 6
-1 0 0 1 0 0 0 0 6 | 0 0 0 0 0 0 0 0 1
-7 0 0 1 0 0 0 0 12 | 0 -7 -1 0 0 0 0 0 12
-1 0 0 3 0 0 0 0 12 | 0 1 -1 0 0 0 0 0 12
-2 0 0 1 0 0 0 0 6 | 0 0 1 0 0 0 0 0 6
-1 0 0 0 0 0 0 0 3 | 0 -1 1 0 0 0 0 0 6
-1 0 0 -1 0 0 0 0 12 | 0 -3 -1 0 0 0 0 0 12
1 0 0 0 0 0 0 0 6 | 0 -1 -2 0 0 0 0 0 6
1 0 0 1 0 0 0 0 6 | 0 0 -1 0 0 0 0 0 3
9 0 0 1 0 0 0 0 12 | 0 -1 1 0 0 0 0 0 12
1 0 0 0 0 0 0 0 3 | 0 1 0 0 0 0 0 0 3
-1 0 0 0 0 0 0 0 2 | 0 2 -1 0 0 0 0 0 6
-11 0 0 1 0 0 0 0 12 | 0 -1 -3 0 0 0 0 0 12
-3 0 0 1 0 0 0 0 6 | 0 -3 -1 0 0 0 0 0 6
2 0 0 1 0 0 0 0 6 | 0 -1 0 0 0 0 0 0 2
17 0 0 1 0 0 0 0 12 | 0 -7 -1 0 0 0 0 0 12
11 0 0 3 0 0 0 0 12 | 0 1 -1 0 0 0 0 0 12
4 0 0 1 0 0 0 0 6 | 0 0 1 0 0 0 0 0 6
2 0 0 0 0 0 0 0 3 | 0 -1 1 0 0 0 0 0 6
11 0 0 -1 0 0 0 0 12 | 0 -3 -1 0 0 0 0 0 12
7 0 0 0 0 0 0 0 6 | 0 -1 -2 0 0 0 0 0 6
7 0 0 1 0 0 0 0 6 | 0 0 -1 0 0 0 0 0 3
21 0 0 1 0 0 0 0 12 | 0 -1 1 0 0 0 0 0 12
4 0 0 0 0 0 0 0 3 | 0 1 0 0 0 0 0 0 3
1 0 0 0 0 0 0 0 2 | 0 2 -1 0 0 0 0 0 6
1 0 0 1 0 0 0 0 12 | 0 -1 -3 0 0 0 0 0 12
3 0 0 1 0 0 0 0 6 | 0 -3 -1 0 0 0 0 0 6
8 0 0 1 0 0 0 0 6 | 0 -1 0 0 0 0 0 0 2
2 0 0 1 0 0 0 0 3 | 0 2 -1 0 0 0 0 0 3
5 0 0 1 0 0 0 0 6 | 0 1 0 0 0 0 0 0 1
0 0 0 1 0 0 0 0 6 | 0 6 -1 0 0 0 0 0 6
-5 0 0 3 0 0 0 0 12 | 0 7 -3 0 0 0 0 0 12
0 0 0 1 0 0 0 0 3 | 0 1 -1 0 0 0 0 0 6
-1 0 0 1 0 0 0 0 12 | 0 5 5 0 0 0 0 0 12
7 0 0 1 0 0 0 0 12 | 0 11 3 0 0 0 0 0 12
-3 0 0 1 0 0 0 0 12 | 0 11 1 0 0 0 0 0 12
-4 0 0 1 0 0 0 0 6 | 0 1 0 0 0 0 0 0 2
-1 0 0 1 0 0 0 0 4 | 0 1 1 0 0 0 0 0 12
7 0 0 3 0 0 0 0 12 | 0 1 3 0 0 0 0 0 12
-1 0 0 -1 0 0 0 0 12 | 0 3 5 0 0 0 0 0 12
1 0 0 -1 0 0 0 0 6 | 0 1 1 0 0 0 0 0 6
1 0 0 0 0 0 0 0 1 | 0 1 1 0 0 0 0 0 3
7 0 0 -1 0 0 0 0 12 | 0 3 1 0 0 0 0 0 4
-3 0 0 -1 0 0 0 0 12 | 0 9 1 0 0 0 0 0 12
-2 0 0 0 0 0 0 0 3 | 0 1 0 0 0 0 0 0 3
-3 0 0 1 0 0 0 0 12 | 0 -1 1 0 0 0 0 0 12
7 0 0 1 0 0 0 0 12 | 0 -1 3 0 0 0 0 0 12
5 0 0 -3 0 0 0 0 12 | 0 1 -1 0 0 0 0 0 12
4 0 0 -1 0 0 0 0 6 | 0 1 -2 0 0 0 0 0 6
15 0 0 -1 0 0 0 0 12 | 0 3 1 0 0 0 0 0 12
5 0 0 -1 0 0 0 0 6 | 0 2 0 0 0 0 0 0 3
0 0 0 -1 0 0 0 0 6 | 0 4 -1 0 0 0 0 0 6
-5 0 0 -1 0 0 0 0 12 | 0 1 -1 0 0 0 0 0 4
0 0 0 0 0 0 0 0 1 | 0 -1 -1 0 0 0 0 0 6
5 0 0 0 0 0 0 0 6 | 0 -1 0 0 0 0 0 0 6
11 0 0 -1 0 0 0 0 12 | 0 3 -7 0 0 0 0 0 12
11 0 0 1 0 0 0 0 12 | 0 5 -7 0 0 0 0 0 12
3 0 0 0 0 0 0 0 2 | 0 2 -1 0 0 0 0 0 6
13 0 0 -1 0 0 0 0 12 | 0 3 -1 0 0 0 0 0 4
3 0 0 -1 0 0 0 0 12 | 0 9 -5 0 0 0 0 0 12
-1 0 0 0 0 0 0 0 6 | 0 2 -3 0 0 0 0 0 6
3 0 0 1 0 0 0 0 12 | 0 -1 -5 0 0 0 0 0 12
13 0 0 1 0 0 0 0 12 | 0 -1 -3 0 0 0 0 0 12
11 0 0 3 0 0 0 0 12 | 0 7 -7 0 0 0 0 0 12
9 0 0 1 0 0 0 0 6 | 0 3 -1 0 0 0 0 0 6
13 0 0 1 0 0 0 0 12 | 0 11 -3 0 0 0 0 0 12
3 0 0 1 0 0 0 0 12 | 0 11 -5 0 0 0 0 0 12
-1 0 0 1 0 0 0 0 6 | 0 1 -1 0 0 0 0 0 2
1 0 0 1 0 0 0 0 4 | 0 1 -5 0 0 0 0 0 12
13 0 0 3 0 0 0 0 12 | 0 1 -3 0 0 0 0 0 12
5 0 0 0 0 0 0 0 3 | 0 5 1 0 0 0 0 0 6
10 0 0 1 0 0 0 0 6 | 0 0 1 0 0 0 0 0 6
15 0 0 -1 0 0 0 0 12 | 0 15 1 0 0 0 0 0 12
5 0 0 -1 0 0 0 0 12 | 0 15 -1 0 0 0 0 0 12
-5 0 0 -1 0 0 0 0 12 | 0 5 -1 0 0 0 0 0 4
-5 0 0 0 0 0 0 0 6 | 0 5 -2 0 0 0 0 0 6
-15 0 0 1 0 0 0 0 12 | 0 5 -5 0 0 0 0 0 12
-5 0 0 1 0 0 0 0 6 | 0 0 -1 0 0 0 0 0 3
-5 0 0 3 0 0 0 0 12 | 0 -5 -3 0 0 0 0 0 12
5 0 0 3 0 0 0 0 12 | 0 -5 -1 0 0 0 0 0 12
-10 0 0 1 0 0 0 0 6 | 0 5 2 0 0 0 0 0 6
-5 0 0 2 0 0 0 0 6 | 0 4 1 0 0 0 0 0 6
-5 0 0 0 0 0 0 0 6 | 0 6 1 0 0 0 0 0 6
-13 0 0 3 0 0 0 0 12 | 0 9 -1 0 0 0 0 0 12
-11 0 0 1 0 0 0 0 6 | 0 5 1 0 0 0 0 0 6
-8 0 0 1 0 0 0 0 6 | 0 2 1 0 0 0 0 0 6
-5 0 0 2 0 0 0 0 6 | 0 6 1 0 0 0 0 0 6
-5 0 0 0 0 0 0 0 6 | 0 4 1 0 0 0 0 0 6
-7 0 0 1 0 0 0 0 12 | 0 9 -1 0 0 0 0 0 12
-7 0 0 3 0 0 0 0 12 | 0 11 -1 0 0 0 0 0 12
-15 0 0 1 0 0 0 0 12 | 0 15 1 0 0 0 0 0 12
-10 0 0 1 0 0 0 0 6 | 0 5 0 0 0 0 0 0 6
-5 0 0 1 0 0 0 0 4 | 0 5 1 0 0 0 0 0 12
-5 0 0 3 0 0 0 0 12 | 0 5 3 0 0 0 0 0 12
-25 0 0 1 0 0 0 0 12 | 0 5 5 0 0 0 0 0 12
-5 0 0 1 0 0 0 0 4 | 0 1 1 0 0 0 0 0 4
-6 0 0 1 0 0 0 0 6 | 0 2 3 0 0 0 0 0 6
-15 0 0 -1 0 0 0 0 12 | 0 7 3 0 0 0 0 0 12
-9 0 0 1 0 0 0 0 6 | 0 1 0 0 0 0 0 0 3
-9 0 0 1 0 0 0 0 12 | 0 11 3 0 0 0 0 0 12
-27 0 0 1 0 0 0 0 12 | 0 5 3 0 0 0 0 0 12
-21 0 0 1 0 0 0 0 12 | 0 -1 3 0 0 0 0 0 12
-5 0 0 1 0 0 0 0 4 | 0 7 3 0 0 0 0 0 12
-9 0 0 1 0 0 0 0 6 | 0 1 1 0 0 0 0 0 2
-15 0 0 -1 0 0 0 0 12 | 0 1 1 0 0 0 0 0 4
-1 0 0 0 0 0 0 0 1 | 0 1 0 0 0 0 0 0 3
-6 0 0 1 0 0 0 0 6 | 0 1 0 0 0 0 0 0 2
-5 0 0 1 0 0 0 0 12 | 0 5 5 0 0 0 0 0 12
-5 0 0 0 0 0 0 0 6 | 0 5 2 0 0 0 0 0 6
-5 0 0 0 0 0 0 0 3 | 0 5 1 0 0 0 0 0 6
-25 0 0 1 0 0 0 0 12 | 0 5 1 0 0 0 0 0 12
-10 0 0 1 0 0 0 0 6 | 0 0 1 0 0 0 0 0 6
-5 0 0 1 0 0 0 0 6 | 0 0 1 0 0 0 0 0 3
-5 0 0 5 0 0 0 0 12 | 0 1 1 0 0 0 0 0 12
-1 0 0 2 0 0 0 0 6 | 0 1 2 0 0 0 0 0 6
-2 0 0 1 0 0 0 0 3 | 0 1 -1 0 0 0 0 0 6
1 0 0 3 0 0 0 0 12 | 0 9 1 0 0 0 0 0 12
-11 0 0 3 0 0 0 0 12 | 0 9 1 0 0 0 0 0 12
-17 0 0 3 0 0 0 0 12 | 0 3 1 0 0 0 0 0 12
-11 0 0 3 0 0 0 0 12 | 0 -3 1 0 0 0 0 0 12
1 0 0 3 0 0 0 0 12 | 0 -3 1 0 0 0 0 0 12
-5 0 0 5 0 0 0 0 12 | 0 5 1 0 0 0 0 0 12
-2 0 0 1 0 0 0 0 3 | 0 1 1 0 0 0 0 0 3
-4 0 0 1 0 0 0 0 6 | 0 1 2 0 0 0 0 0 6
-1 0 0 2 0 0 0 0 6 | 0 2 -1 0 0 0 0 0 6
5 0 0 3 0 0 0 0 12 | 0 1 1 0 0 0 0 0 4
0 0 0 1 0 0 0 0 6 | 0 4 1 0 0 0 0 0 6
-5 0 0 1 0 0 0 0 6 | 0 2 0 0 0 0 0 0 3
-5 0 0 1 0 0 0 0 4 | 0 3 -1 0 0 0 0 0 12
-5 0 0 2 0 0 0 0 6 | 0 -1 0 0 0 0 0 0 6
0 0 0 1 0 0 0 0 3 | 0 -1 1 0 0 0 0 0 6
5 0 0 1 0 0 0 0 6 | 0 1 1 0 0 0 0 0 3
-4 0 0 1 0 0 0 0 6 | 0 5 2 0 0 0 0 0 6
-7 0 0 1 0 0 0 0 6 | 0 1 1 0 0 0 0 0 3
-4 0 0 1 0 0 0 0 6 | 0 -1 2 0 0 0 0 0 6
2 0 0 1 0 0 0 0 6 | 0 -1 2 0 0 0 0 0 6
-1 0 0 2 0 0 0 0 6 | 0 3 2 0 0 0 0 0 6
-5 0 0 1 0 0 0 0 12 | 0 3 7 0 0 0 0 0 12
-1 0 0 0 0 0 0 0 6 | 0 1 2 0 0 0 0 0 6
1 0 0 1 0 0 0 0 12 | 0 3 1 0 0 0 0 0 12
1 0 0 3 0 0 0 0 12 | 0 5 1 0 0 0 0 0 12
-7 0 0 1 0 0 0 0 12 | 0 3 1 0 0 0 0 0 4
-6 0 0 1 0 0 0 0 6 | 0 2 1 0 0 0 0 0 6
-7 0 0 3 0 0 0 0 12 | 0 -1 3 0 0 0 0 0 12
1 0 0 1 0 0 0 0 4 | 0 -1 5 0 0 0 0 0 12
-1 0 0 -1 0 0 0 0 6 | 0 2 1 0 0 0 0 0 3
5 0 0 0 0 0 0 0 6 | 0 3 2 0 0 0 0 0 6
-7 0 0 0 0 0 0 0 6 | 0 3 2 0 0 0 0 0 6
-2 0 0 0 0 0 0 0 3 | 0 0 1 0 0 0 0 0 3
-1 0 0 1 0 0 0 0 6 | 0 2 1 0 0 0 0 0 3
-1 0 0 -1 0 0 0 0 6 | 0 1 1 0 0 0 0 0 3
2 0 0 0 0 0 0 0 3 | 0 1 1 0 0 0 0 0 2
-7 0 0 -1 0 0 0 0 12 | 0 11 3 0 0 0 0 0 12
-1 0 0 0 0 0 0 0 1 | 0 3 1 0 0 0 0 0 6
-7 0 0 1 0 0 0 0 12 | 0 1 3 0 0 0 0 0 12
3 0 0 1 0 0 0 0 12 | 0 1 5 0 0 0 0 0 12
-5 0 0 -3 0 0 0 0 12 | 0 9 1 0 0 0 0 0 12
-4 0 0 -1 0 0 0 0 6 | 0 4 -1 0 0 0 0 0 6
1 0 0 -1 0 0 0 0 12 | 0 13 1 0 0 0 0 0 12
-11 0 0 -1 0 0 0 0 12 | 0 13 1 0 0 0 0 0 12
-17 0 0 -1 0 0 0 0 12 | 0 7 1 0 0 0 0 0 12
-5 0 0 1 0 0 0 0 12 | 0 9 1 0 0 0 0 0 12
-2 0 0 0 0 0 0 0 3 | 0 2 1 0 0 0 0 0 3
-4 0 0 -1 0 0 0 0 6 | 0 3 2 0 0 0 0 0 6
-5 0 0 -3 0 0 0 0 12 | 0 5 1 0 0 0 0 0 12
-1 0 0 -1 0 0 0 0 6 | 0 3 -1 0 0 0 0 0 6
-1 0 0 0 0 0 0 0 6 | 0 4 -1 0 0 0 0 0 6
5 0 0 -1 0 0 0 0 12 | 0 7 3 0 0 0 0 0 12
0 0 0 -1 0 0 0 0 6 | 0 6 1 0 0 0 0 0 6
-5 0 0 -1 0 0 0 0 6 | 0 1 0 0 0 0 0 0 1
-15 0 0 -1 0 0 0 0 12 | 0 7 -1 0 0 0 0 0 12
-5 0 0 0 0 0 0 0 6 | 0 1 0 0 0 0 0 0 6
0 0 0 0 0 0 0 0 1 | 0 1 1 0 0 0 0 0 6
-11 0 0 -1 0 0 0 0 12 | 0 7 -5 0 0 0 0 0 12
-11 0 0 1 0 0 0 0 12 | 0 5 -5 0 0 0 0 0 12
-7 0 0 0 0 0 0 0 6 | 0 6 -1 0 0 0 0 0 6
-5 0 0 0 0 0 0 0 3 | 0 3 -1 0 0 0 0 0 6
-4 0 0 1 0 0 0 0 6 | 0 4 -1 0 0 0 0 0 6
-11 0 0 1 0 0 0 0 12 | 0 7 1 0 0 0 0 0 12
-11 0 0 -1 0 0 0 0 12 | 0 5 1 0 0 0 0 0 12
-4 0 0 -1 0 0 0 0 6 | 0 2 -1 0 0 0 0 0 6
-5 0 0 1 0 0 0 0 12 | 0 7 -5 0 0 0 0 0 12
-3 0 0 -1 0 0 0 0 12 | 0 11 -1 0 0 0 0 0 12
-13 0 0 -1 0 0 0 0 12 | 0 11 -3 0 0 0 0 0 12
-3 0 0 0 0 0 0 0 2 | 0 3 -2 0 0 0 0 0 6
-13 0 0 1 0 0 0 0 12 | 0 1 -3 0 0 0 0 0 12
-11 0 0 3 0 0 0 0 12 | 0 3 -5 0 0 0 0 0 12
-7 0 0 1 0 0 0 0 6 | 0 5 -1 0 0 0 0 0 6
-10 0 0 1 0 0 0 0 6 | 0 2 -1 0 0 0 0 0 6
-7 0 0 1 0 0 0 0 6 | 0 -1 -1 0 0 0 0 0 6
-2 0 0 1 0 0 0 0 3 | 0 3 -1 0 0 0 0 0 6
-11 0 0 3 0 0 0 0 12 | 0 5 1 0 0 0 0 0 12
-11 0 0 1 0 0 0 0 12 | 0 3 1 0 0 0 0 0 12
-2 0 0 0 0 0 0 0 3 | 0 1 -1 0 0 0 0 0 6
-5 0 0 1 0 0 0 0 12 | 0 3 -5 0 0 0 0 0 12
-5 0 0 3 0 0 0 0 12 | 0 5 -5 0 0 0 0 0 12
1 0 0 1 0 0 0 0 6 | 0 1 0 0 0 0 0 0 3
-3 0 0 1 0 0 0 0 12 | 0 9 -1 0 0 0 0 0 12
-13 0 0 1 0 0 0 0 12 | 0 3 -1 0 0 0 0 0 4
-9 0 0 1 0 0 0 0 6 | 0 1 -1 0 0 0 0 0 3
-13 0 0 3 0 0 0 0 12 | 0 -1 -3 0 0 0 0 0 12
-1 0 0 1 0 0 0 0 4 | 0 -1 -1 0 0 0 0 0 12
7 0 0 3 0 0 0 0 12 | 0 7 1 0 0 0 0 0 12
2 0 0 1 0 0 0 0 6 | 0 3 2 0 0 0 0 0 6
1 0 0 0 0 0 0 0 3 | 0 1 1 0 0 0 0 0 3
5 0 0 1 0 0 0 0 6 | 0 3 -1 0 0 0 0 0 6
17 0 0 1 0 0 0 0 12 | 0 5 3 0 0 0 0 0 12
1 0 0 0 0 0 0 0 1 | 0 5 1 0 0 0 0 0 6
1 0 0 0 0 0 0 0 6 | 0 5 0 0 0 0 0 0 6
-3 0 0 1 0 0 0 0 12 | 0 5 -1 0 0 0 0 0 12
1 0 0 1 0 0 0 0 6 | 0 0 0 0 0 0 0 0 1
6 0 0 1 0 0 0 0 6 | 0 0 1 0 0 0 0 0 6
1 0 0 3 0 0 0 0 12 | 0 13 1 0 0 0 0 0 12
-1 0 0 0 0 0 0 0 6 | 0 5 2 0 0 0 0 0 6
1 0 0 -1 0 0 0 0 12 | 0 9 1 0 0 0 0 0 12
1 0 0 0 0 0 0 0 3 | 0 5 -1 0 0 0 0 0 6
2 0 0 1 0 0 0 0 6 | 0 6 -1 0 0 0 0 0 6
-1 0 0 0 0 0 0 0 3 | 0 4 0 0 0 0 0 0 3
-9 0 0 1 0 0 0 0 12 | 0 11 -1 0 0 0 0 0 12
-2 0 0 1 0 0 0 0 6 | 0 1 0 0 0 0 0 0 2
3 0 0 1 0 0 0 0 6 | 0 3 1 0 0 0 0 0 6
-23 0 0 1 0 0 0 0 12 | 0 11 1 0 0 0 0 0 12
-11 0 0 3 0 0 0 0 12 | 0 13 1 0 0 0 0 0 12
-11 0 0 -1 0 0 0 0 12 | 0 9 1 0 0 0 0 0 12
-2 0 0 0 0 0 0 0 3 | 0 5 -1 0 0 0 0 0 6
-4 0 0 1 0 0 0 0 6 | 0 6 -1 0 0 0 0 0 6
-1 0 0 1 0 0 0 0 12 | 0 11 3 0 0 0 0 0 12
-4 0 0 0 0 0 0 0 3 | 0 4 0 0 0 0 0 0 3
-21 0 0 1 0 0 0 0 12 | 0 11 -1 0 0 0 0 0 12
-8 0 0 1 0 0 0 0 6 | 0 1 0 0 0 0 0 0 2
-3 0 0 1 0 0 0 0 6 | 0 3 1 0 0 0 0 0 6
-29 0 0 1 0 0 0 0 12 | 0 5 1 0 0 0 0 0 12
-23 0 0 1 0 0 0 0 12 | 0 -1 1 0 0 0 0 0 12
-17 0 0 3 0 0 0 0 12 | 0 7 1 0 0 0 0 0 12
-10 0 0 1 0 0 0 0 6 | 0 3 2 0 0 0 0 0 6
-5 0 0 0 0 0 0 0 3 | 0 1 1 0 0 0 0 0 3
-17 0 0 -1 0 0 0 0 12 | 0 3 1 0 0 0 0 0 12
-7 0 0 0 0 0 0 0 6 | 0 2 -1 0 0 0 0 0 6
-7 0 0 1 0 0 0 0 6 | 0 3 -1 0 0 0 0 0 6
-7 0 0 1 0 0 0 0 12 | 0 5 3 0 0 0 0 0 12
-1 0 0 0 0 0 0 0 1 | 0 5 1 0 0 0 0 0 6
-11 0 0 0 0 0 0 0 6 | 0 5 0 0 0 0 0 0 6
-27 0 0 1 0 0 0 0 12 | 0 5 -1 0 0 0 0 0 12
-11 0 0 1 0 0 0 0 6 | 0 0 0 0 0 0 0 0 1
-6 0 0 1 0 0 0 0 6 | 0 0 1 0 0 0 0 0 6
-17 0 0 1 0 0 0 0 12 | 0 -7 1 0 0 0 0 0 12
-11 0 0 3 0 0 0 0 12 | 0 1 1 0 0 0 0 0 12
-7 0 0 1 0 0 0 0 6 | 0 0 1 0 0 0 0 0 3
-7 0 0 0 0 0 0 0 6 | 0 -1 2 0 0 0 0 0 6
-11 0 0 -1 0 0 0 0 12 | 0 -3 1 0 0 0 0 0 12
-2 0 0 0 0 0 0 0 3 | 0 -1 -1 0 0 0 0 0 6
-4 0 0 1 0 0 0 0 6 | 0 0 -1 0 0 0 0 0 6
-1 0 0 1 0 0 0 0 12 | 0 -1 3 0 0 0 0 0 12
-1 0 0 0 0 0 0 0 2 | 0 2 1 0 0 0 0 0 6
-4 0 0 0 0 0 0 0 3 | 0 1 0 0 0 0 0 0 3
-21 0 0 1 0 0 0 0 12 | 0 -1 -1 0 0 0 0 0 12
-8 0 0 1 0 0 0 0 6 | 0 -1 0 0 0 0 0 0 2
-3 0 0 1 0 0 0 0 6 | 0 -3 1 0 0 0 0 0 6
1 0 0 3 0 0 0 0 12 | 0 1 1 0 0 0 0 0 12
-1 0 0 1 0 0 0 0 6 | 0 0 1 0 0 0 0 0 3
-1 0 0 0 0 0 0 0 6 | 0 -1 2 0 0 0 0 0 6
1 0 0 -1 0 0 0 0 12 | 0 -3 1 0 0 0 0 0 12
11 0 0 1 0 0 0 0 12 | 0 -1 3 0 0 0 0 0 12
1 0 0 0 0 0 0 0 2 | 0 2 1 0 0 0 0 0 6
-1 0 0 0 0 0 0 0 3 | 0 1 0 0 0 0 0 0 3
-9 0 0 1 0 0 0 0 12 | 0 -1 -1 0 0 0 0 0 12
-2 0 0 1 0 0 0 0 6 | 0 -1 0 0 0 0 0 0 2
3 0 0 1 0 0 0 0 6 | 0 -3 1 0 0 0 0 0 6
-5 0 0 5 0 0 0 0 12 | 0 9 1 0 0 0 0 0 12
-2 0 0 1 0 0 0 0 3 | 0 2 1 0 0 0 0 0 3
-1 0 0 2 0 0 0 0 6 | 0 4 -1 0 0 0 0 0 6
5 0 0 3 0 0 0 0 12 | 0 7 3 0 0 0 0 0 12
0 0 0 1 0 0 0 0 6 | 0 6 1 0 0 0 0 0 6
-5 0 0 1 0 0 0 0 6 | 0 1 0 0 0 0 0 0 1
-5 0 0 1 0 0 0 0 4 | 0 7 -1 0 0 0 0 0 12
-5 0 0 2 0 0 0 0 6 | 0 1 0 0 0 0 0 0 6
0 0 0 1 0 0 0 0 3 | 0 1 1 0 0 0 0 0 6
-13 0 0 1 0 0 0 0 12 | 0 11 3 0 0 0 0 0 12
-9 0 0 1 0 0 0 0 6 | 0 3 1 0 0 0 0 0 6
-13 0 0 3 0 0 0 0 12 | 0 1 3 0 0 0 0 0 12
-1 0 0 1 0 0 0 0 4 | 0 1 5 0 0 0 0 0 12
-4 0 0 -1 0 0 0 0 6 | 0 1 2 0 0 0 0 0 6
1 0 0 0 0 0 0 0 6 | 0 2 3 0 0 0 0 0 6
-13 0 0 -1 0 0 0 0 12 | 0 3 1 0 0 0 0 0 4
-3 0 0 0 0 0 0 0 2 | 0 2 1 0 0 0 0 0 6
-13 0 0 1 0 0 0 0 12 | 0 -1 3 0 0 0 0 0 12
-3 0 0 1 0 0 0 0 12 | 0 -1 5 0 0 0 0 0 12
-5 0 0 -3 0 0 0 0 12 | 0 1 1 0 0 0 0 0 12
5 0 0 -1 0 0 0 0 12 | 0 1 1 0 0 0 0 0 4
0 0 0 -1 0 0 0 0 6 | 0 4 1 0 0 0 0 0 6
-5 0 0 -1 0 0 0 0 6 | 0 2 0 0 0 0 0 0 3
-15 0 0 -1 0 0 0 0 12 | 0 3 -1 0 0 0 0 0 12
-5 0 0 0 0 0 0 0 6 | 0 -1 0 0 0 0 0 0 6
0 0 0 0 0 0 0 0 1 | 0 -1 1 0 0 0 0 0 6
1 0 0 -1 0 0 0 0 12 | 0 3 -5 0 0 0 0 0 12
3 0 0 -1 0 0 0 0 12 | 0 9 -1 0 0 0 0 0 12
-7 0 0 -1 0 0 0 0 12 | 0 3 -1 0 0 0 0 0 4
-1 0 0 0 0 0 0 0 1 | 0 1 -1 0 0 0 0 0 3
-7 0 0 1 0 0 0 0 12 | 0 -1 -3 0 0 0 0 0 12
1 0 0 3 0 0 0 0 12 | 0 7 -5 0 0 0 0 0 12
4 0 0 1 0 0 0 0 6 | 0 1 0 0 0 0 0 0 2
3 0 0 1 0 0 0 0 12 | 0 11 -1 0 0 0 0 0 12
-7 0 0 1 0 0 0 0 12 | 0 11 -3 0 0 0 0 0 12
-6 0 0 1 0 0 0 0 6 | 0 3 -2 0 0 0 0 0 6
-7 0 0 3 0 0 0 0 12 | 0 1 -3 0 0 0 0 0 12
1 0 0 1 0 0 0 0 4 | 0 1 -1 0 0 0 0 0 12
5 0 0 0 0 0 0 0 6 | 0 5 2 0 0 0 0 0 6
-5 0 0 -1 0 0 0 0 12 | 0 15 1 0 0 0 0 0 12
-15 0 0 -1 0 0 0 0 12 | 0 15 -1 0 0 0 0 0 12
-5 0 0 0 0 0 0 0 3 | 0 5 -1 0 0 0 0 0 6
-25 0 0 1 0 0 0 0 12 | 0 5 -3 0 0 0 0 0 12
-10 0 0 1 0 0 0 0 6 | 0 0 -1 0 0 0 0 0 6
-5 0 0 1 0 0 0 0 4 | 0 -5 -1 0 0 0 0 0 12
-5 0 0 3 0 0 0 0 12 | 0 -5 1 0 0 0 0 0 12
5 0 0 3 0 0 0 0 12 | 0 -5 3 0 0 0 0 0 12
-25 0 0 -1 0 0 0 0 12 | 0 -5 5 0 0 0 0 0 12
-10 0 0 1 0 0 0 0 6 | 0 -1 2 0 0 0 0 0 6
-17 0 0 1 0 0 0 0 12 | 0 -1 7 0 0 0 0 0 12
-23 0 0 -1 0 0 0 0 12 | 0 1 1 0 0 0 0 0 12
-13 0 0 0 0 0 0 0 6 | 0 -3 2 0 0 0 0 0 6
-7 0 0 0 0 0 0 0 6 | 0 -3 2 0 0 0 0 0 6
-10 0 0 1 0 0 0 0 6 | 0 1 2 0 0 0 0 0 6
-23 0 0 1 0 0 0 0 12 | 0 1 7 0 0 0 0 0 12
-17 0 0 -1 0 0 0 0 12 | 0 -1 1 0 0 0 0 0 12
-17 0 0 1 0 0 0 0 12 | 0 1 1 0 0 0 0 0 12
-5 0 0 0 0 0 0 0 6 | 0 0 1 0 0 0 0 0 2
-5 0 0 0 0 0 0 0 2 | 0 0 1 0 0 0 0 0 6
-25 0 0 1 0 0 0 0 12 | 0 -5 3 0 0 0 0 0 12
-15 0 0 1 0 0 0 0 12 | 0 -5 5 0 0 0 0 0 12
-10 0 0 -1 0 0 0 0 6 | 0 -5 2 0 0 0 0 0 6
-15 0 0 1 0 0 0 0 12 | 0 -7 3 0 0 0 0 0 12
-1 0 0 0 0 0 0 0 1 | 0 -1 1 0 0 0 0 0 2
-6 0 0 -1 0 0 0 0 6 | 0 -2 3 0 0 0 0 0 6
-9 0 0 -1 0 0 0 0 6 | 0 -1 0 0 0 0 0 0 3
-21 0 0 -1 0 0 0 0 12 | 0 1 3 0 0 0 0 0 12
-21 0 0 -1 0 0 0 0 12 | 0 -11 3 0 0 0 0 0 12
-9 0 0 -1 0 0 0 0 12 | 0 -11 3 0 0 0 0 0 12
-15 0 0 1 0 0 0 0 12 | 0 -1 1 0 0 0 0 0 4
-3 0 0 0 0 0 0 0 2 | 0 -2 3 0 0 0 0 0 6
-9 0 0 -1 0 0 0 0 6 | 0 -1 1 0 0 0 0 0 2
-6 0 0 -1 0 0 0 0 6 | 0 -1 0 0 0 0 0 0 2
-1 0 0 0 0 0 0 0 1 | 0 -1 0 0 0 0 0 0 3
-5 0 0 -1 0 0 0 0 12 | 0 -5 5 0 0 0 0 0 12
-5 0 0 -1 0 0 0 0 6 | 0 0 1 0 0 0 0 0 3
-10 0 0 -1 0 0 0 0 6 | 0 0 1 0 0 0 0 0 6
-25 0 0 -1 0 0 0 0 12 | 0 -5 1 0 0 0 0 0 12
-5 0 0 0 0 0 0 0 3 | 0 -5 1 0 0 0 0 0 6
-5 0 0 0 0 0 0 0 6 | 0 -5 2 0 0 0 0 0 6
-5 0 0 2 0 0 0 0 6 | 0 -2 1 0 0 0 0 0 6
-7 0 0 3 0 0 0 0 12 | 0 -3 5 0 0 0 0 0 12
-13 0 0 3 0 0 0 0 12 | 0 -3 -1 0 0 0 0 0 12
-11 0 0 1 0 0 0 0 6 | 0 -1 1 0 0 0 0 0 6
-8 0 0 1 0 0 0 0 6 | 0 -4 1 0 0 0 0 0 6
-2 0 0 1 0 0 0 0 6 | 0 -4 1 0 0 0 0 0 6
-5 0 0 2 0 0 0 0 6 | 0 0 1 0 0 0 0 0 6
-13 0 0 3 0 0 0 0 12 | 0 -1 5 0 0 0 0 0 12
-13 0 0 1 0 0 0 0 12 | 0 -3 5 0 0 0 0 0 12
-5 0 0 0 0 0 0 0 6 | 0 -2 1 0 0 0 0 0 6
-7 0 0 1 0 0 0 0 12 | 0 -3 -1 0 0 0 0 0 12
-7 0 0 3 0 0 0 0 12 | 0 -1 -1 0 0 0 0 0 12
0 0 0 1 0 0 0 0 6 | 0 -1 2 0 0 0 0 0 6
-5 0 0 1 0 0 0 0 12 | 0 1 1 0 0 0 0 0 4
-15 0 0 1 0 0 0 0 12 | 0 3 1 0 0 0 0 0 12
-10 0 0 1 0 0 0 0 6 | 0 -1 0 0 0 0 0 0 6
-5 0 0 1 0 0 0 0 4 | 0 -7 1 0 0 0 0 0 12
-5 0 0 3 0 0 0 0 12 | 0 -7 3 0 0 0 0 0 12
-2 0 0 1 0 0 0 0 6 | 0 -1 4 0 0 0 0 0 6
-1 0 0 0 0 0 0 0 3 | 0 0 2 0 0 0 0 0 3
5 0 0 1 0 0 0 0 12 | 0 -1 5 0 0 0 0 0 12
-13 0 0 1 0 0 0 0 12 | 0 5 5 0 0 0 0 0 12
-19 0 0 1 0 0 0 0 12 | 0 -1 5 0 0 0 0 0 12
-13 0 0 1 0 0 0 0 12 | 0 -7 5 0 0 0 0 0 12
-1 0 0 1 0 0 0 0 12 | 0 -7 5 0 0 0 0 0 12
-7 0 0 3 0 0 0 0 12 | 0 1 5 0 0 0 0 0 12
-5 0 0 1 0 0 0 0 6 | 0 0 2 0 0 0 0 0 3
-5 0 0 0 0 0 0 0 6 | 0 -1 4 0 0 0 0 0 6
-7 0 0 -1 0 0 0 0 12 | 0 -3 5 0 0 0 0 0 12
3 0 0 1 0 0 0 0 12 | 0 -1 7 0 0 0 0 0 12
-1 0 0 0 0 0 0 0 6 | 0 2 3 0 0 0 0 0 6
-1 0 0 0 0 0 0 0 1 | 0 1 1 0 0 0 0 0 3
-17 0 0 1 0 0 0 0 12 | 0 -1 3 0 0 0 0 0 12
-6 0 0 1 0 0 0 0 6 | 0 -3 2 0 0 0 0 0 6
-1 0 0 1 0 0 0 0 6 | 0 -1 1 0 0 0 0 0 2
5 0 0 -1 0 0 0 0 12 | 0 1 5 0 0 0 0 0 12
-1 0 0 -1 0 0 0 0 12 | 0 7 5 0 0 0 0 0 12
-19 0 0 -1 0 0 0 0 12 | 0 1 5 0 0 0 0 0 12
-13 0 0 -1 0 0 0 0 12 | 0 -5 5 0 0 0 0 0 12
-1 0 0 -1 0 0 0 0 12 | 0 -5 5 0 0 0 0 0 12
-7 0 0 1 0 0 0 0 12 | 0 3 5 0 0 0 0 0 12
-5 0 0 0 0 0 0 0 6 | 0 1 4 0 0 0 0 0 6
-7 0 0 -3 0 0 0 0 12 | 0 -1 5 0 0 0 0 0 12
-2 0 0 -1 0 0 0 0 6 | 0 0 1 0 0 0 0 0 6
-1 0 0 0 0 0 0 0 3 | 0 1 1 0 0 0 0 0 6
3 0 0 -1 0 0 0 0 12 | 0 1 7 0 0 0 0 0 12
-17 0 0 -1 0 0 0 0 12 | 0 1 3 0 0 0 0 0 12
-1 0 0 0 0 0 0 0 1 | 0 -1 1 0 0 0 0 0 3
-1 0 0 0 0 0 0 0 6 | 0 -2 3 0 0 0 0 0 6
-13 0 0 -3 0 0 0 0 12 | 0 3 -1 0 0 0 0 0 12
-2 0 0 -1 0 0 0 0 6 | 0 4 1 0 0 0 0 0 6
-8 0 0 -1 0 0 0 0 6 | 0 -2 1 0 0 0 0 0 6
-2 0 0 -1 0 0 0 0 6 | 0 -2 1 0 0 0 0 0 6
-13 0 0 -1 0 0 0 0 12 | 0 3 5 0 0 0 0 0 12
-7 0 0 -3 0 0 0 0 12 | 0 1 -1 0 0 0 0 0 12
0 0 0 -1 0 0 0 0 6 | 0 1 2 0 0 0 0 0 6
-5 0 0 -3 0 0 0 0 12 | 0 7 3 0 0 0 0 0 12
-10 0 0 -1 0 0 0 0 6 | 0 1 0 0 0 0 0 0 6
-15 0 0 -1 0 0 0 0 12 | 0 -3 1 0 0 0 0 0 12
-5 0 0 -1 0 0 0 0 12 | 0 -1 1 0 0 0 0 0 4
-8 0 0 -1 0 0 0 0 6 | 0 1 -2 0 0 0 0 0 6
-4 0 0 0 0 0 0 0 3 | 0 0 -1 0 0 0 0 0 3
-19 0 0 -1 0 0 0 0 12 | 0 7 -1 0 0 0 0 0 12
-25 0 0 -1 0 0 0 0 12 | 0 1 -1 0 0 0 0 0 12
-19 0 0 -1 0 0 0 0 12 | 0 -5 -1 0 0 0 0 0 12
-13 0 0 1 0 0 0 0 12 | 0 3 -1 0 0 0 0 0 12
-4 0 0 0 0 0 0 0 3 | 0 1 1 0 0 0 0 0 6
-8 0 0 -1 0 0 0 0 6 | 0 0 1 0 0 0 0 0 6
-13 0 0 -3 0 0 0 0 12 | 0 -1 -1 0 0 0 0 0 12
-5 0 0 -1 0 0 0 0 6 | 0 0 -1 0 0 0 0 0 3
-5 0 0 0 0 0 0 0 6 | 0 1 -2 0 0 0 0 0 6
-3 0 0 -1 0 0 0 0 12 | 0 1 1 0 0 0 0 0 12
-4 0 0 -1 0 0 0 0 6 | 0 1 0 0 0 0 0 0 2
-9 0 0 -1 0 0 0 0 6 | 0 3 -1 0 0 0 0 0 6
-23 0 0 -1 0 0 0 0 12 | 0 1 -3 0 0 0 0 0 12
-3 0 0 0 0 0 0 0 2 | 0 -2 -1 0 0 0 0 0 6
-2 0 0 0 0 0 0 0 3 | 0 -1 0 0 0 0 0 0 3
-8 0 0 1 0 0 0 0 6 | 0 -1 -2 0 0 0 0 0 6
-25 0 0 1 0 0 0 0 12 | 0 -1 -1 0 0 0 0 0 12
-19 0 0 1 0 0 0 0 12 | 0 -7 -1 0 0 0 0 0 12
-13 0 0 3 0 0 0 0 12 | 0 1 -1 0 0 0 0 0 12
-8 0 0 1 0 0 0 0 6 | 0 0 1 0 0 0 0 0 6
-4 0 0 0 0 0 0 0 3 | 0 -1 1 0 0 0 0 0 6
-13 0 0 -1 0 0 0 0 12 | 0 -3 -1 0 0 0 0 0 12
-5 0 0 0 0 0 0 0 6 | 0 -1 -2 0 0 0 0 0 6
-3 0 0 0 0 0 0 0 2 | 0 2 -1 0 0 0 0 0 6
-23 0 0 1 0 0 0 0 12 | 0 -1 -3 0 0 0 0 0 12
-9 0 0 1 0 0 0 0 6 | 0 -3 -1 0 0 0 0 0 6
-4 0 0 1 0 0 0 0 6 | 0 -1 0 0 0 0 0 0 2
-1 0 0 1 0 0 0 0 12 | 0 1 5 0 0 0 0 0 12
-1 0 0 -1 0 0 0 0 12 | 0 -1 5 0 0 0 0 0 12
1 0 0 -1 0 0 0 0 6 | 0 -1 1 0 0 0 0 0 6
5 0 0 -1 0 0 0 0 12 | 0 -1 -1 0 0 0 0 0 12
1 0 0 0 0 0 0 0 1 | 0 0 1 0 0 0 0 0 3
7 0 0 -1 0 0 0 0 12 | 0 5 3 0 0 0 0 0 12
-3 0 0 -1 0 0 0 0 12 | 0 5 1 0 0 0 0 0 12
-2 0 0 0 0 0 0 0 3 | 0 0 0 0 0 0 0 0 1
-3 0 0 1 0 0 0 0 12 | 0 -5 1 0 0 0 0 0 12
7 0 0 1 0 0 0 0 12 | 0 -5 3 0 0 0 0 0 12
-2 0 0 1 0 0 0 0 6 | 0 4 1 0 0 0 0 0 6
-7 0 0 1 0 0 0 0 12 | 0 7 5 0 0 0 0 0 12
-7 0 0 -1 0 0 0 0 12 | 0 5 5 0 0 0 0 0 12
-2 0 0 -1 0 0 0 0 6 | 0 2 1 0 0 0 0 0 6
1 0 0 0 0 0 0 0 2 | 0 3 2 0 0 0 0 0 6
1 0 0 -1 0 0 0 0 12 | 0 11 3 0 0 0 0 0 12
-9 0 0 -1 0 0 0 0 12 | 0 11 1 0 0 0 0 0 12
-7 0 0 0 0 0 0 0 6 | 0 1 0 0 0 0 0 0 2
-9 0 0 1 0 0 0 0 12 | 0 1 1 0 0 0 0 0 12
1 0 0 1 0 0 0 0 12 | 0 1 3 0 0 0 0 0 12
-8 0 0 1 0 0 0 0 6 | 0 4 1 0 0 0 0 0 6
-19 0 0 1 0 0 0 0 12 | 0 7 5 0 0 0 0 0 12
-8 0 0 -1 0 0 0 0 6 | 0 2 1 0 0 0 0 0 6
-13 0 0 -1 0 0 0 0 12 | 0 5 -1 0 0 0 0 0 12
-13 0 0 1 0 0 0 0 12 | 0 7 -1 0 0 0 0 0 12
-1 0 0 0 0 0 0 0 2 | 0 3 2 0 0 0 0 0 6
-13 0 0 0 0 0 0 0 6 | 0 1 0 0 0 0 0 0 2
-21 0 0 1 0 0 0 0 12 | 0 1 1 0 0 0 0 0 12
-11 0 0 1 0 0 0 0 12 | 0 1 3 0 0 0 0 0 12
-7 0 0 0 0 0 0 0 3 | 0 -3 1 0 0 0 0 0 6
-11 0 0 1 0 0 0 0 6 | 0 1 1 0 0 0 0 0 6
-25 0 0 1 0 0 0 0 12 | 0 1 5 0 0 0 0 0 12
-19 0 0 -1 0 0 0 0 12 | 0 -1 -1 0 0 0 0 0 12
-19 0 0 1 0 0 0 0 12 | 0 1 -1 0 0 0 0 0 12
-1 0 0 0 0 0 0 0 1 | 0 0 1 0 0 0 0 0 3
-17 0 0 -1 0 0 0 0 12 | 0 5 3 0 0 0 0 0 12
-8 0 0 0 0 0 0 0 3 | 0 0 0 0 0 0 0 0 1
-27 0 0 1 0 0 0 0 12 | 0 -5 1 0 0 0 0 0 12
-17 0 0 1 0 0 0 0 12 | 0 -5 3 0 0 0 0 0 12
-11 0 0 0 0 0 0 0 6 | 0 -6 1 0 0 0 0 0 6
-5 0 0 0 0 0 0 0 6 | 0 -6 1 0 0 0 0 0 6
-8 0 0 1 0 0 0 0 6 | 0 -2 1 0 0 0 0 0 6
-19 0 0 1 0 0 0 0 12 | 0 -5 5 0 0 0 0 0 12
-19 0 0 -1 0 0 0 0 12 | 0 -7 5 0 0 0 0 0 12
-8 0 0 -1 0 0 0 0 6 | 0 -4 1 0 0 0 0 0 6
-13 0 0 -1 0 0 0 0 12 | 0 -7 -1 0 0 0 0 0 12
-13 0 0 1 0 0 0 0 12 | 0 -5 -1 0 0 0 0 0 12
-1 0 0 0 0 0 0 0 2 | 0 -3 2 0 0 0 0 0 6
-11 0 0 -1 0 0 0 0 12 | 0 -1 3 0 0 0 0 0 12
-21 0 0 -1 0 0 0 0 12 | 0 -1 1 0 0 0 0 0 12
-13 0 0 0 0 0 0 0 6 | 0 -1 0 0 0 0 0 0 2
-21 0 0 1 0 0 0 0 12 | 0 -11 1 0 0 0 0 0 12
-11 0 0 1 0 0 0 0 12 | 0 -11 3 0 0 0 0 0 12
1 0 0 0 0 0 0 0 6 | 0 -6 1 0 0 0 0 0 6
-2 0 0 1 0 0 0 0 6 | 0 -2 1 0 0 0 0 0 6
-7 0 0 1 0 0 0 0 12 | 0 -5 5 0 0 0 0 0 12
-7 0 0 -1 0 0 0 0 12 | 0 -7 5 0 0 0 0 0 12
-2 0 0 -1 0 0 0 0 6 | 0 -4 1 0 0 0 0 0 6
-1 0 0 -1 0 0 0 0 12 | 0 -7 -1 0 0 0 0 0 12
-1 0 0 1 0 0 0 0 12 | 0 -5 -1 0 0 0 0 0 12
1 0 0 0 0 0 0 0 2 | 0 -3 2 0 0 0 0 0 6
1 0 0 -1 0 0 0 0 12 | 0 -1 3 0 0 0 0 0 12
-9 0 0 -1 0 0 0 0 12 | 0 -1 1 0 0 0 0 0 12
-7 0 0 0 0 0 0 0 6 | 0 -1 0 0 0 0 0 0 2
-9 0 0 1 0 0 0 0 12 | 0 -11 1 0 0 0 0 0 12
1 0 0 1 0 0 0 0 12 | 0 -11 3 0 0 0 0 0 12
-5 0 0 2 0 0 0 0 6 | 0 2 1 0 0 0 0 0 6
-13 0 0 3 0 0 0 0 12 | 0 3 5 0 0 0 0 0 12
0 0 0 1 0 0 0 0 6 | 0 1 2 0 0 0 0 0 6
-5 0 0 1 0 0 0 0 12 | 0 7 3 0 0 0 0 0 12
-15 0 0 1 0 0 0 0 12 | 0 7 1 0 0 0 0 0 12
-10 0 0 1 0 0 0 0 6 | 0 1 0 0 0 0 0 0 6
-5 0 0 1 0 0 0 0 4 | 0 -3 1 0 0 0 0 0 12
-5 0 0 3 0 0 0 0 12 | 0 -1 1 0 0 0 0 0 4
-8 0 0 1 0 0 0 0 6 | 0 1 4 0 0 0 0 0 6
-4 0 0 0 0 0 0 0 3 | 0 0 2 0 0 0 0 0 3
-3 0 0 1 0 0 0 0 12 | 0 1 7 0 0 0 0 0 12
-2 0 0 0 0 0 0 0 3 | 0 1 1 0 0 0 0 0 2
-3 0 0 0 0 0 0 0 2 | 0 3 2 0 0 0 0 0 6
-23 0 0 1 0 0 0 0 12 | 0 1 3 0 0 0 0 0 12
-9 0 0 1 0 0 0 0 6 | 0 -1 1 0 0 0 0 0 3
-4 0 0 1 0 0 0 0 6 | 0 -2 3 0 0 0 0 0 6
-3 0 0 -1 0 0 0 0 12 | 0 -1 7 0 0 0 0 0 12
-23 0 0 -1 0 0 0 0 12 | 0 -1 3 0 0 0 0 0 12
-3 0 0 0 0 0 0 0 2 | 0 -3 2 0 0 0 0 0 6
-2 0 0 0 0 0 0 0 3 | 0 -1 1 0 0 0 0 0 2
-7 0 0 -3 0 0 0 0 12 | 0 -3 -1 0 0 0 0 0 12
0 0 0 -1 0 0 0 0 6 | 0 -1 2 0 0 0 0 0 6
-5 0 0 -3 0 0 0 0 12 | 0 1 1 0 0 0 0 0 4
-10 0 0 -1 0 0 0 0 6 | 0 -1 0 0 0 0 0 0 6
-15 0 0 -1 0 0 0 0 12 | 0 -7 1 0 0 0 0 0 12
-5 0 0 -1 0 0 0 0 12 | 0 -7 3 0 0 0 0 0 12
-2 0 0 -1 0 0 0 0 6 | 0 -1 -2 0 0 0 0 0 6
3 0 0 -1 0 0 0 0 12 | 0 -1 1 0 0 0 0 0 12
-1 0 0 -1 0 0 0 0 6 | 0 1 0 0 0 0 0 0 3
-6 0 0 -1 0 0 0 0 6 | 0 2 -1 0 0 0 0 0 6
-17 0 0 -1 0 0 0 0 12 | 0 -1 -3 0 0 0 0 0 12
-1 0 0 0 0 0 0 0 1 | 0 -3 -1 0 0 0 0 0 6
-1 0 0 0 0 0 0 0 6 | 0 -1 0 0 0 0 0 0 2
-2 0 0 1 0 0 0 0 6 | 0 1 -2 0 0 0 0 0 6
-1 0 0 0 0 0 0 0 1 | 0 3 -1 0 0 0 0 0 6
-17 0 0 1 0 0 0 0 12 | 0 1 -3 0 0 0 0 0 12
-6 0 0 1 0 0 0 0 6 | 0 -2 -1 0 0 0 0 0 6
-1 0 0 1 0 0 0 0 6 | 0 -1 0 0 0 0 0 0 3
5 0 0 0 0 0 0 0 6 | 0 0 1 0 0 0 0 0 2
5 0 0 1 0 0 0 0 12 | 0 -5 5 0 0 0 0 0 12
-5 0 0 -1 0 0 0 0 6 | 0 5 1 0 0 0 0 0 6
-25 0 0 -1 0 0 0 0 12 | 0 5 -1 0 0 0 0 0 12
-5 0 0 0 0 0 0 0 2 | 0 0 -1 0 0 0 0 0 6
-25 0 0 1 0 0 0 0 12 | 0 -5 -1 0 0 0 0 0 12
-10 0 0 1 0 0 0 0 6 | 0 -5 0 0 0 0 0 0 6
-5 0 0 1 0 0 0 0 6 | 0 -5 1 0 0 0 0 0 6
0 0 0 1 0 0 0 0 6 | 0 -5 2 0 0 0 0 0 6
-5 0 0 -3 0 0 0 0 12 | 0 -15 1 0 0 0 0 0 12
-7 0 0 -1 0 0 0 0 12 | 0 -11 5 0 0 0 0 0 12
-7 0 0 -3 0 0 0 0 12 | 0 -9 5 0 0 0 0 0 12
-13 0 0 -1 0 0 0 0 12 | 0 -11 -1 0 0 0 0 0 12
1 0 0 -1 0 0 0 0 6 | 0 -5 1 0 0 0 0 0 6
-2 0 0 -1 0 0 0 0 6 | 0 -8 1 0 0 0 0 0 6
-5 0 0 0 0 0 0 0 6 | 0 -4 1 0 0 0 0 0 6
-13 0 0 -1 0 0 0 0 12 | 0 -9 5 0 0 0 0 0 12
-13 0 0 -3 0 0 0 0 12 | 0 -11 5 0 0 0 0 0 12
-7 0 0 -1 0 0 0 0 12 | 0 -9 -1 0 0 0 0 0 12
0 0 0 -1 0 0 0 0 6 | 0 -5 2 0 0 0 0 0 6
-5 0 0 -3 0 0 0 0 12 | 0 -5 3 0 0 0 0 0 12
-15 0 0 -1 0 0 0 0 12 | 0 -15 1 0 0 0 0 0 12
-5 0 0 -1 0 0 0 0 12 | 0 -5 1 0 0 0 0 0 4
5 0 0 -3 0 0 0 0 12 | 0 -15 -1 0 0 0 0 0 12
3 0 0 -1 0 0 0 0 12 | 0 -11 3 0 0 0 0 0 12
1 0 0 -1 0 0 0 0 4 | 0 -3 1 0 0 0 0 0 4
0 0 0 -1 0 0 0 0 3 | 0 -2 0 0 0 0 0 0 3
-3 0 0 -1 0 0 0 0 12 | 0 -11 -3 0 0 0 0 0 12
6 0 0 -1 0 0 0 0 6 | 0 -5 0 0 0 0 0 0 6
-6 0 0 -1 0 0 0 0 6 | 0 -5 0 0 0 0 0 0 6
3 0 0 -1 0 0 0 0 6 | 0 -4 0 0 0 0 0 0 3
0 0 0 0 0 0 0 0 1 | 0 -2 0 0 0 0 0 0 3
-3 0 0 -1 0 0 0 0 12 | 0 -3 1 0 0 0 0 0 4
-1 0 0 -1 0 0 0 0 4 | 0 -11 3 0 0 0 0 0 12
0 0 0 -1 0 0 0 0 3 | 0 -1 0 0 0 0 0 0 1
3 0 0 -1 0 0 0 0 12 | 0 -3 -1 0 0 0 0 0 4
5 0 0 -1 0 0 0 0 6 | 0 -5 1 0 0 0 0 0 6
5 0 0 -3 0 0 0 0 12 | 0 -5 1 0 0 0 0 0 12
-5 0 0 -3 0 0 0 0 12 | 0 -5 -1 0 0 0 0 0 12
-5 0 0 -1 0 0 0 0 6 | 0 -5 -1 0 0 0 0 0 6
-5 0 0 -1 0 0 0 0 12 | 0 -15 -1 0 0 0 0 0 12
5 0 0 -1 0 0 0 0 12 | 0 -15 1 0 0 0 0 0 12
-5 0 0 3 0 0 0 0 12 | 0 -9 1 0 0 0 0 0 12
-1 0 0 1 0 0 0 0 6 | 0 -2 1 0 0 0 0 0 3
-4 0 0 1 0 0 0 0 6 | 0 -4 -1 0 0 0 0 0 6
-11 0 0 1 0 0 0 0 12 | 0 -13 1 0 0 0 0 0 12
1 0 0 1 0 0 0 0 12 | 0 -13 1 0 0 0 0 0 12
-4 0 0 1 0 0 0 0 6 | 0 -3 2 0 0 0 0 0 6
-2 0 0 0 0 0 0 0 3 | 0 -2 1 0 0 0 0 0 3
-5 0 0 -1 0 0 0 0 12 | 0 -9 1 0 0 0 0 0 12
-1 0 0 0 0 0 0 0 6 | 0 -4 -1 0 0 0 0 0 6
-1 0 0 1 0 0 0 0 6 | 0 -3 -1 0 0 0 0 0 6
5 0 0 1 0 0 0 0 12 | 0 -7 3 0 0 0 0 0 12
-15 0 0 1 0 0 0 0 12 | 0 -7 -1 0 0 0 0 0 12
-5 0 0 1 0 0 0 0 6 | 0 -1 0 0 0 0 0 0 1
0 0 0 1 0 0 0 0 6 | 0 -6 1 0 0 0 0 0 6
1 0 0 1 0 0 0 0 12 | 0 -7 7 0 0 0 0 0 12
1 0 0 -1 0 0 0 0 12 | 0 -5 7 0 0 0 0 0 12
5 0 0 0 0 0 0 0 6 | 0 -3 2 0 0 0 0 0 6
-2 0 0 0 0 0 0 0 3 | 0 -3 1 0 0 0 0 0 3
1 0 0 0 0 0 0 0 3 | 0 -3 1 0 0 0 0 0 3
-1 0 0 1 0 0 0 0 6 | 0 -1 1 0 0 0 0 0 3
-5 0 0 1 0 0 0 0 12 | 0 -5 7 0 0 0 0 0 12
-5 0 0 -1 0 0 0 0 12 | 0 -7 7 0 0 0 0 0 12
-1 0 0 -1 0 0 0 0 6 | 0 -2 1 0 0 0 0 0 3
2 0 0 0 0 0 0 0 3 | 0 -1 1 0 0 0 0 0 2
3 0 0 -1 0 0 0 0 12 | 0 -1 5 0 0 0 0 0 12
-7 0 0 -1 0 0 0 0 12 | 0 -1 3 0 0 0 0 0 12
-1 0 0 0 0 0 0 0 1 | 0 -3 1 0 0 0 0 0 6
-7 0 0 1 0 0 0 0 12 | 0 -11 3 0 0 0 0 0 12
3 0 0 1 0 0 0 0 12 | 0 -11 5 0 0 0 0 0 12
1 0 0 -3 0 0 0 0 12 | 0 -3 7 0 0 0 0 0 12
-1 0 0 -2 0 0 0 0 6 | 0 -1 2 0 0 0 0 0 6
5 0 0 -1 0 0 0 0 6 | 0 -1 1 0 0 0 0 0 3
2 0 0 -1 0 0 0 0 6 | 0 1 2 0 0 0 0 0 6
-7 0 0 -1 0 0 0 0 6 | 0 -1 1 0 0 0 0 0 3
-4 0 0 -1 0 0 0 0 6 | 0 -5 2 0 0 0 0 0 6
2 0 0 -1 0 0 0 0 6 | 0 -5 2 0 0 0 0 0 6
-5 0 0 -1 0 0 0 0 12 | 0 -3 7 0 0 0 0 0 12
-5 0 0 -3 0 0 0 0 12 | 0 -5 7 0 0 0 0 0 12
-1 0 0 -2 0 0 0 0 6 | 0 -3 2 0 0 0 0 0 6
1 0 0 -3 0 0 0 0 12 | 0 -5 1 0 0 0 0 0 12
4 0 0 -1 0 0 0 0 6 | 0 -2 3 0 0 0 0 0 6
1 0 0 -1 0 0 0 0 4 | 0 1 5 0 0 0 0 0 12
-7 0 0 -3 0 0 0 0 12 | 0 1 3 0 0 0 0 0 12
-6 0 0 -1 0 0 0 0 6 | 0 -2 1 0 0 0 0 0 6
-7 0 0 -1 0 0 0 0 12 | 0 -3 1 0 0 0 0 0 4
3 0 0 -1 0 0 0 0 12 | 0 -9 5 0 0 0 0 0 12
1 0 0 -3 0 0 0 0 12 | 0 3 1 0 0 0 0 0 12
-11 0 0 -3 0 0 0 0 12 | 0 3 1 0 0 0 0 0 12
-11 0 0 -3 0 0 0 0 12 | 0 -9 1 0 0 0 0 0 12
1 0 0 -3 0 0 0 0 12 | 0 -9 1 0 0 0 0 0 12
-4 0 0 -1 0 0 0 0 6 | 0 -1 2 0 0 0 0 0 6
-2 0 0 -1 0 0 0 0 3 | 0 -1 1 0 0 0 0 0 3
-1 0 0 -2 0 0 0 0 6 | 0 -2 -1 0 0 0 0 0 6
5 0 0 -3 0 0 0 0 12 | 0 -1 1 0 0 0 0 0 4
0 0 0 -1 0 0 0 0 3 | 0 1 1 0 0 0 0 0 6
-5 0 0 -1 0 0 0 0 6 | 0 -2 0 0 0 0 0 0 3
0 0 0 -1 0 0 0 0 6 | 0 -4 1 0 0 0 0 0 6
-11 0 0 -1 0 0 0 0 12 | 0 -5 -5 0 0 0 0 0 12
-7 0 0 -1 0 0 0 0 6 | 0 1 -1 0 0 0 0 0 6
-1 0 0 -1 0 0 0 0 6 | 0 -5 -1 0 0 0 0 0 6
-11 0 0 -3 0 0 0 0 12 | 0 -5 1 0 0 0 0 0 12
-5 0 0 -1 0 0 0 0 12 | 0 -3 -5 0 0 0 0 0 12
1 0 0 -1 0 0 0 0 6 | 0 -1 0 0 0 0 0 0 3
-1 0 0 -1 0 0 0 0 4 | 0 1 -1 0 0 0 0 0 12
-13 0 0 -3 0 0 0 0 12 | 0 1 -3 0 0 0 0 0 12
-13 0 0 -1 0 0 0 0 12 | 0 -3 -1 0 0 0 0 0 4
-3 0 0 -1 0 0 0 0 12 | 0 -9 -1 0 0 0 0 0 12
-11 0 0 1 0 0 0 0 12 | 0 -7 -5 0 0 0 0 0 12
-5 0 0 0 0 0 0 0 3 | 0 -3 -1 0 0 0 0 0 6
-7 0 0 0 0 0 0 0 6 | 0 -6 -1 0 0 0 0 0 6
-4 0 0 1 0 0 0 0 6 | 0 -2 -1 0 0 0 0 0 6
-11 0 0 1 0 0 0 0 12 | 0 -5 1 0 0 0 0 0 12
-11 0 0 -1 0 0 0 0 12 | 0 -7 1 0 0 0 0 0 12
-4 0 0 -1 0 0 0 0 6 | 0 -4 -1 0 0 0 0 0 6
-5 0 0 -1 0 0 0 0 12 | 0 -7 -5 0 0 0 0 0 12
-13 0 0 -1 0 0 0 0 12 | 0 -1 -3 0 0 0 0 0 12
-3 0 0 0 0 0 0 0 2 | 0 -3 -2 0 0 0 0 0 6
-13 0 0 1 0 0 0 0 12 | 0 -11 -3 0 0 0 0 0 12
-3 0 0 1 0 0 0 0 12 | 0 -11 -1 0 0 0 0 0 12
13 0 0 -1 0 0 0 0 12 | 0 -11 1 0 0 0 0 0 12
1 0 0 0 0 0 0 0 3 | 0 -1 1 0 0 0 0 0 3
2 0 0 -1 0 0 0 0 6 | 0 -3 2 0 0 0 0 0 6
7 0 0 -3 0 0 0 0 12 | 0 -7 1 0 0 0 0 0 12
5 0 0 -1 0 0 0 0 6 | 0 -3 -1 0 0 0 0 0 6
17 0 0 -1 0 0 0 0 12 | 0 -5 3 0 0 0 0 0 12
6 0 0 -1 0 0 0 0 6 | 0 0 1 0 0 0 0 0 6
1 0 0 -1 0 0 0 0 6 | 0 0 0 0 0 0 0 0 1
-3 0 0 -1 0 0 0 0 12 | 0 -5 -1 0 0 0 0 0 12
1 0 0 0 0 0 0 0 6 | 0 -5 0 0 0 0 0 0 6
1 0 0 0 0 0 0 0 1 | 0 -5 1 0 0 0 0 0 6
-1 0 0 -1 0 0 0 0 6 | 0 0 1 0 0 0 0 0 3
1 0 0 -3 0 0 0 0 12 | 0 -1 1 0 0 0 0 0 12
11 0 0 -1 0 0 0 0 12 | 0 1 3 0 0 0 0 0 12
3 0 0 -1 0 0 0 0 6 | 0 3 1 0 0 0 0 0 6
-2 0 0 -1 0 0 0 0 6 | 0 1 0 0 0 0 0 0 2
-9 0 0 -1 0 0 0 0 12 | 0 1 -1 0 0 0 0 0 12
-1 0 0 0 0 0 0 0 3 | 0 -1 0 0 0 0 0 0 3
1 0 0 0 0 0 0 0 2 | 0 -2 1 0 0 0 0 0 6
-7 0 0 0 0 0 0 0 6 | 0 1 2 0 0 0 0 0 6
-7 0 0 -1 0 0 0 0 6 | 0 0 1 0 0 0 0 0 3
-11 0 0 -3 0 0 0 0 12 | 0 -1 1 0 0 0 0 0 12
-4 0 0 -1 0 0 0 0 6 | 0 0 -1 0 0 0 0 0 6
-1 0 0 -1 0 0 0 0 12 | 0 1 3 0 0 0 0 0 12
-3 0 0 -1 0 0 0 0 6 | 0 3 1 0 0 0 0 0 6
-8 0 0 -1 0 0 0 0 6 | 0 1 0 0 0 0 0 0 2
-21 0 0 -1 0 0 0 0 12 | 0 1 -1 0 0 0 0 0 12
-4 0 0 0 0 0 0 0 3 | 0 -1 0 0 0 0 0 0 3
-1 0 0 0 0 0 0 0 2 | 0 -2 1 0 0 0 0 0 6
-17 0 0 1 0 0 0 0 12 | 0 -3 1 0 0 0 0 0 12
-5 0 0 0 0 0 0 0 3 | 0 -1 1 0 0 0 0 0 3
-10 0 0 -1 0 0 0 0 6 | 0 -3 2 0 0 0 0 0 6
-7 0 0 -1 0 0 0 0 6 | 0 -3 -1 0 0 0 0 0 6
-7 0 0 0 0 0 0 0 6 | 0 -2 -1 0 0 0 0 0 6
-7 0 0 -1 0 0 0 0 12 | 0 -5 3 0 0 0 0 0 12
-6 0 0 -1 0 0 0 0 6 | 0 0 1 0 0 0 0 0 6
-11 0 0 0 0 0 0 0 6 | 0 -5 0 0 0 0 0 0 6
-1 0 0 0 0 0 0 0 1 | 0 -5 1 0 0 0 0 0 6
-5 0 0 -1 0 0 0 0 12 | 0 -17 1 0 0 0 0 0 12
-11 0 0 1 0 0 0 0 12 | 0 -9 1 0 0 0 0 0 12
-7 0 0 0 0 0 0 0 6 | 0 -5 2 0 0 0 0 0 6
-7 0 0 -1 0 0 0 0 6 | 0 -3 1 0 0 0 0 0 3
-2 0 0 0 0 0 0 0 3 | 0 -5 -1 0 0 0 0 0 6
-1 0 0 -1 0 0 0 0 12 | 0 -11 3 0 0 0 0 0 12
-3 0 0 -1 0 0 0 0 6 | 0 -3 1 0 0 0 0 0 6
-8 0 0 -1 0 0 0 0 6 | 0 -1 0 0 0 0 0 0 2
-4 0 0 0 0 0 0 0 3 | 0 -4 0 0 0 0 0 0 3
-1 0 0 0 0 0 0 0 2 | 0 -8 1 0 0 0 0 0 6
7 0 0 -1 0 0 0 0 12 | 0 -17 1 0 0 0 0 0 12
1 0 0 1 0 0 0 0 12 | 0 -9 1 0 0 0 0 0 12
-1 0 0 0 0 0 0 0 6 | 0 -5 2 0 0 0 0 0 6
-1 0 0 -1 0 0 0 0 6 | 0 -3 1 0 0 0 0 0 3
1 0 0 -3 0 0 0 0 12 | 0 -13 1 0 0 0 0 0 12
2 0 0 -1 0 0 0 0 6 | 0 -6 -1 0 0 0 0 0 6
1 0 0 0 0 0 0 0 3 | 0 -5 -1 0 0 0 0 0 6
11 0 0 -1 0 0 0 0 12 | 0 -11 3 0 0 0 0 0 12
3 0 0 -1 0 0 0 0 6 | 0 -3 1 0 0 0 0 0 6
-2 0 0 -1 0 0 0 0 6 | 0 -1 0 0 0 0 0 0 2
-9 0 0 -1 0 0 0 0 12 | 0 -11 -1 0 0 0 0 0 12
-1 0 0 0 0 0 0 0 3 | 0 -4 0 0 0 0 0 0 3
1 0 0 0 0 0 0 0 2 | 0 -8 1 0 0 0 0 0 6
-5 0 0 3 0 0 0 0 12 | 0 -1 1 0 0 0 0 0 12
5 0 0 1 0 0 0 0 12 | 0 -1 1 0 0 0 0 0 4
-15 0 0 1 0 0 0 0 12 | 0 -3 -1 0 0 0 0 0 12
-5 0 0 1 0 0 0 0 6 | 0 -2 0 0 0 0 0 0 3
0 0 0 1 0 0 0 0 6 | 0 -4 1 0 0 0 0 0 6
-11 0 0 1 0 0 0 0 12 | 0 -3 7 0 0 0 0 0 12
-11 0 0 -1 0 0 0 0 12 | 0 -5 7 0 0 0 0 0 12
1 0 0 0 0 0 0 0 6 | 0 -2 3 0 0 0 0 0 6
-3 0 0 -1 0 0 0 0 12 | 0 1 5 0 0 0 0 0 12
-13 0 0 -1 0 0 0 0 12 | 0 1 3 0 0 0 0 0 12
-3 0 0 0 0 0 0 0 2 | 0 -2 1 0 0 0 0 0 6
-13 0 0 1 0 0 0 0 12 | 0 -3 1 0 0 0 0 0 4
-3 0 0 1 0 0 0 0 12 | 0 -9 5 0 0 0 0 0 12
-11 0 0 -3 0 0 0 0 12 | 0 -7 7 0 0 0 0 0 12
-2 0 0 -1 0 0 0 0 3 | 0 -2 1 0 0 0 0 0 3
1 0 0 -1 0 0 0 0 6 | 0 -1 1 0 0 0 0 0 2
-1 0 0 -1 0 0 0 0 4 | 0 -1 5 0 0 0 0 0 12
-13 0 0 -3 0 0 0 0 12 | 0 -1 3 0 0 0 0 0 12
-9 0 0 -1 0 0 0 0 6 | 0 -3 1 0 0 0 0 0 6
-13 0 0 -1 0 0 0 0 12 | 0 -11 3 0 0 0 0 0 12
-3 0 0 -1 0 0 0 0 12 | 0 -11 5 0 0 0 0 0 12
5 0 0 -3 0 0 0 0 12 | 0 -7 3 0 0 0 0 0 12
0 0 0 -1 0 0 0 0 3 | 0 -1 1 0 0 0 0 0 6
-5 0 0 -1 0 0 0 0 6 | 0 -1 0 0 0 0 0 0 1
0 0 0 -1 0 0 0 0 6 | 0 -6 1 0 0 0 0 0 6
4 0 0 -1 0 0 0 0 6 | 0 -1 0 0 0 0 0 0 2
1 0 0 -1 0 0 0 0 4 | 0 -1 -1 0 0 0 0 0 12
-7 0 0 -3 0 0 0 0 12 | 0 -1 -3 0 0 0 0 0 12
-7 0 0 -1 0 0 0 0 12 | 0 -11 -3 0 0 0 0 0 12
3 0 0 -1 0 0 0 0 12 | 0 -11 -1 0 0 0 0 0 12
1 0 0 1 0 0 0 0 12 | 0 -3 -5 0 0 0 0 0 12
-7 0 0 -1 0 0 0 0 12 | 0 1 -3 0 0 0 0 0 12
-1 0 0 0 0 0 0 0 1 | 0 -1 -1 0 0 0 0 0 3
-7 0 0 1 0 0 0 0 12 | 0 -3 -1 0 0 0 0 0 4
3 0 0 1 0 0 0 0 12 | 0 -9 -1 0 0 0 0 0 12
15 0 0 -1 0 0 0 0 12 | 0 -5 5 0 0 0 0 0 12
5 0 0 0 0 0 0 0 6 | 0 -5 2 0 0 0 0 0 6
5 0 0 -3 0 0 0 0 12 | 0 5 3 0 0 0 0 0 12
-10 0 0 -1 0 0 0 0 6 | 0 0 -1 0 0 0 0 0 6
-5 0 0 0 0 0 0 0 3 | 0 -5 -1 0 0 0 0 0 6
-15 0 0 1 0 0 0 0 12 | 0 -15 -1 0 0 0 0 0 12
-5 0 0 1 0 0 0 0 12 | 0 -15 1 0 0 0 0 0 12
5 0 0 1 0 0 0 0 12 | 0 -5 1 0 0 0 0 0 4
13 0 0 -3 0 0 0 0 12 | 0 -9 1 0 0 0 0 0 12
5 0 0 -2 0 0 0 0 6 | 0 -4 -1 0 0 0 0 0 6
11 0 0 -1 0 0 0 0 6 | 0 -5 -1 0 0 0 0 0 6
5 0 0 0 0 0 0 0 6 | 0 -4 -1 0 0 0 0 0 6
7 0 0 -1 0 0 0 0 12 | 0 -9 1 0 0 0 0 0 12
7 0 0 -3 0 0 0 0 12 | 0 -11 1 0 0 0 0 0 12
5 0 0 -2 0 0 0 0 6 | 0 -6 -1 0 0 0 0 0 6
10 0 0 -1 0 0 0 0 6 | 0 -5 0 0 0 0 0 0 6
5 0 0 -1 0 0 0 0 4 | 0 -5 -1 0 0 0 0 0 12
5 0 0 -3 0 0 0 0 12 | 0 -5 -3 0 0 0 0 0 12
15 0 0 -1 0 0 0 0 12 | 0 -15 -1 0 0 0 0 0 12
5 0 0 3 0 0 0 0 12 | 0 -9 -1 0 0 0 0 0 12
4 0 0 1 0 0 0 0 6 | 0 -4 1 0 0 0 0 0 6
1 0 0 1 0 0 0 0 6 | 0 -2 -1 0 0 0 0 0 3
-1 0 0 1 0 0 0 0 12 | 0 -13 -1 0 0 0 0 0 12
11 0 0 1 0 0 0 0 12 | 0 -13 -1 0 0 0 0 0 12
1 0 0 1 0 0 0 0 6 | 0 -3 1 0 0 0 0 0 6
1 0 0 0 0 0 0 0 6 | 0 -4 1 0 0 0 0 0 6
5 0 0 -1 0 0 0 0 12 | 0 -9 -1 0 0 0 0 0 12
2 0 0 0 0 0 0 0 3 | 0 -2 -1 0 0 0 0 0 3
4 0 0 1 0 0 0 0 6 | 0 -3 -2 0 0 0 0 0 6
15 0 0 1 0 0 0 0 12 | 0 -7 1 0 0 0 0 0 12
-5 0 0 1 0 0 0 0 12 | 0 -7 -3 0 0 0 0 0 12
0 0 0 1 0 0 0 0 6 | 0 -6 -1 0 0 0 0 0 6
5 0 0 1 0 0 0 0 6 | 0 -1 0 0 0 0 0 0 1
11 0 0 1 0 0 0 0 12 | 0 -7 5 0 0 0 0 0 12
11 0 0 -1 0 0 0 0 12 | 0 -5 5 0 0 0 0 0 12
5 0 0 0 0 0 0 0 3 | 0 -3 1 0 0 0 0 0 6
7 0 0 0 0 0 0 0 6 | 0 -6 1 0 0 0 0 0 6
4 0 0 1 0 0 0 0 6 | 0 -2 1 0 0 0 0 0 6
5 0 0 -1 0 0 0 0 12 | 0 -7 5 0 0 0 0 0 12
4 0 0 -1 0 0 0 0 6 | 0 -4 1 0 0 0 0 0 6
11 0 0 -1 0 0 0 0 12 | 0 -7 -1 0 0 0 0 0 12
11 0 0 1 0 0 0 0 12 | 0 -5 -1 0 0 0 0 0 12
3 0 0 0 0 0 0 0 2 | 0 -3 2 0 0 0 0 0 6
13 0 0 -1 0 0 0 0 12 | 0 -1 3 0 0 0 0 0 12
3 0 0 1 0 0 0 0 12 | 0 -11 1 0 0 0 0 0 12
13 0 0 1 0 0 0 0 12 | 0 -11 3 0 0 0 0 0 12
11 0 0 -3 0 0 0 0 12 | 0 -3 5 0 0 0 0 0 12
2 0 0 -1 0 0 0 0 3 | 0 -1 1 0 0 0 0 0 6
10 0 0 -1 0 0 0 0 6 | 0 -2 1 0 0 0 0 0 6
7 0 0 -1 0 0 0 0 6 | 0 1 1 0 0 0 0 0 6
7 0 0 -1 0 0 0 0 6 | 0 -5 1 0 0 0 0 0 6
5 0 0 -1 0 0 0 0 12 | 0 -3 5 0 0 0 0 0 12
5 0 0 -3 0 0 0 0 12 | 0 -5 5 0 0 0 0 0 12
2 0 0 -1 0 0 0 0 3 | 0 -3 1 0 0 0 0 0 6
11 0 0 -3 0 0 0 0 12 | 0 -5 -1 0 0 0 0 0 12
9 0 0 -1 0 0 0 0 6 | 0 -1 1 0 0 0 0 0 3
13 0 0 -3 0 0 0 0 12 | 0 1 3 0 0 0 0 0 12
1 0 0 -1 0 0 0 0 4 | 0 1 1 0 0 0 0 0 12
-1 0 0 -1 0 0 0 0 6 | 0 -1 0 0 0 0 0 0 3
3 0 0 -1 0 0 0 0 12 | 0 -9 1 0 0 0 0 0 12
13 0 0 -1 0 0 0 0 12 | 0 -3 1 0 0 0 0 0 4
5 0 0 -5 0 0 0 0 12 | 0 -1 -1 0 0 0 0 0 12
1 0 0 -2 0 0 0 0 6 | 0 -1 -2 0 0 0 0 0 6
17 0 0 -3 0 0 0 0 12 | 0 -3 -1 0 0 0 0 0 12
11 0 0 -3 0 0 0 0 12 | 0 3 -1 0 0 0 0 0 12
-1 0 0 -3 0 0 0 0 12 | 0 3 -1 0 0 0 0 0 12
-1 0 0 -3 0 0 0 0 12 | 0 -9 -1 0 0 0 0 0 12
11 0 0 -3 0 0 0 0 12 | 0 -9 -1 0 0 0 0 0 12
1 0 0 -2 0 0 0 0 6 | 0 -2 1 0 0 0 0 0 6
5 0 0 -5 0 0 0 0 12 | 0 -5 -1 0 0 0 0 0 12
2 0 0 -1 0 0 0 0 3 | 0 -1 -1 0 0 0 0 0 3
4 0 0 -1 0 0 0 0 6 | 0 -1 -2 0 0 0 0 0 6
5 0 0 -1 0 0 0 0 4 | 0 -3 1 0 0 0 0 0 12
5 0 0 -2 0 0 0 0 6 | 0 1 0 0 0 0 0 0 6
0 0 0 -1 0 0 0 0 3 | 0 1 -1 0 0 0 0 0 6
-5 0 0 -3 0 0 0 0 12 | 0 -1 -1 0 0 0 0 0 4
0 0 0 -1 0 0 0 0 6 | 0 -4 -1 0 0 0 0 0 6
5 0 0 -1 0 0 0 0 6 | 0 -2 0 0 0 0 0 0 3
7 0 0 -1 0 0 0 0 6 | 0 -1 -1 0 0 0 0 0 3
-2 0 0 -1 0 0 0 0 6 | 0 1 -2 0 0 0 0 0 6
-5 0 0 -1 0 0 0 0 6 | 0 -1 -1 0 0 0 0 0 3
4 0 0 -1 0 0 0 0 6 | 0 -5 -2 0 0 0 0 0 6
-1 0 0 -3 0 0 0 0 12 | 0 -5 -1 0 0 0 0 0 12
1 0 0 -2 0 0 0 0 6 | 0 -3 -2 0 0 0 0 0 6
5 0 0 -1 0 0 0 0 12 | 0 -3 -7 0 0 0 0 0 12
6 0 0 -1 0 0 0 0 6 | 0 -2 -1 0 0 0 0 0 6
7 0 0 -3 0 0 0 0 12 | 0 1 -3 0 0 0 0 0 12
-1 0 0 -1 0 0 0 0 4 | 0 1 -5 0 0 0 0 0 12
7 0 0 -1 0 0 0 0 12 | 0 -3 -1 0 0 0 0 0 4
-5 0 0 0 0 0 0 0 6 | 0 -3 -2 0 0 0 0 0 6
1 0 0 1 0 0 0 0 6 | 0 -1 -1 0 0 0 0 0 3
1 0 0 -1 0 0 0 0 6 | 0 -2 -1 0 0 0 0 0 3
1 0 0 0 0 0 0 0 1 | 0 -3 -1 0 0 0 0 0 6
7 0 0 -1 0 0 0 0 12 | 0 -1 -3 0 0 0 0 0 12
-3 0 0 -1 0 0 0 0 12 | 0 -1 -5 0 0 0 0 0 12
-2 0 0 0 0 0 0 0 3 | 0 -1 -1 0 0 0 0 0 2
7 0 0 1 0 0 0 0 12 | 0 -11 -3 0 0 0 0 0 12
29 0 0 -1 0 0 0 0 12 | 0 -5 -1 0 0 0 0 0 12
23 0 0 -1 0 0 0 0 12 | 0 -11 -1 0 0 0 0 0 12
17 0 0 1 0 0 0 0 12 | 0 -3 -1 0 0 0 0 0 12
7 0 0 0 0 0 0 0 6 | 0 -2 1 0 0 0 0 0 6
7 0 0 -1 0 0 0 0 6 | 0 -3 1 0 0 0 0 0 6
17 0 0 -3 0 0 0 0 12 | 0 -7 -1 0 0 0 0 0 12
10 0 0 -1 0 0 0 0 6 | 0 -3 -2 0 0 0 0 0 6
5 0 0 0 0 0 0 0 3 | 0 -1 -1 0 0 0 0 0 3
27 0 0 -1 0 0 0 0 12 | 0 -5 1 0 0 0 0 0 12
11 0 0 -1 0 0 0 0 6 | 0 0 0 0 0 0 0 0 1
6 0 0 -1 0 0 0 0 6 | 0 0 -1 0 0 0 0 0 6
7 0 0 -1 0 0 0 0 12 | 0 -5 -3 0 0 0 0 0 12
1 0 0 0 0 0 0 0 1 | 0 -5 -1 0 0 0 0 0 6
11 0 0 0 0 0 0 0 6 | 0 -5 0 0 0 0 0 0 6
4 0 0 -1 0 0 0 0 6 | 0 0 1 0 0 0 0 0 6
11 0 0 -3 0 0 0 0 12 | 0 -1 -1 0 0 0 0 0 12
7 0 0 -1 0 0 0 0 6 | 0 0 -1 0 0 0 0 0 3
7 0 0 0 0 0 0 0 6 | 0 1 -2 0 0 0 0 0 6
21 0 0 -1 0 0 0 0 12 | 0 1 1 0 0 0 0 0 12
8 0 0 -1 0 0 0 0 6 | 0 1 0 0 0 0 0 0 2
3 0 0 -1 0 0 0 0 6 | 0 3 -1 0 0 0 0 0 6
1 0 0 -1 0 0 0 0 12 | 0 1 -3 0 0 0 0 0 12
1 0 0 0 0 0 0 0 2 | 0 -2 -1 0 0 0 0 0 6
4 0 0 0 0 0 0 0 3 | 0 -1 0 0 0 0 0 0 3
-1 0 0 -3 0 0 0 0 12 | 0 -1 -1 0 0 0 0 0 12
1 0 0 -1 0 0 0 0 6 | 0 0 -1 0 0 0 0 0 3
9 0 0 -1 0 0 0 0 12 | 0 1 1 0 0 0 0 0 12
2 0 0 -1 0 0 0 0 6 | 0 1 0 0 0 0 0 0 2
-3 0 0 -1 0 0 0 0 6 | 0 3 -1 0 0 0 0 0 6
-11 0 0 -1 0 0 0 0 12 | 0 1 -3 0 0 0 0 0 12
-1 0 0 0 0 0 0 0 2 | 0 -2 -1 0 0 0 0 0 6
1 0 0 0 0 0 0 0 3 | 0 -1 0 0 0 0 0 0 3
-5 0 0 -1 0 0 0 0 6 | 0 -3 1 0 0 0 0 0 6
-7 0 0 -3 0 0 0 0 12 | 0 -7 -1 0 0 0 0 0 12
-2 0 0 -1 0 0 0 0 6 | 0 -3 -2 0 0 0 0 0 6
-1 0 0 0 0 0 0 0 3 | 0 -1 -1 0 0 0 0 0 3
3 0 0 -1 0 0 0 0 12 | 0 -5 1 0 0 0 0 0 12
-1 0 0 -1 0 0 0 0 6 | 0 0 0 0 0 0 0 0 1
-6 0 0 -1 0 0 0 0 6 | 0 0 -1 0 0 0 0 0 6
-17 0 0 -1 0 0 0 0 12 | 0 -5 -3 0 0 0 0 0 12
-1 0 0 0 0 0 0 0 1 | 0 -5 -1 0 0 0 0 0 6
-1 0 0 0 0 0 0 0 6 | 0 -5 0 0 0 0 0 0 6
-1 0 0 1 0 0 0 0 12 | 0 -9 -1 0 0 0 0 0 12
-1 0 0 0 0 0 0 0 3 | 0 -5 1 0 0 0 0 0 6
-2 0 0 -1 0 0 0 0 6 | 0 -6 1 0 0 0 0 0 6
-1 0 0 -3 0 0 0 0 12 | 0 -13 -1 0 0 0 0 0 12
1 0 0 0 0 0 0 0 6 | 0 -5 -2 0 0 0 0 0 6
9 0 0 -1 0 0 0 0 12 | 0 -11 1 0 0 0 0 0 12
2 0 0 -1 0 0 0 0 6 | 0 -1 0 0 0 0 0 0 2
-3 0 0 -1 0 0 0 0 6 | 0 -3 -1 0 0 0 0 0 6
1 0 0 0 0 0 0 0 3 | 0 -4 0 0 0 0 0 0 3
11 0 0 1 0 0 0 0 12 | 0 -9 -1 0 0 0 0 0 12
2 0 0 0 0 0 0 0 3 | 0 -5 1 0 0 0 0 0 6
4 0 0 -1 0 0 0 0 6 | 0 -6 1 0 0 0 0 0 6
11 0 0 -3 0 0 0 0 12 | 0 -13 -1 0 0 0 0 0 12
21 0 0 -1 0 0 0 0 12 | 0 -11 1 0 0 0 0 0 12
8 0 0 -1 0 0 0 0 6 | 0 -1 0 0 0 0 0 0 2
3 0 0 -1 0 0 0 0 6 | 0 -3 -1 0 0 0 0 0 6
1 0 0 -1 0 0 0 0 12 | 0 -11 -3 0 0 0 0 0 12
4 0 0 0 0 0 0 0 3 | 0 -4 0 0 0 0 0 0 3
5 0 0 3 0 0 0 0 12 | 0 -1 -1 0 0 0 0 0 12
15 0 0 1 0 0 0 0 12 | 0 -3 1 0 0 0 0 0 12
-5 0 0 1 0 0 0 0 12 | 0 -1 -1 0 0 0 0 0 4
0 0 0 1 0 0 0 0 6 | 0 -4 -1 0 0 0 0 0 6
5 0 0 1 0 0 0 0 6 | 0 -2 0 0 0 0 0 0 3
-1 0 0 1 0 0 0 0 12 | 0 -3 5 0 0 0 0 0 12
1 0 0 0 0 0 0 0 1 | 0 -1 1 0 0 0 0 0 3
7 0 0 -1 0 0 0 0 12 | 0 1 3 0 0 0 0 0 12
-3 0 0 1 0 0 0 0 12 | 0 -9 1 0 0 0 0 0 12
7 0 0 1 0 0 0 0 12 | 0 -3 1 0 0 0 0 0 4
-1 0 0 -3 0 0 0 0 12 | 0 -7 5 0 0 0 0 0 12
1 0 0 -2 0 0 0 0 6 | 0 -4 1 0 0 0 0 0 6
6 0 0 -1 0 0 0 0 6 | 0 -3 2 0 0 0 0 0 6
7 0 0 -3 0 0 0 0 12 | 0 -1 3 0 0 0 0 0 12
-1 0 0 -1 0 0 0 0 4 | 0 -1 1 0 0 0 0 0 12
-4 0 0 -1 0 0 0 0 6 | 0 -1 0 0 0 0 0 0 2
-3 0 0 -1 0 0 0 0 12 | 0 -11 1 0 0 0 0 0 12
7 0 0 -1 0 0 0 0 12 | 0 -11 3 0 0 0 0 0 12
5 0 0 -5 0 0 0 0 12 | 0 -9 -1 0 0 0 0 0 12
2 0 0 -1 0 0 0 0 3 | 0 -2 -1 0 0 0 0 0 3
5 0 0 -1 0 0 0 0 4 | 0 -7 1 0 0 0 0 0 12
5 0 0 -2 0 0 0 0 6 | 0 -1 0 0 0 0 0 0 6
0 0 0 -1 0 0 0 0 3 | 0 -1 -1 0 0 0 0 0 6
-5 0 0 -3 0 0 0 0 12 | 0 -7 -3 0 0 0 0 0 12
0 0 0 -1 0 0 0 0 6 | 0 -6 -1 0 0 0 0 0 6
5 0 0 -1 0 0 0 0 6 | 0 -1 0 0 0 0 0 0 1
9 0 0 -1 0 0 0 0 6 | 0 -3 -1 0 0 0 0 0 6
13 0 0 -3 0 0 0 0 12 | 0 -1 -3 0 0 0 0 0 12
1 0 0 -1 0 0 0 0 4 | 0 -1 -5 0 0 0 0 0 12
13 0 0 -1 0 0 0 0 12 | 0 -11 -3 0 0 0 0 0 12
3 0 0 0 0 0 0 0 2 | 0 -2 -1 0 0 0 0 0 6
13 0 0 -1 0 0 0 0 12 | 0 1 -3 0 0 0 0 0 12
3 0 0 -1 0 0 0 0 12 | 0 1 -5 0 0 0 0 0 12
-1 0 0 0 0 0 0 0 6 | 0 -2 -3 0 0 0 0 0 6
13 0 0 1 0 0 0 0 12 | 0 -3 -1 0 0 0 0 0 4
25 0 0 -1 0 0 0 0 12 | 0 -5 3 0 0 0 0 0 12
10 0 0 -1 0 0 0 0 6 | 0 0 1 0 0 0 0 0 6
5 0 0 0 0 0 0 0 3 | 0 -5 1 0 0 0 0 0 6
5 0 0 -1 0 0 0 0 4 | 0 5 1 0 0 0 0 0 12
-5 0 0 -3 0 0 0 0 12 | 0 5 -3 0 0 0 0 0 12
-5 0 0 0 0 0 0 0 6 | 0 -5 -2 0 0 0 0 0 6
5 0 0 1 0 0 0 0 12 | 0 -15 -1 0 0 0 0 0 12
15 0 0 1 0 0 0 0 12 | 0 -15 1 0 0 0 0 0 12
3 0 0 5 0 0 0 0 12 | 0 -5 3 0 0 0 0 0 12
-3 0 0 5 0 0 0 0 12 | 0 -5 -3 0 0 0 0 0 12
3 0 0 2 0 0 0 0 6 | 0 1 0 0 0 0 0 0 6
-3 0 0 2 0 0 0 0 6 | 0 1 0 0 0 0 0 0 6
-3 0 0 1 0 0 0 0 3 | 0 -1 0 0 0 0 0 0 3
-3 0 0 2 0 0 0 0 6 | 0 -5 0 0 0 0 0 0 6
-3 0 0 5 0 0 0 0 12 | 0 -1 1 0 0 0 0 0 4
-1 0 0 1 0 0 0 0 4 | 0 -5 3 0 0 0 0 0 12
0 0 0 1 0 0 0 0 6 | 0 -1 0 0 0 0 0 0 2
1 0 0 1 0 0 0 0 4 | 0 -5 -3 0 0 0 0 0 12
5 0 0 3 0 0 0 0 12 | 0 1 1 0 0 0 0 0 12
-5 0 0 3 0 0 0 0 12 | 0 1 -1 0 0 0 0 0 12
-5 0 0 2 0 0 0 0 6 | 0 -2 -1 0 0 0 0 0 6
-5 0 0 5 0 0 0 0 12 | 0 -9 -1 0 0 0 0 0 12
3 0 0 2 0 0 0 0 6 | 0 -2 3 0 0 0 0 0 6
3 0 0 1 0 0 0 0 4 | 0 1 1 0 0 0 0 0 4
-3 0 0 1 0 0 0 0 4 | 0 -1 1 0 0 0 0 0 4
-1 0 0 1 0 0 0 0 4 | 0 -3 1 0 0 0 0 0 4
3 0 0 1 0 0 0 0 4 | 0 -3 1 0 0 0 0 0 4
0 0 0 1 0 0 0 0 3 | 0 -1 3 0 0 0 0 0 6
0 0 0 1 0 0 0 0 6 | 0 -2 3 0 0 0 0 0 6
3 0 0 2 0 0 0 0 6 | 0 -1 0 0 0 0 0 0 6
4 0 0 1 0 0 0 0 6 | 0 1 2 0 0 0 0 0 6
-1 0 0 1 0 0 0 0 6 | 0 1 1 0 0 0 0 0 6
-7 0 0 3 0 0 0 0 12 | 0 -3 1 0 0 0 0 0 12
-1 0 0 2 0 0 0 0 6 | 0 -4 1 0 0 0 0 0 6
2 0 0 1 0 0 0 0 3 | 0 -2 1 0 0 0 0 0 3
-3 0 0 2 0 0 0 0 6 | 0 -2 -3 0 0 0 0 0 6
3 0 0 1 0 0 0 0 4 | 0 -1 -1 0 0 0 0 0 4
-3 0 0 1 0 0 0 0 4 | 0 1 -1 0 0 0 0 0 4
-5 0 0 1 0 0 0 0 4 | 0 -1 -1 0 0 0 0 0 4
-3 0 0 1 0 0 0 0 4 | 0 -3 -1 0 0 0 0 0 4
-3 0 0 5 0 0 0 0 12 | 0 -1 -3 0 0 0 0 0 12
-3 0 0 2 0 0 0 0 6 | 0 -1 0 0 0 0 0 0 6
0 0 0 1 0 0 0 0 6 | 0 -2 -3 0 0 0 0 0 6
7 0 0 3 0 0 0 0 12 | 0 -3 -1 0 0 0 0 0 12
1 0 0 1 0 0 0 0 6 | 0 1 -1 0 0 0 0 0 6
-4 0 0 1 0 0 0 0 6 | 0 1 -2 0 0 0 0 0 6
-13 0 0 3 0 0 0 0 12 | 0 -3 -5 0 0 0 0 0 12
-2 0 0 1 0 0 0 0 3 | 0 -2 -1 0 0 0 0 0 3
3 0 0 1 0 0 0 0 4 | 0 -1 3 0 0 0 0 0 12
9 0 0 1 0 0 0 0 12 | 0 -1 1 0 0 0 0 0 4
17 0 0 1 0 0 0 0 12 | 0 3 1 0 0 0 0 0 12
7 0 0 1 0 0 0 0 12 | 0 3 -1 0 0 0 0 0 12
1 0 0 1 0 0 0 0 6 | 0 -1 -1 0 0 0 0 0 6
7 0 0 3 0 0 0 0 12 | 0 -7 -1 0 0 0 0 0 12
3 0 0 2 0 0 0 0 6 | 0 1 0 0 0 0 0 0 2
1 0 0 1 0 0 0 0 4 | 0 5 3 0 0 0 0 0 12
9 0 0 1 0 0 0 0 12 | 0 1 -1 0 0 0 0 0 4
3 0 0 1 0 0 0 0 4 | 0 5 -3 0 0 0 0 0 12
8 0 0 1 0 0 0 0 6 | 0 2 1 0 0 0 0 0 6
11 0 0 1 0 0 0 0 12 | 0 9 1 0 0 0 0 0 12
1 0 0 1 0 0 0 0 12 | 0 9 -1 0 0 0 0 0 12
-2 0 0 1 0 0 0 0 6 | 0 2 -1 0 0 0 0 0 6
1 0 0 3 0 0 0 0 12 | 0 -1 -1 0 0 0 0 0 12
11 0 0 3 0 0 0 0 12 | 0 -1 1 0 0 0 0 0 12
-3 0 0 2 0 0 0 0 6 | 0 1 0 0 0 0 0 0 2
-3 0 0 1 0 0 0 0 4 | 0 5 3 0 0 0 0 0 12
-9 0 0 1 0 0 0 0 12 | 0 1 1 0 0 0 0 0 4
-1 0 0 1 0 0 0 0 4 | 0 5 -3 0 0 0 0 0 12
2 0 0 1 0 0 0 0 6 | 0 2 1 0 0 0 0 0 6
-1 0 0 1 0 0 0 0 12 | 0 9 1 0 0 0 0 0 12
-11 0 0 1 0 0 0 0 12 | 0 9 -1 0 0 0 0 0 12
-8 0 0 1 0 0 0 0 6 | 0 2 -1 0 0 0 0 0 6
-11 0 0 3 0 0 0 0 12 | 0 -1 -1 0 0 0 0 0 12
-1 0 0 3 0 0 0 0 12 | 0 -1 1 0 0 0 0 0 12
-12 0 0 1 0 0 0 0 6 | 0 -1 0 0 0 0 0 0 6
-9 0 0 1 0 0 0 0 6 | 0 -2 0 0 0 0 0 0 3
-3 0 0 1 0 0 0 0 3 | 0 0 0 0 0 0 0 0 1
-5 0 0 1 0 0 0 0 4 | 0 -1 3 0 0 0 0 0 12
-9 0 0 1 0 0 0 0 12 | 0 -1 -1 0 0 0 0 0 4
-3 0 0 1 0 0 0 0 4 | 0 -1 -3 0 0 0 0 0 12
-1 0 0 1 0 0 0 0 6 | 0 -1 1 0 0 0 0 0 6
-7 0 0 1 0 0 0 0 12 | 0 3 1 0 0 0 0 0 12
-17 0 0 1 0 0 0 0 12 | 0 3 -1 0 0 0 0 0 12
-11 0 0 1 0 0 0 0 6 | 0 -1 -1 0 0 0 0 0 6
-17 0 0 3 0 0 0 0 12 | 0 -7 -1 0 0 0 0 0 12
-7 0 0 3 0 0 0 0 12 | 0 -7 1 0 0 0 0 0 12
-6 0 0 1 0 0 0 0 6 | 0 -7 0 0 0 0 0 0 6
0 0 0 1 0 0 0 0 6 | 0 -7 0 0 0 0 0 0 6
-3 0 0 2 0 0 0 0 6 | 0 -1 0 0 0 0 0 0 2
-3 0 0 1 0 0 0 0 4 | 0 -7 3 0 0 0 0 0 12
-9 0 0 1 0 0 0 0 12 | 0 -3 1 0 0 0 0 0 4
-1 0 0 0 0 0 0 0 2 | 0 -5 0 0 0 0 0 0 6
-3 0 0 1 0 0 0 0 12 | 0 -3 -1 0 0 0 0 0 4
-1 0 0 1 0 0 0 0 4 | 0 -7 -3 0 0 0 0 0 12
2 0 0 1 0 0 0 0 6 | 0 -4 1 0 0 0 0 0 6
-1 0 0 1 0 0 0 0 12 | 0 -3 1 0 0 0 0 0 12
-11 0 0 1 0 0 0 0 12 | 0 -3 -1 0 0 0 0 0 12
-8 0 0 1 0 0 0 0 6 | 0 -4 -1 0 0 0 0 0 6
-11 0 0 3 0 0 0 0 12 | 0 -13 -1 0 0 0 0 0 12
-1 0 0 3 0 0 0 0 12 | 0 -13 1 0 0 0 0 0 12
3 0 0 2 0 0 0 0 6 | 0 -1 0 0 0 0 0 0 2
1 0 0 1 0 0 0 0 4 | 0 -7 3 0 0 0 0 0 12
3 0 0 1 0 0 0 0 12 | 0 -3 1 0 0 0 0 0 4
1 0 0 0 0 0 0 0 2 | 0 -5 0 0 0 0 0 0 6
9 0 0 1 0 0 0 0 12 | 0 -3 -1 0 0 0 0 0 4
8 0 0 1 0 0 0 0 6 | 0 -4 1 0 0 0 0 0 6
11 0 0 1 0 0 0 0 12 | 0 -3 1 0 0 0 0 0 12
1 0 0 1 0 0 0 0 12 | 0 -3 -1 0 0 0 0 0 12
-2 0 0 1 0 0 0 0 6 | 0 -4 -1 0 0 0 0 0 6
1 0 0 3 0 0 0 0 12 | 0 -13 -1 0 0 0 0 0 12
-3 0 0 5 0 0 0 0 12 | 0 1 3 0 0 0 0 0 12
-5 0 0 2 0 0 0 0 6 | 0 0 -1 0 0 0 0 0 6
-5 0 0 5 0 0 0 0 12 | 0 -5 -1 0 0 0 0 0 12
-3 0 0 2 0 0 0 0 6 | 0 0 1 0 0 0 0 0 2
-3 0 0 1 0 0 0 0 6 | 0 -1 3 0 0 0 0 0 6
7 0 0 3 0 0 0 0 12 | 0 -1 5 0 0 0 0 0 12
1 0 0 1 0 0 0 0 6 | 0 1 1 0 0 0 0 0 3
-4 0 0 1 0 0 0 0 6 | 0 2 1 0 0 0 0 0 6
-13 0 0 3 0 0 0 0 12 | 0 -1 1 0 0 0 0 0 12
-2 0 0 1 0 0 0 0 3 | 0 -3 1 0 0 0 0 0 6
1 0 0 2 0 0 0 0 6 | 0 -3 2 0 0 0 0 0 6
-1 0 0 0 0 0 0 0 2 | 0 -2 3 0 0 0 0 0 6
7 0 0 1 0 0 0 0 12 | 0 -3 5 0 0 0 0 0 12
1 0 0 0 0 0 0 0 6 | 0 1 2 0 0 0 0 0 6
-2 0 0 0 0 0 0 0 3 | 0 1 1 0 0 0 0 0 6
-13 0 0 1 0 0 0 0 12 | 0 -3 1 0 0 0 0 0 12
-4 0 0 1 0 0 0 0 6 | 0 -4 1 0 0 0 0 0 6
1 0 0 1 0 0 0 0 6 | 0 -2 1 0 0 0 0 0 3
0 0 0 -1 0 0 0 0 6 | 0 -1 0 0 0 0 0 0 2
5 0 0 0 0 0 0 0 6 | 0 -2 1 0 0 0 0 0 6
5 0 0 -1 0 0 0 0 12 | 0 1 1 0 0 0 0 0 12
-5 0 0 -1 0 0 0 0 12 | 0 1 -1 0 0 0 0 0 12
-5 0 0 0 0 0 0 0 6 | 0 -2 -1 0 0 0 0 0 6
-5 0 0 1 0 0 0 0 12 | 0 -9 -1 0 0 0 0 0 12
5 0 0 1 0 0 0 0 12 | 0 -9 1 0 0 0 0 0 12
1 0 0 0 0 0 0 0 2 | 0 -2 -3 0 0 0 0 0 6
3 0 0 1 0 0 0 0 6 | 0 -1 -3 0 0 0 0 0 6
13 0 0 1 0 0 0 0 12 | 0 -3 -1 0 0 0 0 0 12
2 0 0 0 0 0 0 0 3 | 0 1 -1 0 0 0 0 0 6
-1 0 0 0 0 0 0 0 6 | 0 1 -2 0 0 0 0 0 6
-7 0 0 1 0 0 0 0 12 | 0 -3 -5 0 0 0 0 0 12
-1 0 0 1 0 0 0 0 6 | 0 -2 -1 0 0 0 0 0 3
4 0 0 1 0 0 0 0 6 | 0 -4 -1 0 0 0 0 0 6
13 0 0 3 0 0 0 0 12 | 0 -1 -1 0 0 0 0 0 12
4 0 0 1 0 0 0 0 6 | 0 2 -1 0 0 0 0 0 6
-1 0 0 1 0 0 0 0 6 | 0 1 -1 0 0 0 0 0 3
-7 0 0 3 0 0 0 0 12 | 0 -1 -5 0 0 0 0 0 12
-1 0 0 2 0 0 0 0 6 | 0 -3 -2 0 0 0 0 0 6
15 0 0 1 0 0 0 0 12 | 0 1 1 0 0 0 0 0 4
5 0 0 0 0 0 0 0 6 | 0 4 1 0 0 0 0 0 6
-5 0 0 0 0 0 0 0 6 | 0 4 -1 0 0 0 0 0 6
-15 0 0 1 0 0 0 0 12 | 0 1 -1 0 0 0 0 0 4
-10 0 0 1 0 0 0 0 6 | 0 -1 -2 0 0 0 0 0 6
-5 0 0 1 0 0 0 0 4 | 0 -7 -3 0 0 0 0 0 12
-5 0 0 2 0 0 0 0 6 | 0 -6 -1 0 0 0 0 0 6
0 0 0 1 0 0 0 0 3 | 0 -1 0 0 0 0 0 0 1
9 0 0 1 0 0 0 0 12 | 0 -1 9 0 0 0 0 0 12
0 0 0 1 0 0 0 0 6 | 0 2 3 0 0 0 0 0 6
0 0 0 1 0 0 0 0 6 | 0 -4 3 0 0 0 0 0 6
6 0 0 1 0 0 0 0 6 | 0 -4 3 0 0 0 0 0 6
3 0 0 1 0 0 0 0 12 | 0 -1 3 0 0 0 0 0 4
1 0 0 0 0 0 0 0 2 | 0 -2 3 0 0 0 0 0 6
1 0 0 1 0 0 0 0 12 | 0 3 5 0 0 0 0 0 12
-2 0 0 1 0 0 0 0 6 | 0 -1 2 0 0 0 0 0 6
1 0 0 3 0 0 0 0 12 | 0 -7 5 0 0 0 0 0 12
11 0 0 3 0 0 0 0 12 | 0 -7 7 0 0 0 0 0 12
9 0 0 -1 0 0 0 0 12 | 0 1 9 0 0 0 0 0 12
3 0 0 0 0 0 0 0 2 | 0 0 1 0 0 0 0 0 2
0 0 0 0 0 0 0 0 1 | 0 1 1 0 0 0 0 0 2
0 0 0 0 0 0 0 0 1 | 0 -1 1 0 0 0 0 0 2
1 0 0 0 0 0 0 0 1 | 0 -1 1 0 0 0 0 0 2
3 0 0 1 0 0 0 0 6 | 0 1 3 0 0 0 0 0 6
3 0 0 -1 0 0 0 0 12 | 0 -1 9 0 0 0 0 0 12
3 0 0 -1 0 0 0 0 6 | 0 -1 3 0 0 0 0 0 6
4 0 0 0 0 0 0 0 3 | 0 0 2 0 0 0 0 0 3
1 0 0 -1 0 0 0 0 12 | 0 5 5 0 0 0 0 0 12
-1 0 0 0 0 0 0 0 3 | 0 0 1 0 0 0 0 0 3
1 0 0 1 0 0 0 0 12 | 0 -5 5 0 0 0 0 0 12
11 0 0 1 0 0 0 0 12 | 0 -5 7 0 0 0 0 0 12
21 0 0 1 0 0 0 0 12 | 0 -7 3 0 0 0 0 0 12
6 0 0 1 0 0 0 0 6 | 0 0 1 0 0 0 0 0 2
1 0 0 0 0 0 0 0 1 | 0 -1 3 0 0 0 0 0 6
15 0 0 -1 0 0 0 0 12 | 0 -1 1 0 0 0 0 0 4
3 0 0 0 0 0 0 0 2 | 0 -1 0 0 0 0 0 0 6
9 0 0 1 0 0 0 0 6 | 0 0 0 0 0 0 0 0 1
5 0 0 0 0 0 0 0 3 | 0 1 1 0 0 0 0 0 3
5 0 0 0 0 0 0 0 6 | 0 2 1 0 0 0 0 0 6
5 0 0 1 0 0 0 0 12 | 0 -1 1 0 0 0 0 0 12
5 0 0 1 0 0 0 0 6 | 0 -3 1 0 0 0 0 0 6
10 0 0 1 0 0 0 0 6 | 0 -3 2 0 0 0 0 0 6
1 0 0 0 0 0 0 0 2 | 0 2 3 0 0 0 0 0 6
9 0 0 -1 0 0 0 0 12 | 0 1 1 0 0 0 0 0 4
1 0 0 0 0 0 0 0 3 | 0 5 1 0 0 0 0 0 6
-1 0 0 1 0 0 0 0 12 | 0 5 1 0 0 0 0 0 12
2 0 0 1 0 0 0 0 6 | 0 0 1 0 0 0 0 0 6
7 0 0 1 0 0 0 0 6 | 0 0 1 0 0 0 0 0 3
-1 0 0 1 0 0 0 0 4 | 0 7 3 0 0 0 0 0 12
-3 0 0 1 0 0 0 0 6 | 0 1 1 0 0 0 0 0 2
-1 0 0 0 0 0 0 0 2 | 0 2 3 0 0 0 0 0 6
0 0 0 1 0 0 0 0 6 | 0 1 0 0 0 0 0 0 2
7 0 0 1 0 0 0 0 12 | 0 5 5 0 0 0 0 0 12
1 0 0 0 0 0 0 0 6 | 0 5 2 0 0 0 0 0 6
-2 0 0 0 0 0 0 0 3 | 0 5 1 0 0 0 0 0 6
-13 0 0 1 0 0 0 0 12 | 0 5 1 0 0 0 0 0 12
-4 0 0 1 0 0 0 0 6 | 0 0 1 0 0 0 0 0 6
1 0 0 1 0 0 0 0 6 | 0 0 1 0 0 0 0 0 3
-3 0 0 1 0 0 0 0 4 | 0 1 3 0 0 0 0 0 12
-6 0 0 1 0 0 0 0 6 | 0 0 1 0 0 0 0 0 2
-1 0 0 0 0 0 0 0 1 | 0 -1 3 0 0 0 0 0 6
-9 0 0 -1 0 0 0 0 12 | 0 -1 1 0 0 0 0 0 4
1 0 0 1 0 0 0 0 12 | 0 -1 5 0 0 0 0 0 12
-1 0 0 0 0 0 0 0 3 | 0 1 1 0 0 0 0 0 3
-7 0 0 0 0 0 0 0 6 | 0 2 1 0 0 0 0 0 6
-19 0 0 1 0 0 0 0 12 | 0 -1 1 0 0 0 0 0 12
-7 0 0 1 0 0 0 0 6 | 0 -3 1 0 0 0 0 0 6
-2 0 0 1 0 0 0 0 6 | 0 -3 2 0 0 0 0 0 6
-9 0 0 1 0 0 0 0 12 | 0 -13 3 0 0 0 0 0 12
3 0 0 1 0 0 0 0 12 | 0 -13 3 0 0 0 0 0 12
-3 0 0 1 0 0 0 0 6 | 0 -1 1 0 0 0 0 0 2
-1 0 0 0 0 0 0 0 2 | 0 -4 3 0 0 0 0 0 6
7 0 0 1 0 0 0 0 12 | 0 -7 5 0 0 0 0 0 12
1 0 0 0 0 0 0 0 6 | 0 -1 2 0 0 0 0 0 6
-2 0 0 0 0 0 0 0 3 | 0 -1 1 0 0 0 0 0 6
-13 0 0 1 0 0 0 0 12 | 0 -7 1 0 0 0 0 0 12
-4 0 0 1 0 0 0 0 6 | 0 -6 1 0 0 0 0 0 6
1 0 0 1 0 0 0 0 6 | 0 -3 1 0 0 0 0 0 3
15 0 0 1 0 0 0 0 12 | 0 -13 3 0 0 0 0 0 12
3 0 0 1 0 0 0 0 4 | 0 -5 3 0 0 0 0 0 12
3 0 0 1 0 0 0 0 6 | 0 -1 1 0 0 0 0 0 2
1 0 0 0 0 0 0 0 2 | 0 -4 3 0 0 0 0 0 6
9 0 0 -1 0 0 0 0 12 | 0 -3 1 0 0 0 0 0 4
1 0 0 0 0 0 0 0 1 | 0 -2 0 0 0 0 0 0 3
6 0 0 1 0 0 0 0 6 | 0 -1 0 0 0 0 0 0 2
19 0 0 1 0 0 0 0 12 | 0 -7 5 0 0 0 0 0 12
7 0 0 0 0 0 0 0 6 | 0 -1 2 0 0 0 0 0 6
1 0 0 0 0 0 0 0 3 | 0 -1 1 0 0 0 0 0 6
-1 0 0 1 0 0 0 0 12 | 0 -7 1 0 0 0 0 0 12
2 0 0 1 0 0 0 0 6 | 0 -6 1 0 0 0 0 0 6
7 0 0 1 0 0 0 0 6 | 0 -3 1 0 0 0 0 0 3
4 0 0 1 0 0 0 0 6 | 0 3 2 0 0 0 0 0 6
-1 0 0 1 0 0 0 0 6 | 0 3 1 0 0 0 0 0 6
-7 0 0 3 0 0 0 0 12 | 0 1 1 0 0 0 0 0 12
-1 0 0 2 0 0 0 0 6 | 0 -2 1 0 0 0 0 0 6
2 0 0 1 0 0 0 0 3 | 0 -1 1 0 0 0 0 0 3
-3 0 0 1 0 0 0 0 12 | 0 -1 9 0 0 0 0 0 12
-5 0 0 3 0 0 0 0 12 | 0 -5 5 0 0 0 0 0 12
5 0 0 3 0 0 0 0 12 | 0 -5 7 0 0 0 0 0 12
-3 0 0 -1 0 0 0 0 12 | 0 -1 3 0 0 0 0 0 4
0 0 0 -1 0 0 0 0 6 | 0 -2 3 0 0 0 0 0 6
5 0 0 0 0 0 0 0 6 | 0 -1 4 0 0 0 0 0 6
5 0 0 -1 0 0 0 0 12 | 0 3 7 0 0 0 0 0 12
-5 0 0 -1 0 0 0 0 12 | 0 3 5 0 0 0 0 0 12
-5 0 0 0 0 0 0 0 6 | 0 -1 2 0 0 0 0 0 6
-5 0 0 1 0 0 0 0 12 | 0 -7 5 0 0 0 0 0 12
5 0 0 1 0 0 0 0 12 | 0 -7 7 0 0 0 0 0 12
1 0 0 -1 0 0 0 0 4 | 0 -5 3 0 0 0 0 0 12
13 0 0 -1 0 0 0 0 12 | 0 -3 5 0 0 0 0 0 12
4 0 0 -1 0 0 0 0 6 | 0 1 2 0 0 0 0 0 6
-1 0 0 -1 0 0 0 0 6 | 0 1 1 0 0 0 0 0 6
-7 0 0 -1 0 0 0 0 12 | 0 -3 1 0 0 0 0 0 12
-1 0 0 0 0 0 0 0 6 | 0 -4 1 0 0 0 0 0 6
2 0 0 0 0 0 0 0 3 | 0 -2 1 0 0 0 0 0 3
9 0 0 -1 0 0 0 0 12 | 0 -1 -1 0 0 0 0 0 4
4 0 0 0 0 0 0 0 3 | 0 -1 1 0 0 0 0 0 6
11 0 0 -1 0 0 0 0 12 | 0 3 1 0 0 0 0 0 12
1 0 0 -1 0 0 0 0 12 | 0 3 -1 0 0 0 0 0 12
-1 0 0 0 0 0 0 0 3 | 0 -1 -1 0 0 0 0 0 6
1 0 0 1 0 0 0 0 12 | 0 -7 -1 0 0 0 0 0 12
11 0 0 1 0 0 0 0 12 | 0 -7 1 0 0 0 0 0 12
3 0 0 1 0 0 0 0 4 | 0 1 -3 0 0 0 0 0 12
8 0 0 1 0 0 0 0 6 | 0 0 1 0 0 0 0 0 6
11 0 0 1 0 0 0 0 12 | 0 5 1 0 0 0 0 0 12
1 0 0 1 0 0 0 0 12 | 0 5 -1 0 0 0 0 0 12
-2 0 0 1 0 0 0 0 6 | 0 0 -1 0 0 0 0 0 6
1 0 0 3 0 0 0 0 12 | 0 -5 -1 0 0 0 0 0 12
11 0 0 3 0 0 0 0 12 | 0 -5 1 0 0 0 0 0 12
9 0 0 1 0 0 0 0 6 | 0 -1 1 0 0 0 0 0 2
3 0 0 -1 0 0 0 0 12 | 0 3 1 0 0 0 0 0 4
-7 0 0 -1 0 0 0 0 12 | 0 9 1 0 0 0 0 0 12
-17 0 0 1 0 0 0 0 12 | 0 -1 -1 0 0 0 0 0 12
-6 0 0 1 0 0 0 0 6 | 0 -1 0 0 0 0 0 0 2
-7 0 0 3 0 0 0 0 12 | 0 -11 1 0 0 0 0 0 12
1 0 0 1 0 0 0 0 4 | 0 -11 3 0 0 0 0 0 12
13 0 0 3 0 0 0 0 12 | 0 -11 5 0 0 0 0 0 12
3 0 0 -2 0 0 0 0 6 | 0 2 3 0 0 0 0 0 6
9 0 0 -1 0 0 0 0 6 | 0 1 3 0 0 0 0 0 6
-3 0 0 -1 0 0 0 0 6 | 0 1 3 0 0 0 0 0 6
6 0 0 -1 0 0 0 0 6 | 0 -2 3 0 0 0 0 0 6
3 0 0 -2 0 0 0 0 6 | 0 0 1 0 0 0 0 0 2
3 0 0 -1 0 0 0 0 4 | 0 1 3 0 0 0 0 0 12
8 0 0 -1 0 0 0 0 6 | 0 1 4 0 0 0 0 0 6
-2 0 0 -1 0 0 0 0 6 | 0 1 2 0 0 0 0 0 6
1 0 0 -1 0 0 0 0 12 | 0 -3 5 0 0 0 0 0 12
11 0 0 -1 0 0 0 0 12 | 0 -3 7 0 0 0 0 0 12
3 0 0 -5 0 0 0 0 12 | 0 5 3 0 0 0 0 0 12
5 0 0 -1 0 0 0 0 4 | 0 1 1 0 0 0 0 0 4
3 0 0 -1 0 0 0 0 4 | 0 3 1 0 0 0 0 0 4
-3 0 0 -1 0 0 0 0 4 | 0 1 1 0 0 0 0 0 4
3 0 0 -1 0 0 0 0 4 | 0 -1 1 0 0 0 0 0 4
0 0 0 -1 0 0 0 0 6 | 0 2 3 0 0 0 0 0 6
3 0 0 -5 0 0 0 0 12 | 0 1 3 0 0 0 0 0 12
3 0 0 -2 0 0 0 0 6 | 0 1 0 0 0 0 0 0 6
13 0 0 -3 0 0 0 0 12 | 0 3 5 0 0 0 0 0 12
2 0 0 -1 0 0 0 0 3 | 0 2 1 0 0 0 0 0 3
-7 0 0 -3 0 0 0 0 12 | 0 3 1 0 0 0 0 0 12
-1 0 0 -1 0 0 0 0 6 | 0 -1 1 0 0 0 0 0 6
4 0 0 -1 0 0 0 0 6 | 0 -1 2 0 0 0 0 0 6
27 0 0 -1 0 0 0 0 12 | 0 1 3 0 0 0 0 0 12
21 0 0 -1 0 0 0 0 12 | 0 7 3 0 0 0 0 0 12
21 0 0 -1 0 0 0 0 12 | 0 -5 3 0 0 0 0 0 12
1 0 0 0 0 0 0 0 1 | 0 1 3 0 0 0 0 0 6
6 0 0 -1 0 0 0 0 6 | 0 0 1 0 0 0 0 0 2
5 0 0 -1 0 0 0 0 4 | 0 -1 3 0 0 0 0 0 12
9 0 0 -1 0 0 0 0 6 | 0 0 0 0 0 0 0 0 1
3 0 0 0 0 0 0 0 2 | 0 1 0 0 0 0 0 0 6
25 0 0 -1 0 0 0 0 12 | 0 1 5 0 0 0 0 0 12
10 0 0 -1 0 0 0 0 6 | 0 3 2 0 0 0 0 0 6
5 0 0 -1 0 0 0 0 6 | 0 3 1 0 0 0 0 0 6
5 0 0 0 0 0 0 0 3 | 0 -1 1 0 0 0 0 0 3
9 0 0 1 0 0 0 0 12 | 0 3 1 0 0 0 0 0 4
3 0 0 -1 0 0 0 0 6 | 0 1 1 0 0 0 0 0 2
3 0 0 -1 0 0 0 0 4 | 0 5 3 0 0 0 0 0 12
6 0 0 -1 0 0 0 0 6 | 0 1 0 0 0 0 0 0 2
1 0 0 0 0 0 0 0 1 | 0 2 0 0 0 0 0 0 3
19 0 0 -1 0 0 0 0 12 | 0 7 5 0 0 0 0 0 12
2 0 0 -1 0 0 0 0 6 | 0 6 1 0 0 0 0 0 6
-1 0 0 -1 0 0 0 0 12 | 0 7 1 0 0 0 0 0 12
1 0 0 0 0 0 0 0 3 | 0 1 1 0 0 0 0 0 6
7 0 0 0 0 0 0 0 6 | 0 1 2 0 0 0 0 0 6
-1 0 0 -1 0 0 0 0 4 | 0 5 3 0 0 0 0 0 12
0 0 0 -1 0 0 0 0 6 | 0 1 0 0 0 0 0 0 2
7 0 0 -1 0 0 0 0 12 | 0 7 5 0 0 0 0 0 12
-13 0 0 -1 0 0 0 0 12 | 0 7 1 0 0 0 0 0 12
-1 0 0 0 0 0 0 0 1 | 0 1 3 0 0 0 0 0 6
-6 0 0 -1 0 0 0 0 6 | 0 0 1 0 0 0 0 0 2
-3 0 0 -1 0 0 0 0 4 | 0 -1 3 0 0 0 0 0 12
1 0 0 -1 0 0 0 0 12 | 0 1 5 0 0 0 0 0 12
-2 0 0 -1 0 0 0 0 6 | 0 3 2 0 0 0 0 0 6
-7 0 0 -1 0 0 0 0 6 | 0 3 1 0 0 0 0 0 6
-19 0 0 -1 0 0 0 0 12 | 0 1 1 0 0 0 0 0 12
-7 0 0 0 0 0 0 0 6 | 0 -2 1 0 0 0 0 0 6
-1 0 0 0 0 0 0 0 3 | 0 -1 1 0 0 0 0 0 3
-3 0 0 -1 0 0 0 0 6 | 0 -1 1 0 0 0 0 0 2
-1 0 0 -1 0 0 0 0 4 | 0 -7 3 0 0 0 0 0 12
7 0 0 -1 0 0 0 0 12 | 0 -5 5 0 0 0 0 0 12
1 0 0 -1 0 0 0 0 6 | 0 0 1 0 0 0 0 0 3
-4 0 0 -1 0 0 0 0 6 | 0 0 1 0 0 0 0 0 6
-13 0 0 -1 0 0 0 0 12 | 0 -5 1 0 0 0 0 0 12
-2 0 0 0 0 0 0 0 3 | 0 -5 1 0 0 0 0 0 6
1 0 0 0 0 0 0 0 6 | 0 -5 2 0 0 0 0 0 6
15 0 0 -1 0 0 0 0 12 | 0 -11 3 0 0 0 0 0 12
3 0 0 -1 0 0 0 0 6 | 0 -1 1 0 0 0 0 0 2
3 0 0 -1 0 0 0 0 4 | 0 -7 3 0 0 0 0 0 12
19 0 0 -1 0 0 0 0 12 | 0 -5 5 0 0 0 0 0 12
7 0 0 -1 0 0 0 0 6 | 0 0 1 0 0 0 0 0 3
2 0 0 -1 0 0 0 0 6 | 0 0 1 0 0 0 0 0 6
-1 0 0 -1 0 0 0 0 12 | 0 -5 1 0 0 0 0 0 12
1 0 0 0 0 0 0 0 3 | 0 -5 1 0 0 0 0 0 6
7 0 0 0 0 0 0 0 6 | 0 -5 2 0 0 0 0 0 6
13 0 0 1 0 0 0 0 12 | 0 3 5 0 0 0 0 0 12
2 0 0 0 0 0 0 0 3 | 0 2 1 0 0 0 0 0 3
-1 0 0 0 0 0 0 0 6 | 0 4 1 0 0 0 0 0 6
4 0 0 1 0 0 0 0 6 | 0 -1 2 0 0 0 0 0 6
5 0 0 0 0 0 0 0 6 | 0 1 4 0 0 0 0 0 6
-5 0 0 -1 0 0 0 0 12 | 0 7 5 0 0 0 0 0 12
-5 0 0 0 0 0 0 0 6 | 0 1 2 0 0 0 0 0 6
-5 0 0 1 0 0 0 0 12 | 0 -3 5 0 0 0 0 0 12
5 0 0 1 0 0 0 0 12 | 0 -3 7 0 0 0 0 0 12
0 0 0 -1 0 0 0 0 3 | 0 -1 3 0 0 0 0 0 6
5 0 0 -1 0 0 0 0 6 | 0 0 2 0 0 0 0 0 3
5 0 0 -1 0 0 0 0 12 | 0 -5 7 0 0 0 0 0 12
3 0 0 -5 0 0 0 0 12 | 0 -1 1 0 0 0 0 0 4
3 0 0 -2 0 0 0 0 6 | 0 -1 0 0 0 0 0 0 6
13 0 0 -3 0 0 0 0 12 | 0 -1 5 0 0 0 0 0 12
2 0 0 -1 0 0 0 0 3 | 0 1 1 0 0 0 0 0 3
-1 0 0 -2 0 0 0 0 6 | 0 2 1 0 0 0 0 0 6
-7 0 0 -3 0 0 0 0 12 | 0 -1 1 0 0 0 0 0 12
-1 0 0 -1 0 0 0 0 6 | 0 -3 1 0 0 0 0 0 6
4 0 0 -1 0 0 0 0 6 | 0 -3 2 0 0 0 0 0 6
3 0 0 -1 0 0 0 0 4 | 0 -1 -3 0 0 0 0 0 12
8 0 0 -1 0 0 0 0 6 | 0 0 1 0 0 0 0 0 6
11 0 0 -3 0 0 0 0 12 | 0 5 1 0 0 0 0 0 12
1 0 0 -3 0 0 0 0 12 | 0 5 -1 0 0 0 0 0 12
-2 0 0 -1 0 0 0 0 6 | 0 0 -1 0 0 0 0 0 6
1 0 0 -1 0 0 0 0 12 | 0 -5 -1 0 0 0 0 0 12
11 0 0 -1 0 0 0 0 12 | 0 -5 1 0 0 0 0 0 12
4 0 0 0 0 0 0 0 3 | 0 1 1 0 0 0 0 0 6
11 0 0 -1 0 0 0 0 12 | 0 7 1 0 0 0 0 0 12
1 0 0 -1 0 0 0 0 12 | 0 7 -1 0 0 0 0 0 12
-1 0 0 0 0 0 0 0 3 | 0 1 -1 0 0 0 0 0 6
23 0 0 -1 0 0 0 0 12 | 0 1 7 0 0 0 0 0 12
9 0 0 -1 0 0 0 0 6 | 0 1 1 0 0 0 0 0 2
3 0 0 0 0 0 0 0 2 | 0 -2 3 0 0 0 0 0 6
-6 0 0 -1 0 0 0 0 6 | 0 1 0 0 0 0 0 0 2
-17 0 0 -1 0 0 0 0 12 | 0 1 -1 0 0 0 0 0 12
-7 0 0 1 0 0 0 0 12 | 0 -9 1 0 0 0 0 0 12
13 0 0 1 0 0 0 0 12 | 0 -9 5 0 0 0 0 0 12
-3 0 0 -5 0 0 0 0 12 | 0 5 -3 0 0 0 0 0 12
3 0 0 -1 0 0 0 0 3 | 0 1 0 0 0 0 0 0 3
3 0 0 -2 0 0 0 0 6 | 0 5 0 0 0 0 0 0 6
-3 0 0 -2 0 0 0 0 6 | 0 -1 0 0 0 0 0 0 6
3 0 0 -5 0 0 0 0 12 | 0 1 -1 0 0 0 0 0 4
1 0 0 -1 0 0 0 0 4 | 0 5 -3 0 0 0 0 0 12
5 0 0 -2 0 0 0 0 6 | 0 2 1 0 0 0 0 0 6
5 0 0 -5 0 0 0 0 12 | 0 9 1 0 0 0 0 0 12
-5 0 0 -3 0 0 0 0 12 | 0 -1 -1 0 0 0 0 0 12
5 0 0 -3 0 0 0 0 12 | 0 -1 1 0 0 0 0 0 12
-3 0 0 -2 0 0 0 0 6 | 0 2 -3 0 0 0 0 0 6
3 0 0 -1 0 0 0 0 4 | 0 1 -1 0 0 0 0 0 4
1 0 0 -1 0 0 0 0 4 | 0 3 -1 0 0 0 0 0 4
-3 0 0 -1 0 0 0 0 4 | 0 3 -1 0 0 0 0 0 4
-3 0 0 -1 0 0 0 0 4 | 0 -1 -1 0 0 0 0 0 4
-3 0 0 -2 0 0 0 0 6 | 0 1 0 0 0 0 0 0 6
0 0 0 -1 0 0 0 0 3 | 0 1 -3 0 0 0 0 0 6
0 0 0 -1 0 0 0 0 6 | 0 2 -3 0 0 0 0 0 6
7 0 0 -3 0 0 0 0 12 | 0 3 -1 0 0 0 0 0 12
1 0 0 -2 0 0 0 0 6 | 0 4 -1 0 0 0 0 0 6
-2 0 0 -1 0 0 0 0 3 | 0 2 -1 0 0 0 0 0 3
-4 0 0 -1 0 0 0 0 6 | 0 -1 -2 0 0 0 0 0 6
1 0 0 -1 0 0 0 0 6 | 0 -1 -1 0 0 0 0 0 6
12 0 0 -1 0 0 0 0 6 | 0 1 0 0 0 0 0 0 6
9 0 0 -1 0 0 0 0 6 | 0 2 0 0 0 0 0 0 3
3 0 0 -1 0 0 0 0 3 | 0 0 0 0 0 0 0 0 1
5 0 0 -1 0 0 0 0 4 | 0 1 -3 0 0 0 0 0 12
11 0 0 -1 0 0 0 0 6 | 0 1 1 0 0 0 0 0 6
17 0 0 -3 0 0 0 0 12 | 0 7 1 0 0 0 0 0 12
7 0 0 -3 0 0 0 0 12 | 0 7 -1 0 0 0 0 0 12
1 0 0 -1 0 0 0 0 6 | 0 1 -1 0 0 0 0 0 6
7 0 0 -1 0 0 0 0 12 | 0 -3 -1 0 0 0 0 0 12
17 0 0 -1 0 0 0 0 12 | 0 -3 1 0 0 0 0 0 12
6 0 0 -1 0 0 0 0 6 | 0 7 0 0 0 0 0 0 6
0 0 0 -1 0 0 0 0 6 | 0 7 0 0 0 0 0 0 6
1 0 0 0 0 0 0 0 2 | 0 5 0 0 0 0 0 0 6
1 0 0 -1 0 0 0 0 4 | 0 7 3 0 0 0 0 0 12
3 0 0 -2 0 0 0 0 6 | 0 1 0 0 0 0 0 0 2
3 0 0 -1 0 0 0 0 4 | 0 7 -3 0 0 0 0 0 12
9 0 0 -1 0 0 0 0 12 | 0 3 -1 0 0 0 0 0 4
8 0 0 -1 0 0 0 0 6 | 0 4 1 0 0 0 0 0 6
11 0 0 -3 0 0 0 0 12 | 0 13 1 0 0 0 0 0 12
1 0 0 -3 0 0 0 0 12 | 0 13 -1 0 0 0 0 0 12
-2 0 0 -1 0 0 0 0 6 | 0 4 -1 0 0 0 0 0 6
-1 0 0 0 0 0 0 0 2 | 0 5 0 0 0 0 0 0 6
-9 0 0 -1 0 0 0 0 12 | 0 3 1 0 0 0 0 0 4
-3 0 0 -2 0 0 0 0 6 | 0 1 0 0 0 0 0 0 2
-1 0 0 -1 0 0 0 0 4 | 0 7 -3 0 0 0 0 0 12
-3 0 0 -1 0 0 0 0 12 | 0 3 -1 0 0 0 0 0 4
2 0 0 -1 0 0 0 0 6 | 0 4 1 0 0 0 0 0 6
-1 0 0 -3 0 0 0 0 12 | 0 13 1 0 0 0 0 0 12
-8 0 0 -1 0 0 0 0 6 | 0 4 -1 0 0 0 0 0 6
-11 0 0 -1 0 0 0 0 12 | 0 3 -1 0 0 0 0 0 12
-1 0 0 -1 0 0 0 0 12 | 0 3 1 0 0 0 0 0 12
-3 0 0 -1 0 0 0 0 4 | 0 1 -3 0 0 0 0 0 12
-9 0 0 -1 0 0 0 0 12 | 0 1 -1 0 0 0 0 0 4
-7 0 0 -3 0 0 0 0 12 | 0 7 1 0 0 0 0 0 12
-17 0 0 -1 0 0 0 0 12 | 0 -3 -1 0 0 0 0 0 12
-3 0 0 -1 0 0 0 0 4 | 0 -5 3 0 0 0 0 0 12
-3 0 0 -2 0 0 0 0 6 | 0 -1 0 0 0 0 0 0 2
-1 0 0 -1 0 0 0 0 4 | 0 -5 -3 0 0 0 0 0 12
2 0 0 -1 0 0 0 0 6 | 0 -2 1 0 0 0 0 0 6
-1 0 0 -3 0 0 0 0 12 | 0 1 1 0 0 0 0 0 12
-11 0 0 -3 0 0 0 0 12 | 0 1 -1 0 0 0 0 0 12
-8 0 0 -1 0 0 0 0 6 | 0 -2 -1 0 0 0 0 0 6
-11 0 0 -1 0 0 0 0 12 | 0 -9 -1 0 0 0 0 0 12
-1 0 0 -1 0 0 0 0 12 | 0 -9 1 0 0 0 0 0 12
3 0 0 -2 0 0 0 0 6 | 0 -1 0 0 0 0 0 0 2
3 0 0 -1 0 0 0 0 4 | 0 -5 -3 0 0 0 0 0 12
8 0 0 -1 0 0 0 0 6 | 0 -2 1 0 0 0 0 0 6
11 0 0 -3 0 0 0 0 12 | 0 1 1 0 0 0 0 0 12
1 0 0 -3 0 0 0 0 12 | 0 1 -1 0 0 0 0 0 12
-2 0 0 -1 0 0 0 0 6 | 0 -2 -1 0 0 0 0 0 6
1 0 0 -1 0 0 0 0 12 | 0 -9 -1 0 0 0 0 0 12
11 0 0 -1 0 0 0 0 12 | 0 -9 1 0 0 0 0 0 12
5 0 0 -1 0 0 0 0 12 | 0 9 1 0 0 0 0 0 12
-5 0 0 -1 0 0 0 0 12 | 0 9 -1 0 0 0 0 0 12
-5 0 0 0 0 0 0 0 6 | 0 2 -1 0 0 0 0 0 6
-5 0 0 1 0 0 0 0 12 | 0 -1 -1 0 0 0 0 0 12
7 0 0 -1 0 0 0 0 12 | 0 3 5 0 0 0 0 0 12
1 0 0 -1 0 0 0 0 6 | 0 2 1 0 0 0 0 0 3
-4 0 0 -1 0 0 0 0 6 | 0 4 1 0 0 0 0 0 6
-13 0 0 -1 0 0 0 0 12 | 0 3 1 0 0 0 0 0 12
7 0 0 -3 0 0 0 0 12 | 0 1 5 0 0 0 0 0 12
1 0 0 -2 0 0 0 0 6 | 0 3 2 0 0 0 0 0 6
-13 0 0 -3 0 0 0 0 12 | 0 1 1 0 0 0 0 0 12
-4 0 0 -1 0 0 0 0 6 | 0 -2 1 0 0 0 0 0 6
1 0 0 -1 0 0 0 0 6 | 0 -1 1 0 0 0 0 0 3
3 0 0 -5 0 0 0 0 12 | 0 -1 -3 0 0 0 0 0 12
5 0 0 -2 0 0 0 0 6 | 0 0 1 0 0 0 0 0 6
5 0 0 -5 0 0 0 0 12 | 0 5 1 0 0 0 0 0 12
3 0 0 -2 0 0 0 0 6 | 0 0 -1 0 0 0 0 0 2
3 0 0 -1 0 0 0 0 6 | 0 1 -3 0 0 0 0 0 6
13 0 0 -3 0 0 0 0 12 | 0 1 -1 0 0 0 0 0 12
2 0 0 -1 0 0 0 0 3 | 0 3 -1 0 0 0 0 0 6
-1 0 0 -2 0 0 0 0 6 | 0 3 -2 0 0 0 0 0 6
-7 0 0 -3 0 0 0 0 12 | 0 1 -5 0 0 0 0 0 12
-1 0 0 -1 0 0 0 0 6 | 0 -1 -1 0 0 0 0 0 3
4 0 0 -1 0 0 0 0 6 | 0 -2 -1 0 0 0 0 0 6
1 0 0 0 0 0 0 0 2 | 0 2 -3 0 0 0 0 0 6
13 0 0 -1 0 0 0 0 12 | 0 3 -1 0 0 0 0 0 12
4 0 0 -1 0 0 0 0 6 | 0 4 -1 0 0 0 0 0 6
-1 0 0 -1 0 0 0 0 6 | 0 2 -1 0 0 0 0 0 3
-7 0 0 -1 0 0 0 0 12 | 0 3 -5 0 0 0 0 0 12
-1 0 0 0 0 0 0 0 6 | 0 -1 -2 0 0 0 0 0 6
2 0 0 0 0 0 0 0 3 | 0 -1 -1 0 0 0 0 0 6
10 0 0 -1 0 0 0 0 6 | 0 1 2 0 0 0 0 0 6
5 0 0 -1 0 0 0 0 4 | 0 7 3 0 0 0 0 0 12
5 0 0 -2 0 0 0 0 6 | 0 6 1 0 0 0 0 0 6
0 0 0 -1 0 0 0 0 3 | 0 1 0 0 0 0 0 0 1
-15 0 0 -1 0 0 0 0 12 | 0 -1 -1 0 0 0 0 0 4
-5 0 0 0 0 0 0 0 6 | 0 -4 -1 0 0 0 0 0 6
5 0 0 0 0 0 0 0 6 | 0 -4 1 0 0 0 0 0 6
-9 0 0 -1 0 0 0 0 12 | 0 1 -9 0 0 0 0 0 12
0 0 0 -1 0 0 0 0 6 | 0 4 -3 0 0 0 0 0 6
-6 0 0 -1 0 0 0 0 6 | 0 4 -3 0 0 0 0 0 6
0 0 0 -1 0 0 0 0 6 | 0 -2 -3 0 0 0 0 0 6
-1 0 0 0 0 0 0 0 2 | 0 2 -3 0 0 0 0 0 6
-3 0 0 -1 0 0 0 0 12 | 0 1 -3 0 0 0 0 0 4
2 0 0 -1 0 0 0 0 6 | 0 1 -2 0 0 0 0 0 6
-1 0 0 -3 0 0 0 0 12 | 0 7 -5 0 0 0 0 0 12
-11 0 0 -3 0 0 0 0 12 | 0 7 -7 0 0 0 0 0 12
-1 0 0 -1 0 0 0 0 12 | 0 -3 -5 0 0 0 0 0 12
-9 0 0 1 0 0 0 0 12 | 0 -1 -9 0 0 0 0 0 12
0 0 0 0 0 0 0 0 1 | 0 1 -1 0 0 0 0 0 2
-1 0 0 0 0 0 0 0 1 | 0 1 -1 0 0 0 0 0 2
-3 0 0 0 0 0 0 0 2 | 0 0 -1 0 0 0 0 0 2
0 0 0 0 0 0 0 0 1 | 0 -1 -1 0 0 0 0 0 2
-3 0 0 1 0 0 0 0 6 | 0 1 -3 0 0 0 0 0 6
-3 0 0 -1 0 0 0 0 6 | 0 -1 -3 0 0 0 0 0 6
-3 0 0 1 0 0 0 0 12 | 0 1 -9 0 0 0 0 0 12
1 0 0 0 0 0 0 0 3 | 0 0 -1 0 0 0 0 0 3
-1 0 0 -1 0 0 0 0 12 | 0 5 -5 0 0 0 0 0 12
-11 0 0 -1 0 0 0 0 12 | 0 5 -7 0 0 0 0 0 12
-4 0 0 0 0 0 0 0 3 | 0 0 -2 0 0 0 0 0 3
-1 0 0 1 0 0 0 0 12 | 0 -5 -5 0 0 0 0 0 12
6 0 0 -1 0 0 0 0 6 | 0 0 -1 0 0 0 0 0 2
1 0 0 0 0 0 0 0 1 | 0 1 -3 0 0 0 0 0 6
19 0 0 -1 0 0 0 0 12 | 0 1 -1 0 0 0 0 0 12
7 0 0 -1 0 0 0 0 6 | 0 3 -1 0 0 0 0 0 6
2 0 0 -1 0 0 0 0 6 | 0 3 -2 0 0 0 0 0 6
-1 0 0 -1 0 0 0 0 12 | 0 1 -5 0 0 0 0 0 12
1 0 0 0 0 0 0 0 3 | 0 -1 -1 0 0 0 0 0 3
7 0 0 0 0 0 0 0 6 | 0 -2 -1 0 0 0 0 0 6
9 0 0 -1 0 0 0 0 12 | 0 13 -3 0 0 0 0 0 12
-3 0 0 -1 0 0 0 0 12 | 0 13 -3 0 0 0 0 0 12
3 0 0 -1 0 0 0 0 6 | 0 1 -1 0 0 0 0 0 2
1 0 0 0 0 0 0 0 2 | 0 4 -3 0 0 0 0 0 6
13 0 0 -1 0 0 0 0 12 | 0 7 -1 0 0 0 0 0 12
4 0 0 -1 0 0 0 0 6 | 0 6 -1 0 0 0 0 0 6
-1 0 0 -1 0 0 0 0 6 | 0 3 -1 0 0 0 0 0 3
-7 0 0 -1 0 0 0 0 12 | 0 7 -5 0 0 0 0 0 12
-15 0 0 -1 0 0 0 0 12 | 0 13 -3 0 0 0 0 0 12
-21 0 0 -1 0 0 0 0 12 | 0 7 -3 0 0 0 0 0 12
-9 0 0 1 0 0 0 0 12 | 0 3 -1 0 0 0 0 0 4
-1 0 0 0 0 0 0 0 1 | 0 2 0 0 0 0 0 0 3
-3 0 0 -1 0 0 0 0 4 | 0 5 -3 0 0 0 0 0 12
-3 0 0 -1 0 0 0 0 6 | 0 1 -1 0 0 0 0 0 2
-1 0 0 0 0 0 0 0 2 | 0 4 -3 0 0 0 0 0 6
-2 0 0 -1 0 0 0 0 6 | 0 6 -1 0 0 0 0 0 6
-7 0 0 -1 0 0 0 0 6 | 0 3 -1 0 0 0 0 0 3
-19 0 0 -1 0 0 0 0 12 | 0 7 -5 0 0 0 0 0 12
-7 0 0 0 0 0 0 0 6 | 0 1 -2 0 0 0 0 0 6
-3 0 0 0 0 0 0 0 2 | 0 1 0 0 0 0 0 0 6
-9 0 0 -1 0 0 0 0 6 | 0 0 0 0 0 0 0 0 1
-6 0 0 -1 0 0 0 0 6 | 0 0 -1 0 0 0 0 0 2
-1 0 0 0 0 0 0 0 1 | 0 1 -3 0 0 0 0 0 6
-5 0 0 -1 0 0 0 0 6 | 0 3 -1 0 0 0 0 0 6
-10 0 0 -1 0 0 0 0 6 | 0 3 -2 0 0 0 0 0 6
-5 0 0 0 0 0 0 0 3 | 0 -1 -1 0 0 0 0 0 3
-1 0 0 0 0 0 0 0 2 | 0 -2 -3 0 0 0 0 0 6
-7 0 0 -1 0 0 0 0 6 | 0 0 -1 0 0 0 0 0 3
-1 0 0 0 0 0 0 0 3 | 0 -5 -1 0 0 0 0 0 6
1 0 0 -1 0 0 0 0 4 | 0 -7 -3 0 0 0 0 0 12
3 0 0 -1 0 0 0 0 6 | 0 -1 -1 0 0 0 0 0 2
13 0 0 -1 0 0 0 0 12 | 0 -5 -1 0 0 0 0 0 12
4 0 0 -1 0 0 0 0 6 | 0 0 -1 0 0 0 0 0 6
-1 0 0 -1 0 0 0 0 6 | 0 0 -1 0 0 0 0 0 3
-7 0 0 -1 0 0 0 0 12 | 0 -5 -5 0 0 0 0 0 12
-1 0 0 0 0 0 0 0 6 | 0 -5 -2 0 0 0 0 0 6
2 0 0 0 0 0 0 0 3 | 0 -5 -1 0 0 0 0 0 6
0 0 0 1 0 0 0 0 6 | 0 2 -3 0 0 0 0 0 6
1 0 0 0 0 0 0 0 6 | 0 4 -1 0 0 0 0 0 6
-2 0 0 0 0 0 0 0 3 | 0 2 -1 0 0 0 0 0 3
-13 0 0 1 0 0 0 0 12 | 0 3 -5 0 0 0 0 0 12
-4 0 0 1 0 0 0 0 6 | 0 -1 -2 0 0 0 0 0 6
-11 0 0 -1 0 0 0 0 12 | 0 7 -1 0 0 0 0 0 12
-4 0 0 0 0 0 0 0 3 | 0 1 -1 0 0 0 0 0 6
-1 0 0 -3 0 0 0 0 12 | 0 5 1 0 0 0 0 0 12
-11 0 0 -3 0 0 0 0 12 | 0 5 -1 0 0 0 0 0 12
-8 0 0 -1 0 0 0 0 6 | 0 0 -1 0 0 0 0 0 6
-11 0 0 -1 0 0 0 0 12 | 0 -5 -1 0 0 0 0 0 12
7 0 0 -3 0 0 0 0 12 | 0 -1 -1 0 0 0 0 0 12
1 0 0 -2 0 0 0 0 6 | 0 2 -1 0 0 0 0 0 6
-2 0 0 -1 0 0 0 0 3 | 0 1 -1 0 0 0 0 0 3
-4 0 0 -1 0 0 0 0 6 | 0 -3 -2 0 0 0 0 0 6
1 0 0 -1 0 0 0 0 6 | 0 -3 -1 0 0 0 0 0 6
3 0 0 -1 0 0 0 0 12 | 0 1 -9 0 0 0 0 0 12
5 0 0 -3 0 0 0 0 12 | 0 5 -5 0 0 0 0 0 12
-5 0 0 -3 0 0 0 0 12 | 0 5 -7 0 0 0 0 0 12
3 0 0 1 0 0 0 0 12 | 0 1 -3 0 0 0 0 0 4
5 0 0 0 0 0 0 0 6 | 0 1 -2 0 0 0 0 0 6
5 0 0 -1 0 0 0 0 12 | 0 7 -5 0 0 0 0 0 12
-5 0 0 -1 0 0 0 0 12 | 0 7 -7 0 0 0 0 0 12
-5 0 0 0 0 0 0 0 6 | 0 1 -4 0 0 0 0 0 6
-5 0 0 1 0 0 0 0 12 | 0 -3 -7 0 0 0 0 0 12
5 0 0 1 0 0 0 0 12 | 0 -3 -5 0 0 0 0 0 12
17 0 0 -1 0 0 0 0 12 | 0 1 1 0 0 0 0 0 12
7 0 0 -3 0 0 0 0 12 | 0 11 -1 0 0 0 0 0 12
-1 0 0 -1 0 0 0 0 4 | 0 11 -3 0 0 0 0 0 12
-13 0 0 -3 0 0 0 0 12 | 0 11 -5 0 0 0 0 0 12
-9 0 0 -1 0 0 0 0 6 | 0 1 -1 0 0 0 0 0 2
7 0 0 1 0 0 0 0 12 | 0 -9 -1 0 0 0 0 0 12
-6 0 0 1 0 0 0 0 6 | 0 2 -3 0 0 0 0 0 6
-9 0 0 1 0 0 0 0 6 | 0 -1 -3 0 0 0 0 0 6
-3 0 0 2 0 0 0 0 6 | 0 0 -1 0 0 0 0 0 2
2 0 0 1 0 0 0 0 6 | 0 -1 -2 0 0 0 0 0 6
-1 0 0 1 0 0 0 0 12 | 0 3 -5 0 0 0 0 0 12
-11 0 0 1 0 0 0 0 12 | 0 3 -7 0 0 0 0 0 12
-8 0 0 1 0 0 0 0 6 | 0 -1 -4 0 0 0 0 0 6
1 0 0 0 0 0 0 0 1 | 0 -1 -3 0 0 0 0 0 6
6 0 0 1 0 0 0 0 6 | 0 0 -1 0 0 0 0 0 2
19 0 0 1 0 0 0 0 12 | 0 -1 -1 0 0 0 0 0 12
7 0 0 0 0 0 0 0 6 | 0 2 -1 0 0 0 0 0 6
1 0 0 0 0 0 0 0 3 | 0 1 -1 0 0 0 0 0 3
-1 0 0 1 0 0 0 0 12 | 0 -1 -5 0 0 0 0 0 12
2 0 0 1 0 0 0 0 6 | 0 -3 -2 0 0 0 0 0 6
7 0 0 1 0 0 0 0 6 | 0 -3 -1 0 0 0 0 0 6
1 0 0 1 0 0 0 0 4 | 0 7 -3 0 0 0 0 0 12
3 0 0 1 0 0 0 0 6 | 0 1 -1 0 0 0 0 0 2
13 0 0 1 0 0 0 0 12 | 0 5 -1 0 0 0 0 0 12
2 0 0 0 0 0 0 0 3 | 0 5 -1 0 0 0 0 0 6
-1 0 0 0 0 0 0 0 6 | 0 5 -2 0 0 0 0 0 6
-7 0 0 1 0 0 0 0 12 | 0 5 -5 0 0 0 0 0 12
-1 0 0 1 0 0 0 0 6 | 0 0 -1 0 0 0 0 0 3
4 0 0 1 0 0 0 0 6 | 0 0 -1 0 0 0 0 0 6
-15 0 0 1 0 0 0 0 12 | 0 11 -3 0 0 0 0 0 12
-21 0 0 1 0 0 0 0 12 | 0 5 -3 0 0 0 0 0 12
-3 0 0 1 0 0 0 0 4 | 0 7 -3 0 0 0 0 0 12
-3 0 0 1 0 0 0 0 6 | 0 1 -1 0 0 0 0 0 2
-1 0 0 0 0 0 0 0 3 | 0 5 -1 0 0 0 0 0 6
-7 0 0 0 0 0 0 0 6 | 0 5 -2 0 0 0 0 0 6
-19 0 0 1 0 0 0 0 12 | 0 5 -5 0 0 0 0 0 12
-7 0 0 1 0 0 0 0 6 | 0 0 -1 0 0 0 0 0 3
-27 0 0 1 0 0 0 0 12 | 0 -1 -3 0 0 0 0 0 12
-21 0 0 1 0 0 0 0 12 | 0 -7 -3 0 0 0 0 0 12
-5 0 0 1 0 0 0 0 4 | 0 1 -3 0 0 0 0 0 12
-9 0 0 1 0 0 0 0 6 | 0 0 0 0 0 0 0 0 1
-3 0 0 0 0 0 0 0 2 | 0 -1 0 0 0 0 0 0 6
-1 0 0 0 0 0 0 0 1 | 0 -1 -3 0 0 0 0 0 6
-6 0 0 1 0 0 0 0 6 | 0 0 -1 0 0 0 0 0 2
-5 0 0 0 0 0 0 0 3 | 0 1 -1 0 0 0 0 0 3
-25 0 0 1 0 0 0 0 12 | 0 -1 -5 0 0 0 0 0 12
-10 0 0 1 0 0 0 0 6 | 0 -3 -2 0 0 0 0 0 6
-5 0 0 1 0 0 0 0 6 | 0 -3 -1 0 0 0 0 0 6
-3 0 0 1 0 0 0 0 4 | 0 -5 -3 0 0 0 0 0 12
-1 0 0 0 0 0 0 0 1 | 0 -2 0 0 0 0 0 0 3
-9 0 0 -1 0 0 0 0 12 | 0 -3 -1 0 0 0 0 0 4
-3 0 0 1 0 0 0 0 6 | 0 -1 -1 0 0 0 0 0 2
-7 0 0 0 0 0 0 0 6 | 0 -1 -2 0 0 0 0 0 6
-19 0 0 1 0 0 0 0 12 | 0 -7 -5 0 0 0 0 0 12
-2 0 0 1 0 0 0 0 6 | 0 -6 -1 0 0 0 0 0 6
13 0 0 1 0 0 0 0 12 | 0 -7 -1 0 0 0 0 0 12
-7 0 0 1 0 0 0 0 12 | 0 -7 -5 0 0 0 0 0 12
-3 0 0 5 0 0 0 0 12 | 0 1 -1 0 0 0 0 0 4
0 0 0 1 0 0 0 0 3 | 0 1 -3 0 0 0 0 0 6
7 0 0 3 0 0 0 0 12 | 0 1 -1 0 0 0 0 0 12
1 0 0 1 0 0 0 0 6 | 0 3 -1 0 0 0 0 0 6
-4 0 0 1 0 0 0 0 6 | 0 3 -2 0 0 0 0 0 6
-13 0 0 3 0 0 0 0 12 | 0 1 -5 0 0 0 0 0 12
-2 0 0 1 0 0 0 0 3 | 0 -1 -1 0 0 0 0 0 3
1 0 0 2 0 0 0 0 6 | 0 -2 -1 0 0 0 0 0 6
-11 0 0 1 0 0 0 0 12 | 0 5 -1 0 0 0 0 0 12
-8 0 0 1 0 0 0 0 6 | 0 0 -1 0 0 0 0 0 6
-11 0 0 3 0 0 0 0 12 | 0 -5 -1 0 0 0 0 0 12
-1 0 0 3 0 0 0 0 12 | 0 -5 1 0 0 0 0 0 12
-4 0 0 0 0 0 0 0 3 | 0 -1 -1 0 0 0 0 0 6
-11 0 0 1 0 0 0 0 12 | 0 -7 -1 0 0 0 0 0 12
-4 0 0 -1 0 0 0 0 6 | 0 1 -2 0 0 0 0 0 6
-13 0 0 -1 0 0 0 0 12 | 0 -3 -5 0 0 0 0 0 12
-2 0 0 0 0 0 0 0 3 | 0 -2 -1 0 0 0 0 0 3
1 0 0 0 0 0 0 0 6 | 0 -4 -1 0 0 0 0 0 6
5 0 0 0 0 0 0 0 6 | 0 -1 -2 0 0 0 0 0 6
5 0 0 -1 0 0 0 0 12 | 0 3 -5 0 0 0 0 0 12
-5 0 0 -1 0 0 0 0 12 | 0 3 -7 0 0 0 0 0 12
-5 0 0 0 0 0 0 0 6 | 0 -1 -4 0 0 0 0 0 6
5 0 0 1 0 0 0 0 12 | 0 -7 -5 0 0 0 0 0 12
-5 0 0 1 0 0 0 0 12 | 0 5 -7 0 0 0 0 0 12
-5 0 0 1 0 0 0 0 6 | 0 0 -2 0 0 0 0 0 3
17 0 0 1 0 0 0 0 12 | 0 -1 1 0 0 0 0 0 12
7 0 0 -1 0 0 0 0 12 | 0 9 -1 0 0 0 0 0 12
-13 0 0 -1 0 0 0 0 12 | 0 9 -5 0 0 0 0 0 12
-3 0 0 0 0 0 0 0 2 | 0 2 -3 0 0 0 0 0 6
-23 0 0 1 0 0 0 0 12 | 0 -1 -7 0 0 0 0 0 12
-9 0 0 1 0 0 0 0 6 | 0 -1 -1 0 0 0 0 0 2
5 0 0 0 0 0 0 0 2 | 0 1 0 0 0 0 0 0 2
5 0 0 0 0 0 0 0 2 | 0 -1 0 0 0 0 0 0 2
21 0 0 1 0 0 0 0 12 | 0 1 3 0 0 0 0 0 12
21 0 0 -1 0 0 0 0 12 | 0 -1 3 0 0 0 0 0 12
12 0 0 -1 0 0 0 0 6 | 0 -1 0 0 0 0 0 0 6
27 0 0 -1 0 0 0 0 12 | 0 -1 -3 0 0 0 0 0 12
29 0 0 -1 0 0 0 0 12 | 0 5 1 0 0 0 0 0 12
19 0 0 -1 0 0 0 0 12 | 0 5 -1 0 0 0 0 0 12
7 0 0 0 0 0 0 0 6 | 0 0 -1 0 0 0 0 0 6
19 0 0 1 0 0 0 0 12 | 0 -5 -1 0 0 0 0 0 12
2 0 0 0 0 0 0 0 1 | 0 1 0 0 0 0 0 0 1
15 0 0 1 0 0 0 0 12 | 0 7 3 0 0 0 0 0 12
9 0 0 -1 0 0 0 0 6 | 0 1 0 0 0 0 0 0 3
21 0 0 -1 0 0 0 0 12 | 0 5 -3 0 0 0 0 0 12
21 0 0 1 0 0 0 0 12 | 0 7 -3 0 0 0 0 0 12
23 0 0 -1 0 0 0 0 12 | 0 11 1 0 0 0 0 0 12
13 0 0 -1 0 0 0 0 12 | 0 11 -1 0 0 0 0 0 12
23 0 0 1 0 0 0 0 12 | 0 1 1 0 0 0 0 0 12
2 0 0 0 0 0 0 0 1 | 0 -1 0 0 0 0 0 0 1
9 0 0 1 0 0 0 0 6 | 0 -1 0 0 0 0 0 0 3
15 0 0 -1 0 0 0 0 12 | 0 -7 3 0 0 0 0 0 12
9 0 0 -1 0 0 0 0 6 | 0 -2 0 0 0 0 0 0 3
21 0 0 -1 0 0 0 0 12 | 0 -7 -3 0 0 0 0 0 12
7 0 0 0 0 0 0 0 3 | 0 -3 1 0 0 0 0 0 6
23 0 0 -1 0 0 0 0 12 | 0 -1 1 0 0 0 0 0 12
13 0 0 1 0 0 0 0 12 | 0 -11 -1 0 0 0 0 0 12
17 0 0 1 0 0 0 0 12 | 0 7 1 0 0 0 0 0 12
7 0 0 1 0 0 0 0 12 | 0 7 -1 0 0 0 0 0 12
19 0 0 1 0 0 0 0 12 | 0 1 5 0 0 0 0 0 12
7 0 0 0 0 0 0 0 6 | 0 3 2 0 0 0 0 0 6
2 0 0 1 0 0 0 0 6 | 0 -2 1 0 0 0 0 0 6
7 0 0 1 0 0 0 0 6 | 0 -1 1 0 0 0 0 0 3
19 0 0 -1 0 0 0 0 12 | 0 -1 5 0 0 0 0 0 12
7 0 0 -1 0 0 0 0 6 | 0 1 1 0 0 0 0 0 3
2 0 0 -1 0 0 0 0 6 | 0 2 1 0 0 0 0 0 6
7 0 0 0 0 0 0 0 6 | 0 -3 2 0 0 0 0 0 6
3 0 0 -1 0 0 0 0 3 | 0 -1 0 0 0 0 0 0 3
11 0 0 -1 0 0 0 0 6 | 0 -1 1 0 0 0 0 0 6
17 0 0 -3 0 0 0 0 12 | 0 3 1 0 0 0 0 0 12
7 0 0 -1 0 0 0 0 12 | 0 -7 -1 0 0 0 0 0 12
17 0 0 -1 0 0 0 0 12 | 0 -7 1 0 0 0 0 0 12
9 0 0 -1 0 0 0 0 6 | 0 -1 -3 0 0 0 0 0 6
3 0 0 0 0 0 0 0 2 | 0 0 -1 0 0 0 0 0 2
25 0 0 -1 0 0 0 0 12 | 0 -1 -1 0 0 0 0 0 12
10 0 0 -1 0 0 0 0 6 | 0 2 -1 0 0 0 0 0 6
5 0 0 -1 0 0 0 0 6 | 0 1 -1 0 0 0 0 0 3
5 0 0 -1 0 0 0 0 12 | 0 -1 -5 0 0 0 0 0 12
5 0 0 0 0 0 0 0 6 | 0 -3 -2 0 0 0 0 0 6
5 0 0 0 0 0 0 0 3 | 0 -3 -1 0 0 0 0 0 6
25 0 0 1 0 0 0 0 12 | 0 1 -1 0 0 0 0 0 12
5 0 0 0 0 0 0 0 3 | 0 3 -1 0 0 0 0 0 6
5 0 0 0 0 0 0 0 6 | 0 3 -2 0 0 0 0 0 6
5 0 0 1 0 0 0 0 12 | 0 1 -5 0 0 0 0 0 12
5 0 0 1 0 0 0 0 6 | 0 -1 -1 0 0 0 0 0 3
27 0 0 -1 0 0 0 0 12 | 0 5 3 0 0 0 0 0 12
11 0 0 -1 0 0 0 0 6 | 0 5 1 0 0 0 0 0 6
6 0 0 -1 0 0 0 0 6 | 0 5 0 0 0 0 0 0 6
1 0 0 -1 0 0 0 0 6 | 0 5 -1 0 0 0 0 0 6
-2 0 0 0 0 0 0 0 3 | 0 0 -1 0 0 0 0 0 3
1 0 0 1 0 0 0 0 6 | 0 -5 -1 0 0 0 0 0 6
6 0 0 1 0 0 0 0 6 | 0 -5 0 0 0 0 0 0 6
1 0 0 0 0 0 0 0 2 | 0 3 0 0 0 0 0 0 2
9 0 0 -1 0 0 0 0 12 | 0 11 3 0 0 0 0 0 12
15 0 0 -1 0 0 0 0 12 | 0 11 -3 0 0 0 0 0 12
15 0 0 1 0 0 0 0 12 | 0 13 -3 0 0 0 0 0 12
7 0 0 -1 0 0 0 0 12 | 0 17 -1 0 0 0 0 0 12
1 0 0 0 0 0 0 0 6 | 0 6 -1 0 0 0 0 0 6
-1 0 0 0 0 0 0 0 2 | 0 3 0 0 0 0 0 0 2
0 0 0 1 0 0 0 0 6 | 0 7 0 0 0 0 0 0 6
-3 0 0 -1 0 0 0 0 12 | 0 11 3 0 0 0 0 0 12
3 0 0 -1 0 0 0 0 12 | 0 11 -3 0 0 0 0 0 12
3 0 0 1 0 0 0 0 12 | 0 13 -3 0 0 0 0 0 12
5 0 0 0 0 0 0 0 6 | 0 6 1 0 0 0 0 0 6
-5 0 0 -1 0 0 0 0 12 | 0 17 -1 0 0 0 0 0 12
-5 0 0 0 0 0 0 0 6 | 0 6 -1 0 0 0 0 0 6
3 0 0 1 0 0 0 0 4 | 0 3 -1 0 0 0 0 0 4
11 0 0 1 0 0 0 0 12 | 0 13 1 0 0 0 0 0 12
1 0 0 1 0 0 0 0 12 | 0 13 -1 0 0 0 0 0 12
-2 0 0 1 0 0 0 0 6 | 0 4 -1 0 0 0 0 0 6
1 0 0 3 0 0 0 0 12 | 0 3 -1 0 0 0 0 0 12
11 0 0 3 0 0 0 0 12 | 0 3 1 0 0 0 0 0 12
-1 0 0 0 0 0 0 0 6 | 0 6 1 0 0 0 0 0 6
-7 0 0 1 0 0 0 0 12 | 0 7 1 0 0 0 0 0 12
13 0 0 -1 0 0 0 0 12 | 0 5 5 0 0 0 0 0 12
4 0 0 -1 0 0 0 0 6 | 0 5 2 0 0 0 0 0 6
-1 0 0 -1 0 0 0 0 6 | 0 5 1 0 0 0 0 0 6
2 0 0 0 0 0 0 0 3 | 0 0 1 0 0 0 0 0 3
8 0 0 -1 0 0 0 0 6 | 0 2 1 0 0 0 0 0 6
11 0 0 -3 0 0 0 0 12 | 0 9 1 0 0 0 0 0 12
1 0 0 -3 0 0 0 0 12 | 0 9 -1 0 0 0 0 0 12
-2 0 0 -1 0 0 0 0 6 | 0 2 -1 0 0 0 0 0 6
6 0 0 -1 0 0 0 0 6 | 0 2 -3 0 0 0 0 0 6
7 0 0 -1 0 0 0 0 6 | 0 5 -1 0 0 0 0 0 6
2 0 0 -1 0 0 0 0 6 | 0 5 -2 0 0 0 0 0 6
6 0 0 1 0 0 0 0 6 | 0 4 -3 0 0 0 0 0 6
19 0 0 1 0 0 0 0 12 | 0 7 -1 0 0 0 0 0 12
7 0 0 0 0 0 0 0 6 | 0 6 -1 0 0 0 0 0 6
1 0 0 0 0 0 0 0 3 | 0 3 -1 0 0 0 0 0 3
-1 0 0 1 0 0 0 0 12 | 0 7 -5 0 0 0 0 0 12
2 0 0 1 0 0 0 0 6 | 0 1 -2 0 0 0 0 0 6
7 0 0 1 0 0 0 0 6 | 0 1 -1 0 0 0 0 0 6
3 0 0 -1 0 0 0 0 6 | 0 4 0 0 0 0 0 0 3
-2 0 0 -1 0 0 0 0 6 | 0 8 -1 0 0 0 0 0 6
-9 0 0 -1 0 0 0 0 12 | 0 11 -3 0 0 0 0 0 12
-7 0 0 0 0 0 0 0 6 | 0 3 -2 0 0 0 0 0 6
-2 0 0 1 0 0 0 0 6 | 0 -2 -1 0 0 0 0 0 6
8 0 0 1 0 0 0 0 6 | 0 -2 1 0 0 0 0 0 6
-2 0 0 0 0 0 0 0 1 | 0 1 0 0 0 0 0 0 1
-6 0 0 1 0 0 0 0 6 | 0 7 0 0 0 0 0 0 6
-6 0 0 -1 0 0 0 0 6 | 0 5 0 0 0 0 0 0 6
-9 0 0 1 0 0 0 0 12 | 0 13 -3 0 0 0 0 0 12
-11 0 0 0 0 0 0 0 6 | 0 6 -1 0 0 0 0 0 6
-17 0 0 1 0 0 0 0 12 | 0 7 -1 0 0 0 0 0 12
-5 0 0 0 0 0 0 0 2 | 0 1 0 0 0 0 0 0 2
-9 0 0 1 0 0 0 0 6 | 0 2 0 0 0 0 0 0 3
-21 0 0 1 0 0 0 0 12 | 0 7 3 0 0 0 0 0 12
-9 0 0 -1 0 0 0 0 6 | 0 1 0 0 0 0 0 0 3
-15 0 0 1 0 0 0 0 12 | 0 7 -3 0 0 0 0 0 12
-13 0 0 -1 0 0 0 0 12 | 0 11 1 0 0 0 0 0 12
-7 0 0 0 0 0 0 0 3 | 0 3 -1 0 0 0 0 0 6
-23 0 0 1 0 0 0 0 12 | 0 1 -1 0 0 0 0 0 12
-3 0 0 2 0 0 0 0 6 | 0 5 0 0 0 0 0 0 6
-3 0 0 1 0 0 0 0 4 | 0 3 1 0 0 0 0 0 4
2 0 0 1 0 0 0 0 6 | 0 4 1 0 0 0 0 0 6
-1 0 0 1 0 0 0 0 12 | 0 13 1 0 0 0 0 0 12
-11 0 0 1 0 0 0 0 12 | 0 13 -1 0 0 0 0 0 12
-8 0 0 1 0 0 0 0 6 | 0 4 -1 0 0 0 0 0 6
-11 0 0 3 0 0 0 0 12 | 0 3 -1 0 0 0 0 0 12
-1 0 0 3 0 0 0 0 12 | 0 3 1 0 0 0 0 0 12
1 0 0 1 0 0 0 0 12 | 0 7 5 0 0 0 0 0 12
-7 0 0 0 0 0 0 0 6 | 0 6 1 0 0 0 0 0 6
-19 0 0 1 0 0 0 0 12 | 0 7 1 0 0 0 0 0 12
-7 0 0 1 0 0 0 0 6 | 0 1 1 0 0 0 0 0 6
-2 0 0 1 0 0 0 0 6 | 0 1 2 0 0 0 0 0 6
-19 0 0 -1 0 0 0 0 12 | 0 5 1 0 0 0 0 0 12
-7 0 0 0 0 0 0 0 6 | 0 0 1 0 0 0 0 0 6
-1 0 0 -3 0 0 0 0 12 | 0 9 1 0 0 0 0 0 12
-11 0 0 -3 0 0 0 0 12 | 0 9 -1 0 0 0 0 0 12
-8 0 0 -1 0 0 0 0 6 | 0 2 -1 0 0 0 0 0 6
-4 0 0 -1 0 0 0 0 6 | 0 5 -2 0 0 0 0 0 6
-13 0 0 -1 0 0 0 0 12 | 0 5 -5 0 0 0 0 0 12
0 0 0 1 0 0 0 0 6 | 0 4 -3 0 0 0 0 0 6
-2 0 0 0 0 0 0 0 3 | 0 3 -1 0 0 0 0 0 3
-13 0 0 1 0 0 0 0 12 | 0 7 -5 0 0 0 0 0 12
-21 0 0 -1 0 0 0 0 12 | 0 11 -3 0 0 0 0 0 12
-13 0 0 0 0 0 0 0 6 | 0 3 -2 0 0 0 0 0 6
-21 0 0 1 0 0 0 0 12 | 0 1 -3 0 0 0 0 0 12
-8 0 0 1 0 0 0 0 6 | 0 -2 -1 0 0 0 0 0 6
-5 0 0 0 0 0 0 0 2 | 0 -1 0 0 0 0 0 0 2
-12 0 0 1 0 0 0 0 6 | 0 1 0 0 0 0 0 0 6
-27 0 0 1 0 0 0 0 12 | 0 1 3 0 0 0 0 0 12
-21 0 0 -1 0 0 0 0 12 | 0 -1 -3 0 0 0 0 0 12
-29 0 0 1 0 0 0 0 12 | 0 -5 -1 0 0 0 0 0 12
-19 0 0 1 0 0 0 0 12 | 0 -5 1 0 0 0 0 0 12
-2 0 0 0 0 0 0 0 1 | 0 -1 0 0 0 0 0 0 1
-9 0 0 1 0 0 0 0 6 | 0 -1 0 0 0 0 0 0 3
-21 0 0 1 0 0 0 0 12 | 0 -5 3 0 0 0 0 0 12
-21 0 0 -1 0 0 0 0 12 | 0 -7 3 0 0 0 0 0 12
-15 0 0 -1 0 0 0 0 12 | 0 -7 -3 0 0 0 0 0 12
-23 0 0 -1 0 0 0 0 12 | 0 -1 -1 0 0 0 0 0 12
-23 0 0 1 0 0 0 0 12 | 0 -11 -1 0 0 0 0 0 12
-13 0 0 1 0 0 0 0 12 | 0 -11 1 0 0 0 0 0 12
-3 0 0 1 0 0 0 0 3 | 0 1 0 0 0 0 0 0 3
-11 0 0 1 0 0 0 0 6 | 0 1 -1 0 0 0 0 0 6
-17 0 0 3 0 0 0 0 12 | 0 -3 -1 0 0 0 0 0 12
-9 0 0 1 0 0 0 0 6 | 0 1 3 0 0 0 0 0 6
-3 0 0 0 0 0 0 0 2 | 0 0 1 0 0 0 0 0 2
-5 0 0 1 0 0 0 0 12 | 0 1 5 0 0 0 0 0 12
-5 0 0 0 0 0 0 0 6 | 0 3 2 0 0 0 0 0 6
-5 0 0 0 0 0 0 0 3 | 0 3 1 0 0 0 0 0 6
-25 0 0 1 0 0 0 0 12 | 0 1 1 0 0 0 0 0 12
-10 0 0 1 0 0 0 0 6 | 0 -2 1 0 0 0 0 0 6
-5 0 0 1 0 0 0 0 6 | 0 -1 1 0 0 0 0 0 3
-5 0 0 -1 0 0 0 0 12 | 0 -1 5 0 0 0 0 0 12
-5 0 0 -1 0 0 0 0 6 | 0 1 1 0 0 0 0 0 3
-25 0 0 -1 0 0 0 0 12 | 0 -1 1 0 0 0 0 0 12
-5 0 0 0 0 0 0 0 3 | 0 -3 1 0 0 0 0 0 6
-5 0 0 0 0 0 0 0 6 | 0 -3 2 0 0 0 0 0 6
-17 0 0 -1 0 0 0 0 12 | 0 -7 -1 0 0 0 0 0 12
-7 0 0 -1 0 0 0 0 12 | 0 -7 1 0 0 0 0 0 12
-7 0 0 -1 0 0 0 0 6 | 0 1 -1 0 0 0 0 0 3
-19 0 0 -1 0 0 0 0 12 | 0 -1 -5 0 0 0 0 0 12
-7 0 0 0 0 0 0 0 6 | 0 -3 -2 0 0 0 0 0 6
-19 0 0 1 0 0 0 0 12 | 0 1 -5 0 0 0 0 0 12
-7 0 0 1 0 0 0 0 6 | 0 -1 -1 0 0 0 0 0 3
-27 0 0 1 0 0 0 0 12 | 0 -5 -3 0 0 0 0 0 12
-11 0 0 1 0 0 0 0 6 | 0 -5 -1 0 0 0 0 0 6
-6 0 0 1 0 0 0 0 6 | 0 -5 0 0 0 0 0 0 6
-1 0 0 1 0 0 0 0 6 | 0 -5 1 0 0 0 0 0 6
-1 0 0 0 0 0 0 0 2 | 0 -3 0 0 0 0 0 0 2
-15 0 0 1 0 0 0 0 12 | 0 -11 3 0 0 0 0 0 12
-15 0 0 -1 0 0 0 0 12 | 0 -13 3 0 0 0 0 0 12
-9 0 0 1 0 0 0 0 12 | 0 -11 -3 0 0 0 0 0 12
-1 0 0 0 0 0 0 0 6 | 0 -6 1 0 0 0 0 0 6
-7 0 0 1 0 0 0 0 12 | 0 -17 1 0 0 0 0 0 12
1 0 0 0 0 0 0 0 2 | 0 -3 0 0 0 0 0 0 2
-3 0 0 1 0 0 0 0 12 | 0 -11 3 0 0 0 0 0 12
-3 0 0 -1 0 0 0 0 12 | 0 -13 3 0 0 0 0 0 12
0 0 0 -1 0 0 0 0 6 | 0 -7 0 0 0 0 0 0 6
3 0 0 1 0 0 0 0 12 | 0 -11 -3 0 0 0 0 0 12
5 0 0 0 0 0 0 0 6 | 0 -6 1 0 0 0 0 0 6
-5 0 0 0 0 0 0 0 6 | 0 -6 -1 0 0 0 0 0 6
5 0 0 1 0 0 0 0 12 | 0 -17 1 0 0 0 0 0 12
-11 0 0 3 0 0 0 0 12 | 0 -9 -1 0 0 0 0 0 12
-1 0 0 3 0 0 0 0 12 | 0 -9 1 0 0 0 0 0 12
-6 0 0 1 0 0 0 0 6 | 0 -2 3 0 0 0 0 0 6
-7 0 0 1 0 0 0 0 6 | 0 -5 1 0 0 0 0 0 6
-2 0 0 1 0 0 0 0 6 | 0 -5 2 0 0 0 0 0 6
-6 0 0 -1 0 0 0 0 6 | 0 -4 3 0 0 0 0 0 6
-3 0 0 -1 0 0 0 0 4 | 0 -3 1 0 0 0 0 0 4
1 0 0 -1 0 0 0 0 12 | 0 -7 5 0 0 0 0 0 12
-2 0 0 -1 0 0 0 0 6 | 0 -1 2 0 0 0 0 0 6
-7 0 0 -1 0 0 0 0 6 | 0 -1 1 0 0 0 0 0 6
-19 0 0 -1 0 0 0 0 12 | 0 -7 1 0 0 0 0 0 12
-7 0 0 0 0 0 0 0 6 | 0 -6 1 0 0 0 0 0 6
-1 0 0 0 0 0 0 0 3 | 0 -3 1 0 0 0 0 0 3
2 0 0 -1 0 0 0 0 6 | 0 -4 1 0 0 0 0 0 6
-1 0 0 -3 0 0 0 0 12 | 0 -3 1 0 0 0 0 0 12
-11 0 0 -3 0 0 0 0 12 | 0 -3 -1 0 0 0 0 0 12
-11 0 0 -1 0 0 0 0 12 | 0 -13 -1 0 0 0 0 0 12
-1 0 0 -1 0 0 0 0 12 | 0 -13 1 0 0 0 0 0 12
1 0 0 0 0 0 0 0 6 | 0 -6 -1 0 0 0 0 0 6
-13 0 0 1 0 0 0 0 12 | 0 -5 -5 0 0 0 0 0 12
-4 0 0 1 0 0 0 0 6 | 0 -5 -2 0 0 0 0 0 6
9 0 0 1 0 0 0 0 12 | 0 -11 3 0 0 0 0 0 12
-3 0 0 1 0 0 0 0 6 | 0 -4 0 0 0 0 0 0 3
2 0 0 1 0 0 0 0 6 | 0 -8 1 0 0 0 0 0 6
9 0 0 -1 0 0 0 0 12 | 0 -13 3 0 0 0 0 0 12
6 0 0 -1 0 0 0 0 6 | 0 -7 0 0 0 0 0 0 6
11 0 0 0 0 0 0 0 6 | 0 -6 1 0 0 0 0 0 6
1 0 0 3 0 0 0 0 12 | 0 -9 -1 0 0 0 0 0 12
11 0 0 3 0 0 0 0 12 | 0 -9 1 0 0 0 0 0 12
13 0 0 1 0 0 0 0 12 | 0 -5 5 0 0 0 0 0 12
4 0 0 1 0 0 0 0 6 | 0 -5 2 0 0 0 0 0 6
0 0 0 -1 0 0 0 0 6 | 0 -4 3 0 0 0 0 0 6
13 0 0 -1 0 0 0 0 12 | 0 -7 5 0 0 0 0 0 12
2 0 0 0 0 0 0 0 3 | 0 -3 1 0 0 0 0 0 3
3 0 0 -2 0 0 0 0 6 | 0 -5 0 0 0 0 0 0 6
3 0 0 -1 0 0 0 0 4 | 0 -3 -1 0 0 0 0 0 4
8 0 0 -1 0 0 0 0 6 | 0 -4 1 0 0 0 0 0 6
11 0 0 -3 0 0 0 0 12 | 0 -3 1 0 0 0 0 0 12
1 0 0 -3 0 0 0 0 12 | 0 -3 -1 0 0 0 0 0 12
-2 0 0 -1 0 0 0 0 6 | 0 -4 -1 0 0 0 0 0 6
1 0 0 -1 0 0 0 0 12 | 0 -13 -1 0 0 0 0 0 12
11 0 0 -1 0 0 0 0 12 | 0 -13 1 0 0 0 0 0 12
19 0 0 -1 0 0 0 0 12 | 0 -7 -1 0 0 0 0 0 12
7 0 0 -1 0 0 0 0 6 | 0 -1 -1 0 0 0 0 0 6
2 0 0 -1 0 0 0 0 6 | 0 -1 -2 0 0 0 0 0 6
-1 0 0 -1 0 0 0 0 12 | 0 -7 -5 0 0 0 0 0 12
7 0 0 0 0 0 0 0 6 | 0 -6 -1 0 0 0 0 0 6
13 0 0 0 0 0 0 0 6 | 0 -3 2 0 0 0 0 0 6
21 0 0 1 0 0 0 0 12 | 0 -11 3 0 0 0 0 0 12
-3 0 0 5 0 0 0 0 12 | 0 5 3 0 0 0 0 0 12
3 0 0 5 0 0 0 0 12 | 0 5 -3 0 0 0 0 0 12
5 0 0 3 0 0 0 0 12 | 0 9 1 0 0 0 0 0 12
-5 0 0 3 0 0 0 0 12 | 0 9 -1 0 0 0 0 0 12
-5 0 0 2 0 0 0 0 6 | 0 2 -1 0 0 0 0 0 6
-5 0 0 5 0 0 0 0 12 | 0 -1 -1 0 0 0 0 0 12
-3 0 0 2 0 0 0 0 6 | 0 2 3 0 0 0 0 0 6
1 0 0 1 0 0 0 0 6 | 0 2 1 0 0 0 0 0 3
-4 0 0 1 0 0 0 0 6 | 0 4 1 0 0 0 0 0 6
-13 0 0 3 0 0 0 0 12 | 0 3 1 0 0 0 0 0 12
-2 0 0 1 0 0 0 0 3 | 0 -1 1 0 0 0 0 0 6
1 0 0 2 0 0 0 0 6 | 0 -1 2 0 0 0 0 0 6
3 0 0 2 0 0 0 0 6 | 0 2 -3 0 0 0 0 0 6
13 0 0 3 0 0 0 0 12 | 0 3 -1 0 0 0 0 0 12
4 0 0 1 0 0 0 0 6 | 0 4 -1 0 0 0 0 0 6
-1 0 0 1 0 0 0 0 6 | 0 2 -1 0 0 0 0 0 3
-7 0 0 3 0 0 0 0 12 | 0 3 -5 0 0 0 0 0 12
-1 0 0 2 0 0 0 0 6 | 0 -1 -2 0 0 0 0 0 6
-10 0 0 1 0 0 0 0 6 | 0 1 -2 0 0 0 0 0 6
-5 0 0 2 0 0 0 0 6 | 0 -4 -1 0 0 0 0 0 6
0 0 0 1 0 0 0 0 3 | 0 -2 0 0 0 0 0 0 3
-9 0 0 1 0 0 0 0 12 | 0 1 9 0 0 0 0 0 12
-11 0 0 1 0 0 0 0 12 | 0 7 5 0 0 0 0 0 12
-8 0 0 1 0 0 0 0 6 | 0 1 2 0 0 0 0 0 6
-11 0 0 3 0 0 0 0 12 | 0 -3 5 0 0 0 0 0 12
-1 0 0 3 0 0 0 0 12 | 0 -3 7 0 0 0 0 0 12
-9 0 0 -1 0 0 0 0 12 | 0 -1 9 0 0 0 0 0 12
1 0 0 0 0 0 0 0 3 | 0 0 2 0 0 0 0 0 3
-11 0 0 -1 0 0 0 0 12 | 0 5 5 0 0 0 0 0 12
-4 0 0 0 0 0 0 0 3 | 0 0 1 0 0 0 0 0 3
-11 0 0 1 0 0 0 0 12 | 0 -5 5 0 0 0 0 0 12
-1 0 0 1 0 0 0 0 12 | 0 -5 7 0 0 0 0 0 12
6 0 0 1 0 0 0 0 6 | 0 -2 3 0 0 0 0 0 6
-13 0 0 3 0 0 0 0 12 | 0 -9 1 0 0 0 0 0 12
7 0 0 3 0 0 0 0 12 | 0 -9 5 0 0 0 0 0 12
-3 0 0 -2 0 0 0 0 6 | 0 -2 3 0 0 0 0 0 6
2 0 0 -1 0 0 0 0 6 | 0 -1 4 0 0 0 0 0 6
-8 0 0 -1 0 0 0 0 6 | 0 -1 2 0 0 0 0 0 6
-11 0 0 -1 0 0 0 0 12 | 0 -7 5 0 0 0 0 0 12
-1 0 0 -1 0 0 0 0 12 | 0 -7 7 0 0 0 0 0 12
-3 0 0 -5 0 0 0 0 12 | 0 -5 3 0 0 0 0 0 12
7 0 0 -3 0 0 0 0 12 | 0 -3 5 0 0 0 0 0 12
1 0 0 -2 0 0 0 0 6 | 0 1 2 0 0 0 0 0 6
-13 0 0 -3 0 0 0 0 12 | 0 -3 1 0 0 0 0 0 12
-4 0 0 -1 0 0 0 0 6 | 0 -4 1 0 0 0 0 0 6
1 0 0 -1 0 0 0 0 6 | 0 -2 1 0 0 0 0 0 3
17 0 0 -1 0 0 0 0 12 | 0 -1 7 0 0 0 0 0 12
6 0 0 -1 0 0 0 0 6 | 0 2 3 0 0 0 0 0 6
7 0 0 1 0 0 0 0 12 | 0 -11 5 0 0 0 0 0 12
3 0 0 -5 0 0 0 0 12 | 0 -5 -3 0 0 0 0 0 12
5 0 0 -2 0 0 0 0 6 | 0 -2 1 0 0 0 0 0 6
5 0 0 -5 0 0 0 0 12 | 0 1 1 0 0 0 0 0 12
-5 0 0 -3 0 0 0 0 12 | 0 -9 -1 0 0 0 0 0 12
5 0 0 -3 0 0 0 0 12 | 0 -9 1 0 0 0 0 0 12
3 0 0 -2 0 0 0 0 6 | 0 -2 -3 0 0 0 0 0 6
13 0 0 -3 0 0 0 0 12 | 0 -3 -1 0 0 0 0 0 12
2 0 0 -1 0 0 0 0 3 | 0 1 -1 0 0 0 0 0 6
-1 0 0 -2 0 0 0 0 6 | 0 1 -2 0 0 0 0 0 6
-1 0 0 -1 0 0 0 0 6 | 0 -2 -1 0 0 0 0 0 3
4 0 0 -1 0 0 0 0 6 | 0 -4 -1 0 0 0 0 0 6
10 0 0 -1 0 0 0 0 6 | 0 -1 2 0 0 0 0 0 6
5 0 0 -2 0 0 0 0 6 | 0 4 1 0 0 0 0 0 6
0 0 0 -1 0 0 0 0 3 | 0 2 0 0 0 0 0 0 3
9 0 0 -1 0 0 0 0 12 | 0 -1 -9 0 0 0 0 0 12
8 0 0 -1 0 0 0 0 6 | 0 -1 -2 0 0 0 0 0 6
11 0 0 -3 0 0 0 0 12 | 0 3 -5 0 0 0 0 0 12
1 0 0 -3 0 0 0 0 12 | 0 3 -7 0 0 0 0 0 12
11 0 0 -1 0 0 0 0 12 | 0 -7 -5 0 0 0 0 0 12
9 0 0 1 0 0 0 0 12 | 0 1 -9 0 0 0 0 0 12
4 0 0 0 0 0 0 0 3 | 0 0 -1 0 0 0 0 0 3
11 0 0 -1 0 0 0 0 12 | 0 5 -5 0 0 0 0 0 12
1 0 0 -1 0 0 0 0 12 | 0 5 -7 0 0 0 0 0 12
-1 0 0 0 0 0 0 0 3 | 0 0 -2 0 0 0 0 0 3
11 0 0 1 0 0 0 0 12 | 0 -5 -5 0 0 0 0 0 12
13 0 0 -3 0 0 0 0 12 | 0 9 -1 0 0 0 0 0 12
-7 0 0 -3 0 0 0 0 12 | 0 9 -5 0 0 0 0 0 12
-6 0 0 -1 0 0 0 0 6 | 0 2 -3 0 0 0 0 0 6
8 0 0 1 0 0 0 0 6 | 0 1 -2 0 0 0 0 0 6
11 0 0 1 0 0 0 0 12 | 0 7 -5 0 0 0 0 0 12
1 0 0 1 0 0 0 0 12 | 0 7 -7 0 0 0 0 0 12
-2 0 0 1 0 0 0 0 6 | 0 1 -4 0 0 0 0 0 6
-7 0 0 -1 0 0 0 0 12 | 0 11 -5 0 0 0 0 0 12
-17 0 0 1 0 0 0 0 12 | 0 1 -7 0 0 0 0 0 12
-6 0 0 1 0 0 0 0 6 | 0 -2 -3 0 0 0 0 0 6
25 0 0 -1 0 0 0 0 12 | 0 5 5 0 0 0 0 0 12
25 0 0 1 0 0 0 0 12 | 0 -5 5 0 0 0 0 0 12
10 0 0 -1 0 0 0 0 6 | 0 5 2 0 0 0 0 0 6
10 0 0 1 0 0 0 0 6 | 0 -5 2 0 0 0 0 0 6
5 0 0 -3 0 0 0 0 12 | 0 15 1 0 0 0 0 0 12
-5 0 0 -3 0 0 0 0 12 | 0 15 -1 0 0 0 0 0 12
-10 0 0 -1 0 0 0 0 6 | 0 5 -2 0 0 0 0 0 6
-25 0 0 -1 0 0 0 0 12 | 0 5 -5 0 0 0 0 0 12
-25 0 0 1 0 0 0 0 12 | 0 -5 -5 0 0 0 0 0 12
-10 0 0 1 0 0 0 0 6 | 0 -5 -2 0 0 0 0 0 6
-5 0 0 3 0 0 0 0 12 | 0 -15 -1 0 0 0 0 0 12
5 0 0 3 0 0 0 0 12 | 0 -15 1 0 0 0 0 0 12
595 0 0 0 0 0 3 0 768 | 0 0 -119 0 15 0 0 0 768
595 0 0 119 0 -15 3 0 1536 | 0 595 -119 0 15 0 0 3 1536
-595 0 0 119 0 -15 -3 0 1536 | 0 595 119 0 -15 0 0 3 1536
-595 0 0 0 0 0 -3 0 768 | 0 0 119 0 -15 0 0 0 768
-595 0 0 -119 0 15 -3 0 1536 | 0 -595 119 0 -15 0 0 -3 1536
595 0 0 -119 0 15 3 0 1536 | 0 -595 -119 0 15 0 0 -3 1536
0 0 0 119 0 3 0 0 768 | 0 -119 0 0 0 0 0 3 768
357 0 0 119 0 3 -9 0 1536 | 0 -119 357 0 9 0 0 3 1536
357 0 0 -119 0 -3 -9 0 1536 | 0 119 357 0 9 0 0 -3 1536
0 0 0 -119 0 -3 0 0 768 | 0 119 0 0 0 0 0 -3 768
-357 0 0 -119 0 -3 9 0 1536 | 0 119 -357 0 -9 0 0 -3 1536
-357 0 0 119 0 3 9 0 1536 | 0 -119 -357 0 -9 0 0 3 1536
119 0 0 0 0 0 0 0 128 | 0 0 0 0 3 0 0 0 128
119 0 0 0 0 -3 0 0 256 | 0 119 0 0 3 0 0 0 256
-119 0 0 0 0 -3 0 0 256 | 0 119 0 0 -3 0 0 0 256
-119 0 0 0 0 0 0 0 128 | 0 0 0 0 -3 0 0 0 128
-119 0 0 0 0 3 0 0 256 | 0 -119 0 0 -3 0 0 0 256
119 0 0 0 0 3 0 0 256 | 0 -119 0 0 3 0 0 0 256
0 0 0 119 0 -3 0 0 768 | 0 119 0 0 0 0 0 3 768
-357 0 0 119 0 -3 -9 0 1536 | 0 119 357 0 -9 0 0 3 1536
-357 0 0 -119 0 3 -9 0 1536 | 0 -119 357 0 -9 0 0 -3 1536
0 0 0 -119 0 3 0 0 768 | 0 -119 0 0 0 0 0 -3 768
357 0 0 -119 0 3 9 0 1536 | 0 -119 -357 0 9 0 0 -3 1536
357 0 0 119 0 -3 9 0 1536 | 0 119 -357 0 9 0 0 3 1536
595 0 0 0 0 0 -3 0 768 | 0 0 119 0 15 0 0 0 768
595 0 0 -119 0 -15 -3 0 1536 | 0 595 119 0 15 0 0 -3 1536
-595 0 0 -119 0 -15 3 0 1536 | 0 595 -119 0 -15 0 0 -3 1536
-595 0 0 0 0 0 3 0 768 | 0 0 -119 0 -15 0 0 0 768
-595 0 0 119 0 15 3 0 1536 | 0 -595 -119 0 -15 0 0 3 1536
595 0 0 119 0 15 -3 0 1536 | 0 -595 119 0 15 0 0 3 1536
595 0 0 0 0 0 3 0 384 | 0 0 -119 0 15 0 0 0 384
1785 0 0 119 0 -15 9 0 1536 | 0 595 -357 0 45 0 0 3 1536
1785 0 0 -119 0 15 9 0 1536 | 0 -595 -357 0 45 0 0 -3 1536
595 0 0 119 0 3 3 0 768 | 0 -119 -119 0 15 0 0 3 768
1547 0 0 119 0 3 -3 0 1536 | 0 -119 119 0 39 0 0 3 1536
1547 0 0 -119 0 -3 -3 0 1536 | 0 119 119 0 39 0 0 -3 1536
595 0 0 -119 0 -3 3 0 768 | 0 119 -119 0 15 0 0 -3 768
833 0 0 -119 0 -3 15 0 1536 | 0 119 -595 0 21 0 0 -3 1536
833 0 0 119 0 3 15 0 1536 | 0 -119 -595 0 21 0 0 3 1536
1309 0 0 0 0 0 3 0 768 | 0 0 -119 0 33 0 0 0 768
952 0 0 0 0 -9 3 0 768 | 0 357 -119 0 24 0 0 0 768
238 0 0 0 0 -9 3 0 768 | 0 357 -119 0 6 0 0 0 768
-119 0 0 0 0 0 3 0 768 | 0 0 -119 0 -3 0 0 0 768
238 0 0 0 0 9 3 0 768 | 0 -357 -119 0 6 0 0 0 768
952 0 0 0 0 9 3 0 768 | 0 -357 -119 0 24 0 0 0 768
595 0 0 119 0 -3 3 0 768 | 0 119 -119 0 15 0 0 3 768
833 0 0 119 0 -3 -3 0 1536 | 0 119 119 0 21 0 0 3 1536
833 0 0 -119 0 3 -3 0 1536 | 0 -119 119 0 21 0 0 -3 1536
595 0 0 -119 0 3 3 0 768 | 0 -119 -119 0 15 0 0 -3 768
1547 0 0 -119 0 3 15 0 1536 | 0 -119 -595 0 39 0 0 -3 1536
1547 0 0 119 0 -3 15 0 1536 | 0 119 -595 0 39 0 0 3 1536
595 0 0 0 0 0 0 0 384 | 0 0 0 0 5 0 0 0 128
1785 0 0 -119 0 -15 3 0 1536 | 0 595 -119 0 45 0 0 -3 1536
595 0 0 -119 0 -15 9 0 1536 | 0 595 -357 0 15 0 0 -3 1536
0 0 0 0 0 0 1 0 128 | 0 0 -119 0 0 0 0 0 384
595 0 0 119 0 15 9 0 1536 | 0 -595 -357 0 15 0 0 3 1536
1785 0 0 119 0 15 3 0 1536 | 0 -595 -119 0 45 0 0 3 1536
595 0 0 119 0 -15 3 0 768 | 0 595 -119 0 15 0 0 3 768
0 0 0 119 0 -15 0 0 768 | 0 595 0 0 0 0 0 3 768
595 0 0 357 0 -9 3 0 1536 | 0 357 -119 0 15 0 0 9 1536
476 0 0 119 0 -6 -3 0 768 | 0 238 119 0 12 0 0 3 768
476 0 0 0 0 -9 -3 0 768 | 0 357 119 0 12 0 0 0 768
595 0 0 -119 0 -21 3 0 1536 | 0 833 -119 0 15 0 0 -3 1536
119 0 0 0 0 -9 6 0 768 | 0 357 -238 0 3 0 0 0 768
119 0 0 119 0 -6 6 0 768 | 0 238 -238 0 3 0 0 3 768
2023 0 0 119 0 -15 3 0 1536 | 0 595 -119 0 51 0 0 3 1536
1309 0 0 119 0 -33 3 0 1536 | 0 1309 -119 0 33 0 0 3 1536
-119 0 0 119 0 -33 3 0 1536 | 0 1309 -119 0 -3 0 0 3 1536
-833 0 0 119 0 -15 3 0 1536 | 0 595 -119 0 -21 0 0 3 1536
-119 0 0 119 0 3 3 0 1536 | 0 -119 -119 0 -3 0 0 3 1536
1309 0 0 119 0 3 3 0 1536 | 0 -119 -119 0 33 0 0 3 1536
595 0 0 357 0 -21 3 0 1536 | 0 833 -119 0 15 0 0 9 1536
119 0 0 119 0 -9 -3 0 768 | 0 357 119 0 3 0 0 3 768
119 0 0 0 0 -6 -3 0 768 | 0 238 119 0 3 0 0 0 768
595 0 0 -119 0 -9 3 0 1536 | 0 357 -119 0 15 0 0 -3 1536
238 0 0 0 0 -3 3 0 384 | 0 119 -119 0 6 0 0 0 384
476 0 0 119 0 -9 6 0 768 | 0 357 -238 0 12 0 0 3 768
1785 0 0 119 0 -15 -3 0 1536 | 0 595 119 0 45 0 0 3 1536
595 0 0 0 0 -15 0 0 768 | 0 595 0 0 15 0 0 0 768
0 0 0 0 0 -5 1 0 256 | 0 595 -119 0 0 0 0 0 768
-595 0 0 119 0 -15 9 0 1536 | 0 595 -357 0 -15 0 0 3 1536
0 0 0 119 0 0 3 0 768 | 0 0 -119 0 0 0 0 3 768
595 0 0 119 0 0 0 0 768 | 0 0 0 0 5 0 0 1 256
-595 0 0 119 0 -15 -3 0 768 | 0 595 119 0 -15 0 0 3 768
-1785 0 0 119 0 -15 -9 0 1536 | 0 595 357 0 -45 0 0 3 1536
-595 0 0 357 0 -9 -3 0 1536 | 0 357 119 0 -15 0 0 9 1536
-119 0 0 119 0 -6 -6 0 768 | 0 238 238 0 -3 0 0 3 768
-119 0 0 0 0 -9 -6 0 768 | 0 357 238 0 -3 0 0 0 768
-595 0 0 -119 0 -21 -3 0 1536 | 0 833 119 0 -15 0 0 -3 1536
-476 0 0 0 0 -9 3 0 768 | 0 357 -119 0 -12 0 0 0 768
-476 0 0 119 0 -6 3 0 768 | 0 238 -119 0 -12 0 0 3 768
833 0 0 119 0 -15 -3 0 1536 | 0 595 119 0 21 0 0 3 1536
119 0 0 119 0 -33 -3 0 1536 | 0 1309 119 0 3 0 0 3 1536
-1309 0 0 119 0 -33 -3 0 1536 | 0 1309 119 0 -33 0 0 3 1536
-2023 0 0 119 0 -15 -3 0 1536 | 0 595 119 0 -51 0 0 3 1536
-1309 0 0 119 0 3 -3 0 1536 | 0 -119 119 0 -33 0 0 3 1536
119 0 0 119 0 3 -3 0 1536 | 0 -119 119 0 3 0 0 3 1536
-595 0 0 357 0 -21 -3 0 1536 | 0 833 119 0 -15 0 0 9 1536
-476 0 0 119 0 -9 -6 0 768 | 0 357 238 0 -12 0 0 3 768
-238 0 0 0 0 -3 -3 0 384 | 0 119 119 0 -6 0 0 0 384
-595 0 0 -119 0 -9 -3 0 1536 | 0 357 119 0 -15 0 0 -3 1536
-119 0 0 0 0 -6 3 0 768 | 0 238 -119 0 -3 0 0 0 768
-119 0 0 119 0 -9 3 0 768 | 0 357 -119 0 -3 0 0 3 768
595 0 0 119 0 -15 -9 0 1536 | 0 595 357 0 15 0 0 3 1536
0 0 0 0 0 -5 -1 0 256 | 0 595 119 0 0 0 0 0 768
-595 0 0 0 0 -15 0 0 768 | 0 595 0 0 -15 0 0 0 768
-1785 0 0 119 0 -15 3 0 1536 | 0 595 -119 0 -45 0 0 3 1536
-595 0 0 119 0 0 0 0 768 | 0 0 0 0 -5 0 0 1 256
0 0 0 119 0 0 -3 0 768 | 0 0 119 0 0 0 0 3 768
-595 0 0 0 0 0 -3 0 384 | 0 0 119 0 -15 0 0 0 384
-1785 0 0 -119 0 15 -9 0 1536 | 0 -595 357 0 -45 0 0 -3 1536
-595 0 0 119 0 3 -3 0 768 | 0 -119 119 0 -15 0 0 3 768
-833 0 0 119 0 3 -15 0 1536 | 0 -119 595 0 -21 0 0 3 1536
-833 0 0 -119 0 -3 -15 0 1536 | 0 119 595 0 -21 0 0 -3 1536
-595 0 0 -119 0 -3 -3 0 768 | 0 119 119 0 -15 0 0 -3 768
-1547 0 0 -119 0 -3 3 0 1536 | 0 119 -119 0 -39 0 0 -3 1536
-1547 0 0 119 0 3 3 0 1536 | 0 -119 -119 0 -39 0 0 3 1536
119 0 0 0 0 0 -3 0 768 | 0 0 119 0 3 0 0 0 768
-238 0 0 0 0 -9 -3 0 768 | 0 357 119 0 -6 0 0 0 768
-952 0 0 0 0 -9 -3 0 768 | 0 357 119 0 -24 0 0 0 768
-1309 0 0 0 0 0 -3 0 768 | 0 0 119 0 -33 0 0 0 768
-952 0 0 0 0 9 -3 0 768 | 0 -357 119 0 -24 0 0 0 768
-238 0 0 0 0 9 -3 0 768 | 0 -357 119 0 -6 0 0 0 768
-595 0 0 119 0 -3 -3 0 768 | 0 119 119 0 -15 0 0 3 768
-1547 0 0 119 0 -3 -15 0 1536 | 0 119 595 0 -39 0 0 3 1536
-1547 0 0 -119 0 3 -15 0 1536 | 0 -119 595 0 -39 0 0 -3 1536
-595 0 0 -119 0 3 -3 0 768 | 0 -119 119 0 -15 0 0 -3 768
-833 0 0 -119 0 3 3 0 1536 | 0 -119 -119 0 -21 0 0 -3 1536
-833 0 0 119 0 -3 3 0 1536 | 0 119 -119 0 -21 0 0 3 1536
0 0 0 0 0 0 -1 0 128 | 0 0 119 0 0 0 0 0 384
-595 0 0 -119 0 -15 -9 0 1536 | 0 595 357 0 -15 0 0 -3 1536
-1785 0 0 -119 0 -15 -3 0 1536 | 0 595 119 0 -45 0 0 -3 1536
-595 0 0 0 0 0 0 0 384 | 0 0 0 0 -5 0 0 0 128
-1785 0 0 119 0 15 -3 0 1536 | 0 -595 119 0 -45 0 0 3 1536
-595 0 0 119 0 15 -9 0 1536 | 0 -595 357 0 -15 0 0 3 1536
-595 0 0 -119 0 15 -3 0 768 | 0 -595 119 0 -15 0 0 -3 768
0 0 0 -119 0 15 0 0 768 | 0 -595 0 0 0 0 0 -3 768
-595 0 0 119 0 21 -3 0 1536 | 0 -833 119 0 -15 0 0 3 1536
-119 0 0 0 0 9 -6 0 768 | 0 -357 238 0 -3 0 0 0 768
-119 0 0 -119 0 6 -6 0 768 | 0 -238 238 0 -3 0 0 -3 768
-595 0 0 -357 0 9 -3 0 1536 | 0 -357 119 0 -15 0 0 -9 1536
-476 0 0 -119 0 6 3 0 768 | 0 -238 -119 0 -12 0 0 -3 768
-476 0 0 0 0 9 3 0 768 | 0 -357 -119 0 -12 0 0 0 768
833 0 0 -119 0 15 -3 0 1536 | 0 -595 119 0 21 0 0 -3 1536
119 0 0 -119 0 -3 -3 0 1536 | 0 119 119 0 3 0 0 -3 1536
-1309 0 0 -119 0 -3 -3 0 1536 | 0 119 119 0 -33 0 0 -3 1536
-2023 0 0 -119 0 15 -3 0 1536 | 0 -595 119 0 -51 0 0 -3 1536
-1309 0 0 -119 0 33 -3 0 1536 | 0 -1309 119 0 -33 0 0 -3 1536
119 0 0 -119 0 33 -3 0 1536 | 0 -1309 119 0 3 0 0 -3 1536
-595 0 0 119 0 9 -3 0 1536 | 0 -357 119 0 -15 0 0 3 1536
-238 0 0 0 0 3 -3 0 384 | 0 -119 119 0 -6 0 0 0 384
-476 0 0 -119 0 9 -6 0 768 | 0 -357 238 0 -12 0 0 -3 768
-595 0 0 -357 0 21 -3 0 1536 | 0 -833 119 0 -15 0 0 -9 1536
-119 0 0 -119 0 9 3 0 768 | 0 -357 -119 0 -3 0 0 -3 768
-119 0 0 0 0 6 3 0 768 | 0 -238 -119 0 -3 0 0 0 768
595 0 0 -119 0 15 -9 0 1536 | 0 -595 357 0 15 0 0 -3 1536
0 0 0 -119 0 0 -3 0 768 | 0 0 119 0 0 0 0 -3 768
-595 0 0 -119 0 0 0 0 768 | 0 0 0 0 -5 0 0 -1 256
-1785 0 0 -119 0 15 3 0 1536 | 0 -595 -119 0 -45 0 0 -3 1536
-595 0 0 0 0 15 0 0 768 | 0 -595 0 0 -15 0 0 0 768
0 0 0 0 0 5 -1 0 256 | 0 -595 119 0 0 0 0 0 768
595 0 0 -119 0 15 3 0 768 | 0 -595 -119 0 15 0 0 -3 768
595 0 0 119 0 21 3 0 1536 | 0 -833 -119 0 15 0 0 3 1536
476 0 0 0 0 9 -3 0 768 | 0 -357 119 0 12 0 0 0 768
476 0 0 -119 0 6 -3 0 768 | 0 -238 119 0 12 0 0 -3 768
595 0 0 -357 0 9 3 0 1536 | 0 -357 -119 0 15 0 0 -9 1536
119 0 0 -119 0 6 6 0 768 | 0 -238 -238 0 3 0 0 -3 768
119 0 0 0 0 9 6 0 768 | 0 -357 -238 0 3 0 0 0 768
2023 0 0 -119 0 15 3 0 1536 | 0 -595 -119 0 51 0 0 -3 1536
1309 0 0 -119 0 -3 3 0 1536 | 0 119 -119 0 33 0 0 -3 1536
-119 0 0 -119 0 -3 3 0 1536 | 0 119 -119 0 -3 0 0 -3 1536
-833 0 0 -119 0 15 3 0 1536 | 0 -595 -119 0 -21 0 0 -3 1536
-119 0 0 -119 0 33 3 0 1536 | 0 -1309 -119 0 -3 0 0 -3 1536
1309 0 0 -119 0 33 3 0 1536 | 0 -1309 -119 0 33 0 0 -3 1536
595 0 0 119 0 9 3 0 1536 | 0 -357 -119 0 15 0 0 3 1536
119 0 0 0 0 6 -3 0 768 | 0 -238 119 0 3 0 0 0 768
119 0 0 -119 0 9 -3 0 768 | 0 -357 119 0 3 0 0 -3 768
595 0 0 -357 0 21 3 0 1536 | 0 -833 -119 0 15 0 0 -9 1536
476 0 0 -119 0 9 6 0 768 | 0 -357 -238 0 12 0 0 -3 768
238 0 0 0 0 3 3 0 384 | 0 -119 -119 0 6 0 0 0 384
1785 0 0 -119 0 15 -3 0 1536 | 0 -595 119 0 45 0 0 -3 1536
595 0 0 -119 0 0 0 0 768 | 0 0 0 0 5 0 0 -1 256
0 0 0 -119 0 0 3 0 768 | 0 0 -119 0 0 0 0 -3 768
-595 0 0 -119 0 15 9 0 1536 | 0 -595 -357 0 -15 0 0 -3 1536
0 0 0 0 0 5 1 0 256 | 0 -595 -119 0 0 0 0 0 768
595 0 0 0 0 15 0 0 768 | 0 -595 0 0 15 0 0 0 768
0 0 0 119 0 3 0 0 384 | 0 -119 0 0 0 0 0 3 384
119 0 0 119 0 3 -3 0 512 | 0 -119 119 0 3 0 0 3 512
-119 0 0 119 0 3 3 0 512 | 0 -119 -119 0 -3 0 0 3 512
714 0 0 119 0 3 0 0 768 | 0 -119 0 0 18 0 0 3 768
357 0 0 119 0 -6 0 0 768 | 0 238 0 0 9 0 0 3 768
-357 0 0 119 0 -6 0 0 768 | 0 238 0 0 -9 0 0 3 768
-714 0 0 119 0 3 0 0 768 | 0 -119 0 0 -18 0 0 3 768
-357 0 0 119 0 12 0 0 768 | 0 -476 0 0 -9 0 0 3 768
357 0 0 119 0 12 0 0 768 | 0 -476 0 0 9 0 0 3 768
0 0 0 119 0 0 0 0 384 | 0 0 0 0 0 0 0 1 128
-119 0 0 119 0 1 -3 0 512 | 0 -119 357 0 -9 0 0 9 1536
-357 0 0 119 0 9 -9 0 1536 | 0 -119 119 0 -3 0 0 1 512
0 0 0 0 0 1 0 0 128 | 0 -119 0 0 0 0 0 0 384
357 0 0 119 0 9 9 0 1536 | 0 -119 -119 0 3 0 0 1 512
119 0 0 119 0 1 3 0 512 | 0 -119 -357 0 9 0 0 9 1536
595 0 0 119 0 3 -3 0 768 | 0 -119 119 0 15 0 0 3 768
595 0 0 119 0 -9 -3 0 1536 | 0 357 119 0 15 0 0 3 1536
-595 0 0 119 0 -9 3 0 1536 | 0 357 -119 0 -15 0 0 3 1536
-595 0 0 119 0 3 3 0 768 | 0 -119 -119 0 -15 0 0 3 768
-595 0 0 357 0 21 3 0 1536 | 0 -833 -119 0 -15 0 0 9 1536
595 0 0 357 0 21 -3 0 1536 | 0 -833 119 0 15 0 0 9 1536
357 0 0 119 0 3 -9 0 768 | 0 -119 357 0 9 0 0 3 768
119 0 0 0 0 0 -3 0 256 | 0 0 119 0 3 0 0 0 256
1785 0 0 119 0 3 -9 0 1536 | 0 -119 357 0 45 0 0 3 1536
1071 0 0 119 0 -15 -9 0 1536 | 0 595 357 0 27 0 0 3 1536
-357 0 0 119 0 -15 -9 0 1536 | 0 595 357 0 -9 0 0 3 1536
-1071 0 0 119 0 3 -9 0 1536 | 0 -119 357 0 -27 0 0 3 1536
-357 0 0 119 0 21 -9 0 1536 | 0 -833 357 0 -9 0 0 3 1536
1071 0 0 119 0 21 -9 0 1536 | 0 -833 357 0 27 0 0 3 1536
119 0 0 119 0 -1 -3 0 512 | 0 119 357 0 9 0 0 9 1536
0 0 0 119 0 0 -9 0 768 | 0 0 119 0 0 0 0 1 256
0 0 0 0 0 1 -3 0 256 | 0 -119 357 0 0 0 0 0 768
357 0 0 -119 0 9 -9 0 1536 | 0 -119 119 0 3 0 0 -1 512
119 0 0 0 0 1 0 0 256 | 0 -119 0 0 9 0 0 0 768
357 0 0 119 0 0 0 0 768 | 0 0 0 0 3 0 0 1 256
1547 0 0 119 0 3 -15 0 1536 | 0 -119 595 0 39 0 0 3 1536
238 0 0 0 0 -3 -3 0 384 | 0 119 119 0 6 0 0 0 384
-119 0 0 0 0 -6 -3 0 768 | 0 238 119 0 -3 0 0 0 768
-833 0 0 119 0 3 -3 0 1536 | 0 -119 119 0 -21 0 0 3 1536
-119 0 0 119 0 9 -3 0 768 | 0 -357 119 0 -3 0 0 3 768
476 0 0 119 0 9 -6 0 768 | 0 -357 238 0 12 0 0 3 768
357 0 0 -119 0 -3 -9 0 768 | 0 119 357 0 9 0 0 -3 768
119 0 0 -119 0 -3 -3 0 512 | 0 119 119 0 3 0 0 -3 512
1785 0 0 -119 0 -3 -9 0 1536 | 0 119 357 0 45 0 0 -3 1536
1071 0 0 -119 0 -21 -9 0 1536 | 0 833 357 0 27 0 0 -3 1536
-357 0 0 -119 0 -21 -9 0 1536 | 0 833 357 0 -9 0 0 -3 1536
-1071 0 0 -119 0 -3 -9 0 1536 | 0 119 357 0 -27 0 0 -3 1536
-357 0 0 -119 0 15 -9 0 1536 | 0 -595 357 0 -9 0 0 -3 1536
1071 0 0 -119 0 15 -9 0 1536 | 0 -595 357 0 27 0 0 -3 1536
357 0 0 119 0 -9 -9 0 1536 | 0 119 119 0 3 0 0 1 512
0 0 0 0 0 -1 -3 0 256 | 0 119 357 0 0 0 0 0 768
0 0 0 -119 0 0 -9 0 768 | 0 0 119 0 0 0 0 -1 256
119 0 0 -119 0 1 -3 0 512 | 0 -119 357 0 9 0 0 -9 1536
357 0 0 -119 0 0 0 0 768 | 0 0 0 0 3 0 0 -1 256
119 0 0 0 0 -1 0 0 256 | 0 119 0 0 9 0 0 0 768
1547 0 0 -119 0 -3 -15 0 1536 | 0 119 595 0 39 0 0 -3 1536
476 0 0 -119 0 -9 -6 0 768 | 0 357 238 0 12 0 0 -3 768
-119 0 0 -119 0 -9 -3 0 768 | 0 357 119 0 -3 0 0 -3 768
-833 0 0 -119 0 -3 -3 0 1536 | 0 119 119 0 -21 0 0 -3 1536
-119 0 0 0 0 6 -3 0 768 | 0 -238 119 0 -3 0 0 0 768
238 0 0 0 0 3 -3 0 384 | 0 -119 119 0 6 0 0 0 384
0 0 0 -119 0 -3 0 0 384 | 0 119 0 0 0 0 0 -3 384
-119 0 0 -119 0 -3 3 0 512 | 0 119 -119 0 -3 0 0 -3 512
714 0 0 -119 0 -3 0 0 768 | 0 119 0 0 18 0 0 -3 768
357 0 0 -119 0 -12 0 0 768 | 0 476 0 0 9 0 0 -3 768
-357 0 0 -119 0 -12 0 0 768 | 0 476 0 0 -9 0 0 -3 768
-714 0 0 -119 0 -3 0 0 768 | 0 119 0 0 -18 0 0 -3 768
-357 0 0 -119 0 6 0 0 768 | 0 -238 0 0 -9 0 0 -3 768
357 0 0 -119 0 6 0 0 768 | 0 -238 0 0 9 0 0 -3 768
0 0 0 0 0 -1 0 0 128 | 0 119 0 0 0 0 0 0 384
-357 0 0 -119 0 -9 -9 0 1536 | 0 119 119 0 -3 0 0 -1 512
-119 0 0 -119 0 -1 -3 0 512 | 0 119 357 0 -9 0 0 -9 1536
0 0 0 -119 0 0 0 0 384 | 0 0 0 0 0 0 0 -1 128
119 0 0 -119 0 -1 3 0 512 | 0 119 -357 0 9 0 0 -9 1536
357 0 0 -119 0 -9 9 0 1536 | 0 119 -119 0 3 0 0 -1 512
595 0 0 -119 0 -3 -3 0 768 | 0 119 119 0 15 0 0 -3 768
595 0 0 -357 0 -21 -3 0 1536 | 0 833 119 0 15 0 0 -9 1536
-595 0 0 -357 0 -21 3 0 1536 | 0 833 -119 0 -15 0 0 -9 1536
-595 0 0 -119 0 -3 3 0 768 | 0 119 -119 0 -15 0 0 -3 768
-595 0 0 -119 0 9 3 0 1536 | 0 -357 -119 0 -15 0 0 -3 1536
595 0 0 -119 0 9 -3 0 1536 | 0 -357 119 0 15 0 0 -3 1536
-357 0 0 -119 0 -3 9 0 768 | 0 119 -357 0 -9 0 0 -3 768
-119 0 0 0 0 0 3 0 256 | 0 0 -119 0 -3 0 0 0 256
1071 0 0 -119 0 -3 9 0 1536 | 0 119 -357 0 27 0 0 -3 1536
357 0 0 -119 0 -21 9 0 1536 | 0 833 -357 0 9 0 0 -3 1536
-1071 0 0 -119 0 -21 9 0 1536 | 0 833 -357 0 -27 0 0 -3 1536
-1785 0 0 -119 0 -3 9 0 1536 | 0 119 -357 0 -45 0 0 -3 1536
-1071 0 0 -119 0 15 9 0 1536 | 0 -595 -357 0 -27 0 0 -3 1536
357 0 0 -119 0 15 9 0 1536 | 0 -595 -357 0 9 0 0 -3 1536
-357 0 0 119 0 -9 9 0 1536 | 0 119 -119 0 -3 0 0 1 512
-119 0 0 0 0 -1 0 0 256 | 0 119 0 0 -9 0 0 0 768
-357 0 0 -119 0 0 0 0 768 | 0 0 0 0 -3 0 0 -1 256
-119 0 0 -119 0 1 3 0 512 | 0 -119 -357 0 -9 0 0 -9 1536
0 0 0 -119 0 0 9 0 768 | 0 0 -119 0 0 0 0 -1 256
0 0 0 0 0 -1 3 0 256 | 0 119 -357 0 0 0 0 0 768
833 0 0 -119 0 -3 3 0 1536 | 0 119 -119 0 21 0 0 -3 1536
119 0 0 -119 0 -9 3 0 768 | 0 357 -119 0 3 0 0 -3 768
-476 0 0 -119 0 -9 6 0 768 | 0 357 -238 0 -12 0 0 -3 768
-1547 0 0 -119 0 -3 15 0 1536 | 0 119 -595 0 -39 0 0 -3 1536
-238 0 0 0 0 3 3 0 384 | 0 -119 -119 0 -6 0 0 0 384
119 0 0 0 0 6 3 0 768 | 0 -238 -119 0 3 0 0 0 768
-357 0 0 119 0 3 9 0 768 | 0 -119 -357 0 -9 0 0 3 768
1071 0 0 119 0 3 9 0 1536 | 0 -119 -357 0 27 0 0 3 1536
357 0 0 119 0 -15 9 0 1536 | 0 595 -357 0 9 0 0 3 1536
-1071 0 0 119 0 -15 9 0 1536 | 0 595 -357 0 -27 0 0 3 1536
-1785 0 0 119 0 3 9 0 1536 | 0 -119 -357 0 -45 0 0 3 1536
-1071 0 0 119 0 21 9 0 1536 | 0 -833 -357 0 -27 0 0 3 1536
357 0 0 119 0 21 9 0 1536 | 0 -833 -357 0 9 0 0 3 1536
-119 0 0 119 0 -1 3 0 512 | 0 119 -357 0 -9 0 0 9 1536
-357 0 0 119 0 0 0 0 768 | 0 0 0 0 -3 0 0 1 256
-119 0 0 0 0 1 0 0 256 | 0 -119 0 0 -9 0 0 0 768
-357 0 0 -119 0 9 9 0 1536 | 0 -119 -119 0 -3 0 0 -1 512
0 0 0 0 0 1 3 0 256 | 0 -119 -357 0 0 0 0 0 768
0 0 0 119 0 0 9 0 768 | 0 0 -119 0 0 0 0 1 256
833 0 0 119 0 3 3 0 1536 | 0 -119 -119 0 21 0 0 3 1536
119 0 0 0 0 -6 3 0 768 | 0 238 -119 0 3 0 0 0 768
-238 0 0 0 0 -3 3 0 384 | 0 119 -119 0 -6 0 0 0 384
-1547 0 0 119 0 3 15 0 1536 | 0 -119 -595 0 -39 0 0 3 1536
-476 0 0 119 0 9 6 0 768 | 0 -357 -238 0 -12 0 0 3 768
119 0 0 119 0 9 3 0 768 | 0 -357 -119 0 3 0 0 3 768
119 0 0 0 0 0 0 0 64 | 0 0 0 0 3 0 0 0 64
357 0 0 0 0 -3 0 0 256 | 0 119 0 0 9 0 0 0 256
357 0 0 0 0 3 0 0 256 | 0 -119 0 0 9 0 0 0 256
714 0 0 119 0 -3 0 0 768 | 0 119 0 0 18 0 0 3 768
1071 0 0 119 0 -3 -9 0 1536 | 0 119 357 0 27 0 0 3 1536
1071 0 0 -119 0 3 -9 0 1536 | 0 -119 357 0 27 0 0 -3 1536
714 0 0 -119 0 3 0 0 768 | 0 -119 0 0 18 0 0 -3 768
1785 0 0 -119 0 3 9 0 1536 | 0 -119 -357 0 45 0 0 -3 1536
1785 0 0 119 0 -3 9 0 1536 | 0 119 -357 0 45 0 0 3 1536
1309 0 0 0 0 0 -3 0 768 | 0 0 119 0 33 0 0 0 768
2023 0 0 -119 0 -15 -3 0 1536 | 0 595 119 0 51 0 0 -3 1536
833 0 0 -119 0 -15 3 0 1536 | 0 595 -119 0 21 0 0 -3 1536
119 0 0 0 0 0 3 0 768 | 0 0 -119 0 3 0 0 0 768
833 0 0 119 0 15 3 0 1536 | 0 -595 -119 0 21 0 0 3 1536
2023 0 0 119 0 15 -3 0 1536 | 0 -595 119 0 51 0 0 3 1536
119 0 0 0 0 -3 0 0 128 | 0 119 0 0 3 0 0 0 128
0 0 0 0 0 -3 0 0 128 | 0 119 0 0 0 0 0 0 128
357 0 0 119 0 -12 0 0 768 | 0 476 0 0 9 0 0 3 768
357 0 0 119 0 -21 -9 0 1536 | 0 833 357 0 9 0 0 3 1536
357 0 0 -119 0 -15 -9 0 1536 | 0 595 357 0 9 0 0 -3 1536
357 0 0 -119 0 -6 0 0 768 | 0 238 0 0 9 0 0 -3 768
1071 0 0 -119 0 -15 9 0 1536 | 0 595 -357 0 27 0 0 -3 1536
1071 0 0 119 0 -21 9 0 1536 | 0 833 -357 0 27 0 0 3 1536
952 0 0 0 0 -9 -3 0 768 | 0 357 119 0 24 0 0 0 768
1309 0 0 -119 0 -33 -3 0 1536 | 0 1309 119 0 33 0 0 -3 1536
119 0 0 -119 0 -33 3 0 1536 | 0 1309 -119 0 3 0 0 -3 1536
-238 0 0 0 0 -9 3 0 768 | 0 357 -119 0 -6 0 0 0 768
119 0 0 119 0 -3 3 0 1536 | 0 119 -119 0 3 0 0 3 1536
1309 0 0 119 0 -3 -3 0 1536 | 0 119 119 0 33 0 0 3 1536
-119 0 0 0 0 -3 0 0 128 | 0 119 0 0 -3 0 0 0 128
-357 0 0 0 0 -3 0 0 256 | 0 119 0 0 -9 0 0 0 256
-357 0 0 119 0 -12 0 0 768 | 0 476 0 0 -9 0 0 3 768
-1071 0 0 119 0 -21 -9 0 1536 | 0 833 357 0 -27 0 0 3 1536
-1071 0 0 -119 0 -15 -9 0 1536 | 0 595 357 0 -27 0 0 -3 1536
-357 0 0 -119 0 -6 0 0 768 | 0 238 0 0 -9 0 0 -3 768
-357 0 0 -119 0 -15 9 0 1536 | 0 595 -357 0 -9 0 0 -3 1536
-357 0 0 119 0 -21 9 0 1536 | 0 833 -357 0 -9 0 0 3 1536
238 0 0 0 0 -9 -3 0 768 | 0 357 119 0 6 0 0 0 768
-119 0 0 -119 0 -33 -3 0 1536 | 0 1309 119 0 -3 0 0 -3 1536
-1309 0 0 -119 0 -33 3 0 1536 | 0 1309 -119 0 -33 0 0 -3 1536
-952 0 0 0 0 -9 3 0 768 | 0 357 -119 0 -24 0 0 0 768
-1309 0 0 119 0 -3 3 0 1536 | 0 119 -119 0 -33 0 0 3 1536
-119 0 0 119 0 -3 -3 0 1536 | 0 119 119 0 -3 0 0 3 1536
-119 0 0 0 0 0 0 0 64 | 0 0 0 0 -3 0 0 0 64
-357 0 0 0 0 3 0 0 256 | 0 -119 0 0 -9 0 0 0 256
-714 0 0 119 0 -3 0 0 768 | 0 119 0 0 -18 0 0 3 768
-1785 0 0 119 0 -3 -9 0 1536 | 0 119 357 0 -45 0 0 3 1536
-1785 0 0 -119 0 3 -9 0 1536 | 0 -119 357 0 -45 0 0 -3 1536
-714 0 0 -119 0 3 0 0 768 | 0 -119 0 0 -18 0 0 -3 768
-1071 0 0 -119 0 3 9 0 1536 | 0 -119 -357 0 -27 0 0 -3 1536
-1071 0 0 119 0 -3 9 0 1536 | 0 119 -357 0 -27 0 0 3 1536
-119 0 0 0 0 0 -3 0 768 | 0 0 119 0 -3 0 0 0 768
-833 0 0 -119 0 -15 -3 0 1536 | 0 595 119 0 -21 0 0 -3 1536
-2023 0 0 -119 0 -15 3 0 1536 | 0 595 -119 0 -51 0 0 -3 1536
-1309 0 0 0 0 0 3 0 768 | 0 0 -119 0 -33 0 0 0 768
-2023 0 0 119 0 15 3 0 1536 | 0 -595 -119 0 -51 0 0 3 1536
-833 0 0 119 0 15 -3 0 1536 | 0 -595 119 0 -21 0 0 3 1536
-119 0 0 0 0 3 0 0 128 | 0 -119 0 0 -3 0 0 0 128
0 0 0 0 0 3 0 0 128 | 0 -119 0 0 0 0 0 0 128
-357 0 0 119 0 6 0 0 768 | 0 -238 0 0 -9 0 0 3 768
-1071 0 0 119 0 15 -9 0 1536 | 0 -595 357 0 -27 0 0 3 1536
-1071 0 0 -119 0 21 -9 0 1536 | 0 -833 357 0 -27 0 0 -3 1536
-357 0 0 -119 0 12 0 0 768 | 0 -476 0 0 -9 0 0 -3 768
-357 0 0 -119 0 21 9 0 1536 | 0 -833 -357 0 -9 0 0 -3 1536
-357 0 0 119 0 15 9 0 1536 | 0 -595 -357 0 -9 0 0 3 1536
238 0 0 0 0 9 -3 0 768 | 0 -357 119 0 6 0 0 0 768
-119 0 0 -119 0 3 -3 0 1536 | 0 -119 119 0 -3 0 0 -3 1536
-1309 0 0 -119 0 3 3 0 1536 | 0 -119 -119 0 -33 0 0 -3 1536
-952 0 0 0 0 9 3 0 768 | 0 -357 -119 0 -24 0 0 0 768
-1309 0 0 119 0 33 3 0 1536 | 0 -1309 -119 0 -33 0 0 3 1536
-119 0 0 119 0 33 -3 0 1536 | 0 -1309 119 0 -3 0 0 3 1536
119 0 0 0 0 3 0 0 128 | 0 -119 0 0 3 0 0 0 128
357 0 0 119 0 6 0 0 768 | 0 -238 0 0 9 0 0 3 768
357 0 0 119 0 15 -9 0 1536 | 0 -595 357 0 9 0 0 3 1536
357 0 0 -119 0 21 -9 0 1536 | 0 -833 357 0 9 0 0 -3 1536
357 0 0 -119 0 12 0 0 768 | 0 -476 0 0 9 0 0 -3 768
1071 0 0 -119 0 21 9 0 1536 | 0 -833 -357 0 27 0 0 -3 1536
1071 0 0 119 0 15 9 0 1536 | 0 -595 -357 0 27 0 0 3 1536
952 0 0 0 0 9 -3 0 768 | 0 -357 119 0 24 0 0 0 768
1309 0 0 -119 0 3 -3 0 1536 | 0 -119 119 0 33 0 0 -3 1536
119 0 0 -119 0 3 3 0 1536 | 0 -119 -119 0 3 0 0 -3 1536
-238 0 0 0 0 9 3 0 768 | 0 -357 -119 0 -6 0 0 0 768
119 0 0 119 0 33 3 0 1536 | 0 -1309 -119 0 3 0 0 3 1536
1309 0 0 119 0 33 -3 0 1536 | 0 -1309 119 0 33 0 0 3 1536
0 0 0 119 0 -3 0 0 384 | 0 119 0 0 0 0 0 3 384
-119 0 0 119 0 -3 -3 0 512 | 0 119 119 0 -3 0 0 3 512
119 0 0 119 0 -3 3 0 512 | 0 119 -119 0 3 0 0 3 512
595 0 0 119 0 -3 -3 0 768 | 0 119 119 0 15 0 0 3 768
595 0 0 119 0 -21 -3 0 1536 | 0 833 119 0 15 0 0 3 1536
-595 0 0 119 0 -21 3 0 1536 | 0 833 -119 0 -15 0 0 3 1536
-595 0 0 119 0 -3 3 0 768 | 0 119 -119 0 -15 0 0 3 768
-595 0 0 357 0 9 3 0 1536 | 0 -357 -119 0 -15 0 0 9 1536
595 0 0 357 0 9 -3 0 1536 | 0 -357 119 0 15 0 0 9 1536
-357 0 0 119 0 -3 -9 0 768 | 0 119 357 0 -9 0 0 3 768
-119 0 0 0 0 0 -3 0 256 | 0 0 119 0 -3 0 0 0 256
833 0 0 119 0 -3 -15 0 1536 | 0 119 595 0 21 0 0 3 1536
119 0 0 0 0 -9 -6 0 768 | 0 357 238 0 3 0 0 0 768
-476 0 0 0 0 -9 -3 0 768 | 0 357 119 0 -12 0 0 0 768
-1547 0 0 119 0 -3 -3 0 1536 | 0 119 119 0 -39 0 0 3 1536
-476 0 0 119 0 6 -3 0 768 | 0 -238 119 0 -12 0 0 3 768
119 0 0 119 0 6 -6 0 768 | 0 -238 238 0 3 0 0 3 768
-357 0 0 -119 0 3 -9 0 768 | 0 -119 357 0 -9 0 0 -3 768
-119 0 0 -119 0 3 -3 0 512 | 0 -119 119 0 -3 0 0 -3 512
833 0 0 -119 0 3 -15 0 1536 | 0 -119 595 0 21 0 0 -3 1536
119 0 0 -119 0 -6 -6 0 768 | 0 238 238 0 3 0 0 -3 768
-476 0 0 -119 0 -6 -3 0 768 | 0 238 119 0 -12 0 0 -3 768
-1547 0 0 -119 0 3 -3 0 1536 | 0 -119 119 0 -39 0 0 -3 1536
-476 0 0 0 0 9 -3 0 768 | 0 -357 119 0 -12 0 0 0 768
119 0 0 0 0 9 -6 0 768 | 0 -357 238 0 3 0 0 0 768
0 0 0 -119 0 3 0 0 384 | 0 -119 0 0 0 0 0 -3 384
119 0 0 -119 0 3 3 0 512 | 0 -119 -119 0 3 0 0 -3 512
595 0 0 -119 0 3 -3 0 768 | 0 -119 119 0 15 0 0 -3 768
595 0 0 -357 0 -9 -3 0 1536 | 0 357 119 0 15 0 0 -9 1536
-595 0 0 -357 0 -9 3 0 1536 | 0 357 -119 0 -15 0 0 -9 1536
-595 0 0 -119 0 3 3 0 768 | 0 -119 -119 0 -15 0 0 -3 768
-595 0 0 -119 0 21 3 0 1536 | 0 -833 -119 0 -15 0 0 -3 1536
595 0 0 -119 0 21 -3 0 1536 | 0 -833 119 0 15 0 0 -3 1536
357 0 0 -119 0 3 9 0 768 | 0 -119 -357 0 9 0 0 -3 768
119 0 0 0 0 0 3 0 256 | 0 0 -119 0 3 0 0 0 256
1547 0 0 -119 0 3 3 0 1536 | 0 -119 -119 0 39 0 0 -3 1536
476 0 0 -119 0 -6 3 0 768 | 0 238 -119 0 12 0 0 -3 768
-119 0 0 -119 0 -6 6 0 768 | 0 238 -238 0 -3 0 0 -3 768
-833 0 0 -119 0 3 15 0 1536 | 0 -119 -595 0 -21 0 0 -3 1536
-119 0 0 0 0 9 6 0 768 | 0 -357 -238 0 -3 0 0 0 768
476 0 0 0 0 9 3 0 768 | 0 -357 -119 0 12 0 0 0 768
357 0 0 119 0 -3 9 0 768 | 0 119 -357 0 9 0 0 3 768
1547 0 0 119 0 -3 3 0 1536 | 0 119 -119 0 39 0 0 3 1536
476 0 0 0 0 -9 3 0 768 | 0 357 -119 0 12 0 0 0 768
-119 0 0 0 0 -9 6 0 768 | 0 357 -238 0 -3 0 0 0 768
-833 0 0 119 0 -3 15 0 1536 | 0 119 -595 0 -21 0 0 3 1536
-119 0 0 119 0 6 6 0 768 | 0 -238 -238 0 -3 0 0 3 768
476 0 0 119 0 6 3 0 768 | 0 -238 -119 0 12 0 0 3 768
595 0 0 0 0 0 -3 0 384 | 0 0 119 0 15 0 0 0 384
1785 0 0 -119 0 -15 -9 0 1536 | 0 595 357 0 45 0 0 -3 1536
1785 0 0 119 0 15 -9 0 1536 | 0 -595 357 0 45 0 0 3 1536
595 0 0 -119 0 -15 -3 0 768 | 0 595 119 0 15 0 0 -3 768
0 0 0 -119 0 -15 0 0 768 | 0 595 0 0 0 0 0 -3 768
-595 0 0 -119 0 -15 3 0 768 | 0 595 -119 0 -15 0 0 -3 768
-1785 0 0 -119 0 -15 9 0 1536 | 0 595 -357 0 -45 0 0 -3 1536
-595 0 0 0 0 0 3 0 384 | 0 0 -119 0 -15 0 0 0 384
-1785 0 0 119 0 15 9 0 1536 | 0 -595 -357 0 -45 0 0 3 1536
-595 0 0 119 0 15 3 0 768 | 0 -595 -119 0 -15 0 0 3 768
0 0 0 119 0 15 0 0 768 | 0 -595 0 0 0 0 0 3 768
595 0 0 119 0 15 -3 0 768 | 0 -595 119 0 15 0 0 3 768
2975 0 0 119 0 -15 15 0 1536 | 0 595 -595 0 75 0 0 3 1536
2975 0 0 -119 0 15 15 0 1536 | 0 -595 -595 0 75 0 0 -3 1536
2737 0 0 119 0 3 3 0 1536 | 0 -119 -119 0 69 0 0 3 1536
2737 0 0 -119 0 -3 3 0 1536 | 0 119 -119 0 69 0 0 -3 1536
1190 0 0 -119 0 -3 6 0 768 | 0 119 -238 0 30 0 0 -3 768
2023 0 0 -119 0 -3 21 0 1536 | 0 119 -833 0 51 0 0 -3 1536
1547 0 0 0 0 -9 6 0 768 | 0 357 -238 0 39 0 0 0 768
833 0 0 0 0 -9 6 0 768 | 0 357 -238 0 21 0 0 0 768
238 0 0 0 0 0 3 0 384 | 0 0 -119 0 6 0 0 0 384
833 0 0 0 0 9 6 0 768 | 0 -357 -238 0 21 0 0 0 768
2023 0 0 119 0 -3 3 0 1536 | 0 119 -119 0 51 0 0 3 1536
2023 0 0 -119 0 3 3 0 1536 | 0 -119 -119 0 51 0 0 -3 1536
1190 0 0 -119 0 3 6 0 768 | 0 -119 -238 0 30 0 0 -3 768
2737 0 0 -119 0 3 21 0 1536 | 0 -119 -833 0 69 0 0 -3 1536
595 0 0 0 0 0 1 0 256 | 0 0 -119 0 45 0 0 0 768
2975 0 0 -119 0 -15 9 0 1536 | 0 595 -357 0 75 0 0 -3 1536
1785 0 0 -119 0 -15 15 0 1536 | 0 595 -595 0 45 0 0 -3 1536
595 0 0 0 0 0 9 0 768 | 0 0 -119 0 5 0 0 0 256
1190 0 0 119 0 -15 6 0 768 | 0 595 -238 0 30 0 0 3 768
1071 0 0 119 0 -6 0 0 768 | 0 238 0 0 27 0 0 3 768
1785 0 0 -119 0 -21 9 0 1536 | 0 833 -357 0 45 0 0 -3 1536
238 0 0 0 0 -3 3 0 256 | 0 119 -119 0 6 0 0 0 256
714 0 0 119 0 -6 9 0 768 | 0 238 -357 0 18 0 0 3 768
2499 0 0 119 0 -33 9 0 1536 | 0 1309 -357 0 63 0 0 3 1536
1071 0 0 119 0 -33 9 0 1536 | 0 1309 -357 0 27 0 0 3 1536
2499 0 0 119 0 3 9 0 1536 | 0 -119 -357 0 63 0 0 3 1536
714 0 0 119 0 -9 0 0 768 | 0 119 0 0 6 0 0 1 256
119 0 0 0 0 -1 0 0 128 | 0 119 0 0 9 0 0 0 384
1785 0 0 -119 0 -9 9 0 1536 | 0 119 -119 0 15 0 0 -1 512
357 0 0 0 0 -2 3 0 256 | 0 238 -357 0 27 0 0 0 768
1071 0 0 119 0 -9 9 0 768 | 0 119 -119 0 9 0 0 1 256
2975 0 0 119 0 -15 3 0 1536 | 0 595 -119 0 75 0 0 3 1536
1190 0 0 0 0 -15 3 0 768 | 0 595 -119 0 30 0 0 0 768
595 0 0 0 0 -15 6 0 768 | 0 595 -238 0 15 0 0 0 768
595 0 0 119 0 -15 15 0 1536 | 0 595 -595 0 15 0 0 3 1536
595 0 0 119 0 0 6 0 768 | 0 0 -238 0 15 0 0 3 768
1190 0 0 119 0 0 3 0 768 | 0 0 -119 0 30 0 0 3 768
1190 0 0 -119 0 15 6 0 768 | 0 -595 -238 0 30 0 0 -3 768
1785 0 0 119 0 21 9 0 1536 | 0 -833 -357 0 45 0 0 3 1536
1071 0 0 -119 0 6 0 0 768 | 0 -238 0 0 27 0 0 -3 768
595 0 0 -119 0 3 3 0 512 | 0 -119 -119 0 15 0 0 -3 512
714 0 0 -119 0 6 9 0 768 | 0 -238 -357 0 18 0 0 -3 768
3213 0 0 -119 0 15 9 0 1536 | 0 -595 -357 0 81 0 0 -3 1536
2499 0 0 -119 0 -3 9 0 1536 | 0 119 -357 0 63 0 0 -3 1536
1071 0 0 -119 0 33 9 0 1536 | 0 -1309 -357 0 27 0 0 -3 1536
1785 0 0 119 0 9 9 0 1536 | 0 -119 -119 0 15 0 0 1 512
119 0 0 0 0 1 0 0 128 | 0 -119 0 0 9 0 0 0 384
714 0 0 -119 0 9 0 0 768 | 0 -119 0 0 6 0 0 -1 256
595 0 0 -119 0 7 3 0 512 | 0 -833 -357 0 45 0 0 -9 1536
1071 0 0 -119 0 9 9 0 768 | 0 -119 -119 0 9 0 0 -1 256
2975 0 0 -119 0 15 3 0 1536 | 0 -595 -119 0 75 0 0 -3 1536
1190 0 0 -119 0 0 3 0 768 | 0 0 -119 0 30 0 0 -3 768
595 0 0 -119 0 0 6 0 768 | 0 0 -238 0 15 0 0 -3 768
595 0 0 -119 0 15 15 0 1536 | 0 -595 -595 0 15 0 0 -3 1536
595 0 0 0 0 15 6 0 768 | 0 -595 -238 0 15 0 0 0 768
1190 0 0 0 0 15 3 0 768 | 0 -595 -119 0 30 0 0 0 768
1547 0 0 357 0 9 -3 0 1536 | 0 -357 119 0 39 0 0 9 1536
952 0 0 119 0 -6 3 0 768 | 0 238 -119 0 24 0 0 3 768
238 0 0 119 0 -6 3 0 768 | 0 238 -119 0 6 0 0 3 768
-119 0 0 119 0 3 3 0 768 | 0 -119 -119 0 -3 0 0 3 768
238 0 0 119 0 12 3 0 768 | 0 -476 -119 0 6 0 0 3 768
833 0 0 357 0 3 -3 0 1536 | 0 -119 119 0 21 0 0 9 1536
833 0 0 119 0 9 -3 0 1536 | 0 -357 119 0 21 0 0 3 1536
595 0 0 0 0 6 3 0 768 | 0 -238 -119 0 15 0 0 0 768
1547 0 0 119 0 9 15 0 1536 | 0 -357 -595 0 39 0 0 3 1536
1190 0 0 119 0 3 0 0 768 | 0 -119 0 0 30 0 0 3 768
1785 0 0 119 0 -9 3 0 1536 | 0 357 -119 0 45 0 0 3 1536
595 0 0 119 0 -9 9 0 1536 | 0 119 -119 0 5 0 0 1 512
0 0 0 119 0 3 6 0 768 | 0 -119 -238 0 0 0 0 3 768
595 0 0 357 0 21 9 0 1536 | 0 -833 -357 0 15 0 0 9 1536
952 0 0 119 0 3 -6 0 768 | 0 -119 238 0 24 0 0 3 768
476 0 0 0 0 0 -3 0 384 | 0 0 119 0 12 0 0 0 384
2975 0 0 119 0 3 -3 0 1536 | 0 -119 119 0 75 0 0 3 1536
2261 0 0 119 0 -15 -3 0 1536 | 0 595 119 0 57 0 0 3 1536
833 0 0 119 0 21 -3 0 1536 | 0 -833 119 0 21 0 0 3 1536
2261 0 0 119 0 21 -3 0 1536 | 0 -833 119 0 57 0 0 3 1536
1547 0 0 357 0 -3 -3 0 1536 | 0 119 119 0 39 0 0 9 1536
595 0 0 119 0 0 -6 0 768 | 0 0 238 0 15 0 0 3 768
595 0 0 0 0 3 -6 0 768 | 0 -119 238 0 15 0 0 0 768
1547 0 0 -119 0 9 -3 0 1536 | 0 -357 119 0 39 0 0 -3 1536
952 0 0 0 0 3 3 0 768 | 0 -119 -119 0 24 0 0 0 768
952 0 0 119 0 0 3 0 768 | 0 0 -119 0 24 0 0 3 768
2737 0 0 119 0 3 -9 0 1536 | 0 -119 357 0 69 0 0 3 1536
357 0 0 0 0 -2 -1 0 256 | 0 238 119 0 27 0 0 0 768
238 0 0 0 0 -3 0 0 384 | 0 119 0 0 6 0 0 0 384
357 0 0 119 0 3 3 0 1536 | 0 -119 -119 0 9 0 0 3 1536
476 0 0 119 0 9 0 0 768 | 0 -119 0 0 4 0 0 1 256
1071 0 0 119 0 9 -3 0 768 | 0 -357 119 0 27 0 0 3 768
952 0 0 -119 0 -3 -6 0 768 | 0 119 238 0 24 0 0 -3 768
1547 0 0 -357 0 -9 -3 0 1536 | 0 357 119 0 39 0 0 -9 1536
2975 0 0 -119 0 -3 -3 0 1536 | 0 119 119 0 75 0 0 -3 1536
2261 0 0 -119 0 -21 -3 0 1536 | 0 833 119 0 57 0 0 -3 1536
833 0 0 -119 0 -21 -3 0 1536 | 0 833 119 0 21 0 0 -3 1536
2261 0 0 -119 0 15 -3 0 1536 | 0 -595 119 0 57 0 0 -3 1536
1547 0 0 119 0 -9 -3 0 1536 | 0 357 119 0 39 0 0 3 1536
595 0 0 0 0 -3 -6 0 768 | 0 119 238 0 15 0 0 0 768
595 0 0 -119 0 0 -6 0 768 | 0 0 238 0 15 0 0 -3 768
1547 0 0 -357 0 3 -3 0 1536 | 0 -119 119 0 39 0 0 -9 1536
952 0 0 -119 0 0 3 0 768 | 0 0 -119 0 24 0 0 -3 768
952 0 0 0 0 -3 3 0 768 | 0 119 -119 0 24 0 0 0 768
2737 0 0 -119 0 -3 -9 0 1536 | 0 119 357 0 69 0 0 -3 1536
1071 0 0 -119 0 -9 -3 0 768 | 0 357 119 0 27 0 0 -3 768
476 0 0 -119 0 -9 0 0 768 | 0 119 0 0 4 0 0 -1 256
357 0 0 -119 0 -3 3 0 1536 | 0 119 -119 0 9 0 0 -3 1536
238 0 0 0 0 3 0 0 384 | 0 -119 0 0 6 0 0 0 384
357 0 0 0 0 2 -1 0 256 | 0 -238 119 0 27 0 0 0 768
595 0 0 -238 0 -6 3 0 768 | 0 238 -119 0 15 0 0 -6 768
833 0 0 -357 0 -9 15 0 1536 | 0 357 -595 0 21 0 0 -9 1536
1309 0 0 -119 0 -3 3 0 768 | 0 119 -119 0 33 0 0 -3 768
952 0 0 -119 0 -12 3 0 768 | 0 476 -119 0 24 0 0 -3 768
238 0 0 -119 0 -12 3 0 768 | 0 476 -119 0 6 0 0 -3 768
-119 0 0 -119 0 -3 3 0 768 | 0 119 -119 0 -3 0 0 -3 768
238 0 0 -119 0 6 3 0 768 | 0 -238 -119 0 6 0 0 -3 768
952 0 0 -119 0 6 3 0 768 | 0 -238 -119 0 24 0 0 -3 768
595 0 0 0 0 -6 3 0 768 | 0 238 -119 0 15 0 0 0 768
833 0 0 -119 0 -9 -3 0 1536 | 0 357 119 0 21 0 0 -3 1536
833 0 0 -357 0 -3 -3 0 1536 | 0 119 119 0 21 0 0 -9 1536
595 0 0 -238 0 0 3 0 768 | 0 0 -119 0 15 0 0 -6 768
1547 0 0 -357 0 -3 15 0 1536 | 0 119 -595 0 39 0 0 -9 1536
1547 0 0 -119 0 -9 15 0 1536 | 0 357 -595 0 39 0 0 -3 1536
1190 0 0 -119 0 -3 0 0 768 | 0 119 0 0 30 0 0 -3 768
595 0 0 -119 0 -7 1 0 512 | 0 833 -119 0 45 0 0 -9 1536
595 0 0 -357 0 -21 9 0 1536 | 0 833 -357 0 15 0 0 -9 1536
0 0 0 -119 0 -3 6 0 768 | 0 119 -238 0 0 0 0 -3 768
595 0 0 -119 0 9 9 0 1536 | 0 -119 -119 0 5 0 0 -1 512
1785 0 0 -119 0 9 3 0 1536 | 0 -357 -119 0 45 0 0 -3 1536
238 0 0 -119 0 -3 12 0 768 | 0 119 -476 0 6 0 0 -3 768
119 0 0 0 0 0 6 0 384 | 0 0 -238 0 3 0 0 0 384
2261 0 0 -119 0 -3 15 0 1536 | 0 119 -595 0 57 0 0 -3 1536
1547 0 0 -119 0 -21 15 0 1536 | 0 833 -595 0 39 0 0 -3 1536
119 0 0 -119 0 -21 15 0 1536 | 0 833 -595 0 3 0 0 -3 1536
-595 0 0 -119 0 -3 15 0 1536 | 0 119 -595 0 -15 0 0 -3 1536
119 0 0 -119 0 15 15 0 1536 | 0 -595 -595 0 3 0 0 -3 1536
1547 0 0 -119 0 15 15 0 1536 | 0 -595 -595 0 39 0 0 -3 1536
833 0 0 119 0 -9 15 0 1536 | 0 357 -595 0 21 0 0 3 1536
238 0 0 0 0 -3 3 0 768 | 0 119 -119 0 6 0 0 0 768
238 0 0 -119 0 0 3 0 768 | 0 0 -119 0 6 0 0 -3 768
833 0 0 -357 0 3 15 0 1536 | 0 -119 -595 0 21 0 0 -9 1536
595 0 0 -119 0 0 12 0 768 | 0 0 -476 0 15 0 0 -3 768
595 0 0 0 0 -3 12 0 768 | 0 119 -476 0 15 0 0 0 768
2023 0 0 -119 0 -3 9 0 1536 | 0 119 -357 0 51 0 0 -3 1536
714 0 0 -119 0 -9 6 0 768 | 0 357 -238 0 18 0 0 -3 768
119 0 0 -119 0 -9 9 0 768 | 0 119 -119 0 1 0 0 -1 256
-357 0 0 -119 0 -3 21 0 1536 | 0 119 -833 0 -9 0 0 -3 1536
119 0 0 0 0 6 9 0 768 | 0 -238 -357 0 3 0 0 0 768
119 0 0 0 0 1 1 0 128 | 0 -119 -119 0 9 0 0 0 384
2261 0 0 119 0 3 15 0 1536 | 0 -119 -595 0 57 0 0 3 1536
1547 0 0 119 0 -15 15 0 1536 | 0 595 -595 0 39 0 0 3 1536
119 0 0 119 0 -15 15 0 1536 | 0 595 -595 0 3 0 0 3 1536
-595 0 0 119 0 3 15 0 1536 | 0 -119 -595 0 -15 0 0 3 1536
119 0 0 119 0 21 15 0 1536 | 0 -833 -595 0 3 0 0 3 1536
833 0 0 357 0 -3 15 0 1536 | 0 119 -595 0 21 0 0 9 1536
238 0 0 119 0 0 3 0 768 | 0 0 -119 0 6 0 0 3 768
238 0 0 0 0 3 3 0 768 | 0 -119 -119 0 6 0 0 0 768
833 0 0 -119 0 9 15 0 1536 | 0 -357 -595 0 21 0 0 -3 1536
595 0 0 0 0 3 12 0 768 | 0 -119 -476 0 15 0 0 0 768
2023 0 0 119 0 3 9 0 1536 | 0 -119 -357 0 51 0 0 3 1536
119 0 0 0 0 -1 1 0 128 | 0 119 -119 0 9 0 0 0 384
119 0 0 0 0 -6 9 0 768 | 0 238 -357 0 3 0 0 0 768
-357 0 0 119 0 3 21 0 1536 | 0 -119 -833 0 -9 0 0 3 1536
1666 0 0 0 0 -9 3 0 768 | 0 357 -119 0 42 0 0 0 768
2261 0 0 119 0 -3 -3 0 1536 | 0 119 119 0 57 0 0 3 1536
2261 0 0 -119 0 3 -3 0 1536 | 0 -119 119 0 57 0 0 -3 1536
1309 0 0 -119 0 3 3 0 768 | 0 -119 -119 0 33 0 0 -3 768
2975 0 0 -119 0 3 15 0 1536 | 0 -119 -595 0 75 0 0 -3 1536
119 0 0 0 0 0 0 0 48 | 0 0 0 0 1 0 0 0 16
3213 0 0 -119 0 -15 3 0 1536 | 0 595 -119 0 81 0 0 -3 1536
2023 0 0 -119 0 -15 9 0 1536 | 0 595 -357 0 51 0 0 -3 1536
119 0 0 0 0 0 1 0 128 | 0 0 -119 0 9 0 0 0 384
2023 0 0 119 0 15 9 0 1536 | 0 -595 -357 0 51 0 0 3 1536
1309 0 0 0 0 -18 3 0 768 | 0 714 -119 0 33 0 0 0 768
595 0 0 0 0 -18 3 0 768 | 0 714 -119 0 15 0 0 0 768
952 0 0 119 0 -12 3 0 768 | 0 476 -119 0 24 0 0 3 768
1547 0 0 119 0 -21 -3 0 1536 | 0 833 119 0 39 0 0 3 1536
1547 0 0 -119 0 -15 -3 0 1536 | 0 595 119 0 39 0 0 -3 1536
952 0 0 -119 0 -6 3 0 768 | 0 238 -119 0 24 0 0 -3 768
2261 0 0 -119 0 -15 15 0 1536 | 0 595 -595 0 57 0 0 -3 1536
2261 0 0 119 0 -21 15 0 1536 | 0 833 -595 0 57 0 0 3 1536
1547 0 0 0 0 -9 0 0 768 | 0 119 0 0 13 0 0 0 256
2499 0 0 -119 0 -33 3 0 1536 | 0 1309 -119 0 63 0 0 -3 1536
1309 0 0 -119 0 -33 9 0 1536 | 0 1309 -357 0 33 0 0 -3 1536
119 0 0 0 0 -3 2 0 256 | 0 357 -238 0 9 0 0 0 768
1309 0 0 119 0 -3 9 0 1536 | 0 119 -357 0 33 0 0 3 1536
2499 0 0 119 0 -3 3 0 1536 | 0 119 -119 0 63 0 0 3 1536
-119 0 0 0 0 -18 3 0 768 | 0 714 -119 0 -3 0 0 0 768
238 0 0 119 0 -12 3 0 768 | 0 476 -119 0 6 0 0 3 768
119 0 0 119 0 -21 -3 0 1536 | 0 833 119 0 3 0 0 3 1536
119 0 0 -119 0 -15 -3 0 1536 | 0 595 119 0 3 0 0 -3 1536
238 0 0 -119 0 -6 3 0 768 | 0 238 -119 0 6 0 0 -3 768
833 0 0 -119 0 -15 15 0 1536 | 0 595 -595 0 21 0 0 -3 1536
833 0 0 119 0 -21 15 0 1536 | 0 833 -595 0 21 0 0 3 1536
833 0 0 0 0 -9 0 0 768 | 0 119 0 0 7 0 0 0 256
1071 0 0 -119 0 -33 3 0 1536 | 0 1309 -119 0 27 0 0 -3 1536
-119 0 0 -119 0 -33 9 0 1536 | 0 1309 -357 0 -3 0 0 -3 1536
-119 0 0 0 0 -3 2 0 256 | 0 357 -238 0 -9 0 0 0 768
-119 0 0 119 0 -3 9 0 1536 | 0 119 -357 0 -3 0 0 3 1536
1071 0 0 119 0 -3 3 0 1536 | 0 119 -119 0 27 0 0 3 1536
-833 0 0 0 0 0 3 0 768 | 0 0 -119 0 -21 0 0 0 768
-119 0 0 119 0 -3 3 0 768 | 0 119 -119 0 -3 0 0 3 768
-595 0 0 119 0 -3 -3 0 1536 | 0 119 119 0 -15 0 0 3 1536
-595 0 0 -119 0 3 -3 0 1536 | 0 -119 119 0 -15 0 0 -3 1536
-119 0 0 -119 0 3 3 0 768 | 0 -119 -119 0 -3 0 0 -3 768
119 0 0 -119 0 3 15 0 1536 | 0 -119 -595 0 3 0 0 -3 1536
119 0 0 119 0 -3 15 0 1536 | 0 119 -595 0 3 0 0 3 1536
119 0 0 0 0 0 0 0 192 | 0 0 0 0 1 0 0 0 64
357 0 0 -119 0 -15 3 0 1536 | 0 595 -119 0 9 0 0 -3 1536
-833 0 0 -119 0 -15 9 0 1536 | 0 595 -357 0 -21 0 0 -3 1536
-119 0 0 0 0 0 1 0 128 | 0 0 -119 0 -9 0 0 0 384
-833 0 0 119 0 15 9 0 1536 | 0 -595 -357 0 -21 0 0 3 1536
357 0 0 119 0 15 3 0 1536 | 0 -595 -119 0 9 0 0 3 1536
-119 0 0 0 0 18 3 0 768 | 0 -714 -119 0 -3 0 0 0 768
595 0 0 0 0 18 3 0 768 | 0 -714 -119 0 15 0 0 0 768
238 0 0 119 0 6 3 0 768 | 0 -238 -119 0 6 0 0 3 768
119 0 0 119 0 15 -3 0 1536 | 0 -595 119 0 3 0 0 3 1536
119 0 0 -119 0 21 -3 0 1536 | 0 -833 119 0 3 0 0 -3 1536
238 0 0 -119 0 12 3 0 768 | 0 -476 -119 0 6 0 0 -3 768
833 0 0 -119 0 21 15 0 1536 | 0 -833 -595 0 21 0 0 -3 1536
833 0 0 119 0 15 15 0 1536 | 0 -595 -595 0 21 0 0 3 1536
833 0 0 0 0 9 0 0 768 | 0 -119 0 0 7 0 0 0 256
1071 0 0 -119 0 3 3 0 1536 | 0 -119 -119 0 27 0 0 -3 1536
-119 0 0 -119 0 3 9 0 1536 | 0 -119 -357 0 -3 0 0 -3 1536
-119 0 0 0 0 3 2 0 256 | 0 -357 -238 0 -9 0 0 0 768
-119 0 0 119 0 33 9 0 1536 | 0 -1309 -357 0 -3 0 0 3 1536
1071 0 0 119 0 33 3 0 1536 | 0 -1309 -119 0 27 0 0 3 1536
952 0 0 119 0 6 3 0 768 | 0 -238 -119 0 24 0 0 3 768
1547 0 0 119 0 15 -3 0 1536 | 0 -595 119 0 39 0 0 3 1536
1547 0 0 -119 0 21 -3 0 1536 | 0 -833 119 0 39 0 0 -3 1536
952 0 0 -119 0 12 3 0 768 | 0 -476 -119 0 24 0 0 -3 768
2261 0 0 -119 0 21 15 0 1536 | 0 -833 -595 0 57 0 0 -3 1536
1547 0 0 0 0 9 0 0 768 | 0 -119 0 0 13 0 0 0 256
2499 0 0 -119 0 3 3 0 1536 | 0 -119 -119 0 63 0 0 -3 1536
1309 0 0 -119 0 3 9 0 1536 | 0 -119 -357 0 33 0 0 -3 1536
119 0 0 0 0 3 2 0 256 | 0 -357 -238 0 9 0 0 0 768
833 0 0 357 0 -9 -3 0 1536 | 0 357 119 0 21 0 0 9 1536
1190 0 0 119 0 -3 0 0 768 | 0 119 0 0 30 0 0 3 768
1785 0 0 119 0 -21 3 0 1536 | 0 833 -119 0 45 0 0 3 1536
595 0 0 119 0 -21 9 0 1536 | 0 833 -357 0 15 0 0 3 1536
0 0 0 119 0 -3 6 0 768 | 0 119 -238 0 0 0 0 3 768
595 0 0 357 0 9 9 0 1536 | 0 -119 -119 0 5 0 0 3 512
238 0 0 119 0 -3 -6 0 768 | 0 119 238 0 6 0 0 3 768
119 0 0 0 0 0 -3 0 384 | 0 0 119 0 3 0 0 0 384
2023 0 0 119 0 -3 -9 0 1536 | 0 119 357 0 51 0 0 3 1536
238 0 0 0 0 -3 -1 0 256 | 0 357 119 0 18 0 0 0 768
119 0 0 0 0 -9 0 0 768 | 0 119 0 0 1 0 0 0 256
-357 0 0 119 0 -3 3 0 1536 | 0 119 -119 0 -9 0 0 3 1536
119 0 0 119 0 6 0 0 768 | 0 -238 0 0 3 0 0 3 768
714 0 0 119 0 6 -3 0 768 | 0 -238 119 0 18 0 0 3 768
238 0 0 -119 0 3 -6 0 768 | 0 -119 238 0 6 0 0 -3 768
833 0 0 -357 0 9 -3 0 1536 | 0 -357 119 0 21 0 0 -9 1536
2023 0 0 -119 0 3 -9 0 1536 | 0 -119 357 0 51 0 0 -3 1536
714 0 0 -119 0 -6 -3 0 768 | 0 238 119 0 18 0 0 -3 768
119 0 0 -119 0 -6 0 0 768 | 0 238 0 0 3 0 0 -3 768
-357 0 0 -119 0 3 3 0 1536 | 0 -119 -119 0 -9 0 0 -3 1536
119 0 0 0 0 9 0 0 768 | 0 -119 0 0 1 0 0 0 256
238 0 0 0 0 3 -1 0 256 | 0 -357 119 0 18 0 0 0 768
595 0 0 -238 0 6 3 0 768 | 0 -238 -119 0 15 0 0 -6 768
1547 0 0 -357 0 9 15 0 1536 | 0 -357 -595 0 39 0 0 -9 1536
1190 0 0 -119 0 3 0 0 768 | 0 -119 0 0 30 0 0 -3 768
595 0 0 -119 0 -3 1 0 512 | 0 357 -119 0 45 0 0 -9 1536
595 0 0 -357 0 -9 9 0 1536 | 0 119 -119 0 5 0 0 -3 512
0 0 0 -119 0 3 6 0 768 | 0 -119 -238 0 0 0 0 -3 768
595 0 0 -119 0 21 9 0 1536 | 0 -833 -357 0 15 0 0 -3 1536
1785 0 0 -119 0 21 3 0 1536 | 0 -833 -119 0 45 0 0 -3 1536
952 0 0 -119 0 3 12 0 768 | 0 -119 -476 0 24 0 0 -3 768
238 0 0 0 0 0 3 0 192 | 0 0 -119 0 6 0 0 0 192
2737 0 0 -119 0 3 9 0 1536 | 0 -119 -357 0 69 0 0 -3 1536
1071 0 0 -119 0 -6 6 0 768 | 0 238 -238 0 27 0 0 -3 768
476 0 0 -119 0 -6 9 0 768 | 0 238 -357 0 12 0 0 -3 768
357 0 0 -119 0 3 21 0 1536 | 0 -119 -833 0 9 0 0 -3 1536
476 0 0 0 0 9 9 0 768 | 0 -119 -119 0 4 0 0 0 256
357 0 0 0 0 3 2 0 256 | 0 -357 -238 0 27 0 0 0 768
2737 0 0 119 0 -3 9 0 1536 | 0 119 -357 0 69 0 0 3 1536
357 0 0 0 0 -3 2 0 256 | 0 357 -238 0 27 0 0 0 768
476 0 0 0 0 -9 9 0 768 | 0 119 -119 0 4 0 0 0 256
357 0 0 119 0 -3 21 0 1536 | 0 119 -833 0 9 0 0 3 1536
595 0 0 0 0 0 -1 0 256 | 0 0 119 0 45 0 0 0 768
2975 0 0 -119 0 -15 -3 0 1536 | 0 595 119 0 75 0 0 -3 1536
2975 0 0 119 0 15 -3 0 1536 | 0 -595 119 0 75 0 0 3 1536
1190 0 0 -119 0 -15 0 0 768 | 0 595 0 0 30 0 0 -3 768
595 0 0 -119 0 -15 3 0 768 | 0 595 -119 0 15 0 0 -3 768
0 0 0 -119 0 -15 6 0 768 | 0 595 -238 0 0 0 0 -3 768
-595 0 0 -119 0 -15 15 0 1536 | 0 595 -595 0 -15 0 0 -3 1536
-595 0 0 0 0 0 9 0 768 | 0 0 -119 0 -5 0 0 0 256
-595 0 0 119 0 15 15 0 1536 | 0 -595 -595 0 -15 0 0 3 1536
595 0 0 119 0 15 3 0 768 | 0 -595 -119 0 15 0 0 3 768
595 0 0 357 0 -45 3 0 1536 | 0 1785 -119 0 15 0 0 9 1536
1547 0 0 119 0 -33 -3 0 1536 | 0 1309 119 0 39 0 0 3 1536
833 0 0 119 0 -33 15 0 1536 | 0 1309 -595 0 21 0 0 3 1536
833 0 0 357 0 -27 15 0 1536 | 0 1071 -595 0 21 0 0 9 1536
238 0 0 119 0 -24 3 0 768 | 0 952 -119 0 6 0 0 3 768
-119 0 0 119 0 -15 3 0 768 | 0 595 -119 0 -3 0 0 3 768
833 0 0 119 0 -27 -3 0 1536 | 0 1071 119 0 21 0 0 3 1536
595 0 0 0 0 -12 3 0 768 | 0 476 -119 0 15 0 0 0 768
1547 0 0 119 0 -27 15 0 1536 | 0 1071 -595 0 39 0 0 3 1536
1547 0 0 357 0 -33 15 0 1536 | 0 1309 -595 0 39 0 0 9 1536
1785 0 0 119 0 -45 3 0 1536 | 0 1785 -119 0 45 0 0 3 1536
595 0 0 119 0 -45 9 0 1536 | 0 595 -119 0 5 0 0 1 512
0 0 0 119 0 -15 6 0 768 | 0 595 -238 0 0 0 0 3 768
595 0 0 357 0 -15 9 0 1536 | 0 595 -357 0 15 0 0 9 1536
-595 0 0 357 0 -45 -3 0 1536 | 0 1785 119 0 -15 0 0 9 1536
0 0 0 119 0 -6 0 0 384 | 0 238 0 0 0 0 0 3 384
357 0 0 119 0 -33 -9 0 1536 | 0 1309 357 0 9 0 0 3 1536
-357 0 0 119 0 -33 9 0 1536 | 0 1309 -357 0 -9 0 0 3 1536
-119 0 0 119 0 -9 3 0 512 | 0 357 -119 0 -3 0 0 3 512
714 0 0 119 0 -15 0 0 768 | 0 595 0 0 18 0 0 3 768
-357 0 0 119 0 -24 0 0 768 | 0 952 0 0 -9 0 0 3 768
-714 0 0 119 0 -15 0 0 768 | 0 595 0 0 -18 0 0 3 768
0 0 0 119 0 -9 0 0 384 | 0 119 0 0 0 0 0 1 128
-357 0 0 119 0 -27 -9 0 1536 | 0 357 119 0 -3 0 0 1 512
0 0 0 0 0 -1 0 0 64 | 0 119 0 0 0 0 0 0 192
357 0 0 119 0 -27 9 0 1536 | 0 357 -119 0 3 0 0 1 512
119 0 0 119 0 -11 3 0 512 | 0 1309 -357 0 9 0 0 9 1536
595 0 0 119 0 -15 -3 0 768 | 0 595 119 0 15 0 0 3 768
595 0 0 119 0 -45 -3 0 1536 | 0 1785 119 0 15 0 0 3 1536
-595 0 0 119 0 -45 3 0 1536 | 0 1785 -119 0 -15 0 0 3 1536
-595 0 0 119 0 -15 3 0 768 | 0 595 -119 0 -15 0 0 3 768
-595 0 0 357 0 -15 3 0 1536 | 0 595 -119 0 -15 0 0 9 1536
595 0 0 357 0 -15 -3 0 1536 | 0 595 119 0 15 0 0 9 1536
119 0 0 238 0 -3 6 0 768 | 0 119 -238 0 3 0 0 6 768
1309 0 0 357 0 -27 3 0 1536 | 0 1071 -119 0 33 0 0 9 1536
-119 0 0 357 0 -27 3 0 1536 | 0 1071 -119 0 -3 0 0 9 1536
-833 0 0 357 0 -9 3 0 1536 | 0 357 -119 0 -21 0 0 9 1536
-119 0 0 357 0 9 3 0 1536 | 0 -357 -119 0 -3 0 0 9 1536
1309 0 0 357 0 9 3 0 1536 | 0 -357 -119 0 33 0 0 9 1536
119 0 0 238 0 -6 -3 0 768 | 0 238 119 0 3 0 0 6 768
119 0 0 119 0 -3 -3 0 768 | 0 119 119 0 3 0 0 3 768
595 0 0 119 0 -3 3 0 1536 | 0 119 -119 0 15 0 0 3 1536
476 0 0 119 0 -3 6 0 768 | 0 119 -238 0 12 0 0 3 768
238 0 0 119 0 -3 3 0 384 | 0 119 -119 0 6 0 0 3 384
595 0 0 119 0 -12 0 0 768 | 0 476 0 0 15 0 0 3 768
0 0 0 119 0 -12 3 0 768 | 0 476 -119 0 0 0 0 3 768
-595 0 0 357 0 -9 9 0 1536 | 0 119 -119 0 -5 0 0 3 512
0 0 0 238 0 3 3 0 768 | 0 -119 -119 0 0 0 0 6 768
1309 0 0 119 0 -15 -15 0 1536 | 0 595 595 0 33 0 0 3 1536
119 0 0 119 0 -15 -3 0 768 | 0 595 119 0 3 0 0 3 768
-238 0 0 119 0 -6 -3 0 768 | 0 238 119 0 -6 0 0 3 768
119 0 0 119 0 3 -3 0 768 | 0 -119 119 0 3 0 0 3 768
833 0 0 119 0 3 -3 0 768 | 0 -119 119 0 21 0 0 3 768
595 0 0 119 0 -9 -15 0 1536 | 0 357 595 0 15 0 0 3 1536
476 0 0 0 0 -3 -3 0 768 | 0 119 119 0 12 0 0 0 768
1309 0 0 119 0 -9 3 0 1536 | 0 357 -119 0 33 0 0 3 1536
1309 0 0 357 0 -15 3 0 1536 | 0 595 -119 0 33 0 0 9 1536
1547 0 0 119 0 -27 -9 0 1536 | 0 357 119 0 13 0 0 1 512
357 0 0 119 0 -27 -3 0 1536 | 0 1071 119 0 9 0 0 3 1536
-119 0 0 119 0 -6 0 0 768 | 0 238 0 0 -3 0 0 3 768
119 0 0 119 0 1 -1 0 512 | 0 -119 119 0 9 0 0 9 1536
1547 0 0 357 0 3 -9 0 1536 | 0 -119 357 0 39 0 0 9 1536
1309 0 0 -119 0 -21 -15 0 1536 | 0 833 595 0 33 0 0 -3 1536
476 0 0 -119 0 -12 -3 0 768 | 0 476 119 0 12 0 0 -3 768
1190 0 0 0 0 -9 -3 0 768 | 0 357 119 0 30 0 0 0 768
833 0 0 0 0 -18 -3 0 768 | 0 714 119 0 21 0 0 0 768
119 0 0 0 0 -18 -3 0 768 | 0 714 119 0 3 0 0 0 768
833 0 0 0 0 0 -3 0 768 | 0 0 119 0 21 0 0 0 768
476 0 0 119 0 -12 -3 0 768 | 0 476 119 0 12 0 0 3 768
595 0 0 119 0 -21 -15 0 1536 | 0 833 595 0 15 0 0 3 1536
595 0 0 -119 0 -15 -15 0 1536 | 0 595 595 0 15 0 0 -3 1536
476 0 0 -119 0 -6 -3 0 768 | 0 238 119 0 12 0 0 -3 768
1309 0 0 -119 0 -15 3 0 1536 | 0 595 -119 0 33 0 0 -3 1536
1309 0 0 119 0 -21 3 0 1536 | 0 833 -119 0 33 0 0 3 1536
357 0 0 0 0 -3 -2 0 256 | 0 357 238 0 27 0 0 0 768
1547 0 0 -119 0 -33 -9 0 1536 | 0 1309 357 0 39 0 0 -3 1536
357 0 0 -119 0 -33 -3 0 1536 | 0 1309 119 0 9 0 0 -3 1536
-119 0 0 0 0 -9 0 0 768 | 0 119 0 0 -1 0 0 0 256
357 0 0 119 0 -3 -3 0 1536 | 0 119 119 0 9 0 0 3 1536
1547 0 0 119 0 -3 -9 0 1536 | 0 119 357 0 39 0 0 3 1536
595 0 0 -357 0 -27 3 0 1536 | 0 1071 -119 0 15 0 0 -9 1536
119 0 0 -119 0 -12 6 0 768 | 0 476 -238 0 3 0 0 -3 768
2023 0 0 -119 0 -21 3 0 1536 | 0 833 -119 0 51 0 0 -3 1536
1309 0 0 -119 0 -39 3 0 1536 | 0 1547 -119 0 33 0 0 -3 1536
-119 0 0 -119 0 -39 3 0 1536 | 0 1547 -119 0 -3 0 0 -3 1536
-833 0 0 -119 0 -21 3 0 1536 | 0 833 -119 0 -21 0 0 -3 1536
595 0 0 119 0 -27 3 0 1536 | 0 1071 -119 0 15 0 0 3 1536
119 0 0 0 0 -12 -3 0 768 | 0 476 119 0 3 0 0 0 768
119 0 0 -119 0 -9 -3 0 768 | 0 357 119 0 3 0 0 -3 768
595 0 0 -357 0 -15 3 0 1536 | 0 595 -119 0 15 0 0 -9 1536
476 0 0 -119 0 -9 6 0 768 | 0 357 -238 0 12 0 0 -3 768
238 0 0 0 0 -6 3 0 384 | 0 238 -119 0 6 0 0 0 384
1785 0 0 -119 0 -21 -3 0 1536 | 0 833 119 0 45 0 0 -3 1536
595 0 0 -119 0 -18 0 0 768 | 0 238 0 0 5 0 0 -1 256
0 0 0 -119 0 -18 3 0 768 | 0 714 -119 0 0 0 0 -3 768
-595 0 0 -119 0 -21 9 0 1536 | 0 833 -357 0 -15 0 0 -3 1536
0 0 0 0 0 -1 1 0 256 | 0 119 -119 0 0 0 0 0 768
595 0 0 0 0 -3 0 0 768 | 0 119 0 0 15 0 0 0 768
-119 0 0 -119 0 -21 21 0 1536 | 0 833 -833 0 -3 0 0 -3 1536
-119 0 0 119 0 -15 21 0 1536 | 0 595 -833 0 -3 0 0 3 1536
238 0 0 0 0 -9 3 0 384 | 0 357 -119 0 6 0 0 0 384
-119 0 0 0 0 -9 3 0 384 | 0 357 -119 0 -3 0 0 0 384
-595 0 0 0 0 -9 6 0 768 | 0 357 -238 0 -15 0 0 0 768
-119 0 0 0 0 0 3 0 384 | 0 0 -119 0 -3 0 0 0 384
119 0 0 119 0 -12 6 0 768 | 0 476 -238 0 3 0 0 3 768
-119 0 0 119 0 -21 3 0 1536 | 0 833 -119 0 -3 0 0 3 1536
-119 0 0 -119 0 -15 3 0 1536 | 0 595 -119 0 -3 0 0 -3 1536
119 0 0 -119 0 -6 6 0 768 | 0 238 -238 0 3 0 0 -3 768
595 0 0 -119 0 -15 21 0 1536 | 0 595 -833 0 15 0 0 -3 1536
595 0 0 119 0 -21 21 0 1536 | 0 833 -833 0 15 0 0 3 1536
238 0 0 0 0 -3 1 0 256 | 0 357 -119 0 18 0 0 0 768
833 0 0 -119 0 -33 9 0 1536 | 0 1309 -357 0 21 0 0 -3 1536
-357 0 0 -119 0 -33 15 0 1536 | 0 1309 -595 0 -9 0 0 -3 1536
-476 0 0 0 0 -9 9 0 768 | 0 119 -119 0 -4 0 0 0 256
-357 0 0 119 0 -3 15 0 1536 | 0 119 -595 0 -9 0 0 3 1536
833 0 0 119 0 -3 9 0 1536 | 0 119 -357 0 21 0 0 3 1536
-119 0 0 357 0 -9 21 0 1536 | 0 357 -833 0 -3 0 0 9 1536
833 0 0 119 0 -6 6 0 768 | 0 238 -238 0 21 0 0 3 768
476 0 0 119 0 -15 6 0 768 | 0 595 -238 0 12 0 0 3 768
-238 0 0 119 0 -15 6 0 768 | 0 595 -238 0 -6 0 0 3 768
-595 0 0 119 0 -6 6 0 768 | 0 238 -238 0 -15 0 0 3 768
-238 0 0 119 0 3 6 0 768 | 0 -119 -238 0 -6 0 0 3 768
476 0 0 119 0 3 6 0 768 | 0 -119 -238 0 12 0 0 3 768
119 0 0 238 0 -9 6 0 768 | 0 357 -238 0 3 0 0 6 768
-119 0 0 357 0 -15 3 0 1536 | 0 595 -119 0 -3 0 0 9 1536
-119 0 0 119 0 -9 3 0 1536 | 0 357 -119 0 -3 0 0 3 1536
119 0 0 0 0 -3 6 0 768 | 0 119 -238 0 3 0 0 0 768
595 0 0 119 0 -9 21 0 1536 | 0 357 -833 0 15 0 0 3 1536
595 0 0 357 0 -15 21 0 1536 | 0 595 -833 0 15 0 0 9 1536
714 0 0 119 0 -6 3 0 768 | 0 238 -119 0 18 0 0 3 768
833 0 0 119 0 -27 9 0 1536 | 0 357 -119 0 7 0 0 1 512
-357 0 0 119 0 -27 15 0 1536 | 0 1071 -595 0 -9 0 0 3 1536
-476 0 0 119 0 -6 9 0 768 | 0 238 -357 0 -12 0 0 3 768
-119 0 0 119 0 1 5 0 512 | 0 -119 -595 0 -9 0 0 9 1536
833 0 0 357 0 3 9 0 1536 | 0 -119 -357 0 21 0 0 9 1536
833 0 0 119 0 -9 -3 0 768 | 0 357 119 0 21 0 0 3 768
833 0 0 0 0 -6 -3 0 768 | 0 238 119 0 21 0 0 0 768
2023 0 0 -119 0 -9 3 0 1536 | 0 357 -119 0 51 0 0 -3 1536
595 0 0 0 0 -3 3 0 384 | 0 119 -119 0 15 0 0 0 384
1190 0 0 119 0 -9 6 0 768 | 0 357 -238 0 30 0 0 3 768
1309 0 0 0 0 -15 0 0 768 | 0 595 0 0 33 0 0 0 768
238 0 0 0 0 -5 1 0 256 | 0 595 -119 0 18 0 0 0 768
833 0 0 119 0 -15 9 0 1536 | 0 595 -357 0 21 0 0 3 1536
714 0 0 119 0 0 3 0 768 | 0 0 -119 0 18 0 0 3 768
595 0 0 119 0 -51 3 0 1536 | 0 2023 -119 0 15 0 0 3 1536
476 0 0 0 0 -15 -3 0 768 | 0 595 119 0 12 0 0 0 768
1309 0 0 -119 0 -27 3 0 1536 | 0 1071 -119 0 33 0 0 -3 1536
833 0 0 0 0 -15 6 0 768 | 0 595 -238 0 21 0 0 0 768
833 0 0 119 0 -18 6 0 768 | 0 714 -238 0 21 0 0 3 768
119 0 0 0 0 -3 0 0 96 | 0 119 0 0 3 0 0 0 96
119 0 0 0 0 -8 1 0 256 | 0 952 -119 0 9 0 0 0 768
119 0 0 119 0 -33 9 0 1536 | 0 1309 -357 0 3 0 0 3 1536
357 0 0 119 0 -9 3 0 768 | 0 357 -119 0 9 0 0 3 768
952 0 0 119 0 -9 0 0 768 | 0 119 0 0 8 0 0 1 256
-833 0 0 119 0 -51 3 0 1536 | 0 2023 -119 0 -21 0 0 3 1536
-1547 0 0 119 0 -33 3 0 1536 | 0 1309 -119 0 -39 0 0 3 1536
-119 0 0 357 0 -39 3 0 1536 | 0 1547 -119 0 -3 0 0 9 1536
-238 0 0 119 0 -18 -3 0 768 | 0 714 119 0 -6 0 0 3 768
-238 0 0 0 0 -15 -3 0 768 | 0 595 119 0 -6 0 0 0 768
-119 0 0 -119 0 -27 3 0 1536 | 0 1071 -119 0 -3 0 0 -3 1536
119 0 0 0 0 -15 6 0 768 | 0 595 -238 0 3 0 0 0 768
119 0 0 119 0 -18 6 0 768 | 0 714 -238 0 3 0 0 3 768
1071 0 0 119 0 -33 -3 0 1536 | 0 1309 119 0 27 0 0 3 1536
119 0 0 0 0 -12 0 0 384 | 0 476 0 0 3 0 0 0 384
-119 0 0 0 0 -8 1 0 256 | 0 952 -119 0 -9 0 0 0 768
-1309 0 0 119 0 -33 9 0 1536 | 0 1309 -357 0 -33 0 0 3 1536
-357 0 0 119 0 -9 3 0 768 | 0 357 -119 0 -9 0 0 3 768
238 0 0 119 0 -9 0 0 768 | 0 119 0 0 2 0 0 1 256
-2261 0 0 119 0 -15 3 0 1536 | 0 595 -119 0 -57 0 0 3 1536
-833 0 0 357 0 -21 3 0 1536 | 0 833 -119 0 -21 0 0 9 1536
-595 0 0 119 0 -9 -3 0 768 | 0 357 119 0 -15 0 0 3 768
-595 0 0 0 0 -6 -3 0 768 | 0 238 119 0 -15 0 0 0 768
-833 0 0 -119 0 -9 3 0 1536 | 0 357 -119 0 -21 0 0 -3 1536
-119 0 0 0 0 -3 3 0 384 | 0 119 -119 0 -3 0 0 0 384
-238 0 0 119 0 -9 6 0 768 | 0 357 -238 0 -6 0 0 3 768
357 0 0 119 0 -15 -3 0 1536 | 0 595 119 0 9 0 0 3 1536
-119 0 0 0 0 -15 0 0 768 | 0 595 0 0 -3 0 0 0 768
-238 0 0 0 0 -5 1 0 256 | 0 595 -119 0 -18 0 0 0 768
-2023 0 0 119 0 -15 9 0 1536 | 0 595 -357 0 -51 0 0 3 1536
-714 0 0 119 0 0 3 0 768 | 0 0 -119 0 -18 0 0 3 768
-119 0 0 119 0 0 0 0 768 | 0 0 0 0 -1 0 0 1 256
-833 0 0 119 0 21 3 0 1536 | 0 -833 -119 0 -21 0 0 3 1536
-119 0 0 357 0 -3 3 0 1536 | 0 119 -119 0 -3 0 0 9 1536
-238 0 0 119 0 0 -3 0 768 | 0 0 119 0 -6 0 0 3 768
-238 0 0 0 0 3 -3 0 768 | 0 -119 119 0 -6 0 0 0 768
-119 0 0 -119 0 9 3 0 1536 | 0 -357 -119 0 -3 0 0 -3 1536
119 0 0 0 0 3 6 0 768 | 0 -119 -238 0 3 0 0 0 768
119 0 0 119 0 0 6 0 768 | 0 0 -238 0 3 0 0 3 768
1071 0 0 119 0 3 -3 0 1536 | 0 -119 119 0 27 0 0 3 1536
119 0 0 0 0 -3 0 0 384 | 0 119 0 0 3 0 0 0 384
-119 0 0 0 0 -2 1 0 256 | 0 238 -119 0 -9 0 0 0 768
-1309 0 0 119 0 3 9 0 1536 | 0 -119 -357 0 -33 0 0 3 1536
-357 0 0 119 0 9 3 0 768 | 0 -357 -119 0 -9 0 0 3 768
238 0 0 119 0 9 0 0 768 | 0 -119 0 0 2 0 0 1 256
2023 0 0 119 0 21 3 0 1536 | 0 -833 -119 0 51 0 0 3 1536
1309 0 0 357 0 -3 3 0 1536 | 0 119 -119 0 33 0 0 9 1536
476 0 0 119 0 0 -3 0 768 | 0 0 119 0 12 0 0 3 768
476 0 0 0 0 3 -3 0 768 | 0 -119 119 0 12 0 0 0 768
1309 0 0 -119 0 9 3 0 1536 | 0 -357 -119 0 33 0 0 -3 1536
833 0 0 0 0 3 6 0 768 | 0 -119 -238 0 21 0 0 0 768
833 0 0 119 0 0 6 0 768 | 0 0 -238 0 21 0 0 3 768
2499 0 0 119 0 3 -3 0 1536 | 0 -119 119 0 63 0 0 3 1536
476 0 0 0 0 -3 0 0 384 | 0 119 0 0 12 0 0 0 384
119 0 0 0 0 -2 1 0 256 | 0 238 -119 0 9 0 0 0 768
119 0 0 119 0 3 9 0 1536 | 0 -119 -357 0 3 0 0 3 1536
357 0 0 119 0 9 3 0 768 | 0 -357 -119 0 9 0 0 3 768
952 0 0 119 0 9 0 0 768 | 0 -119 0 0 8 0 0 1 256
238 0 0 119 0 -6 3 0 384 | 0 238 -119 0 6 0 0 3 384
595 0 0 119 0 -18 0 0 768 | 0 238 0 0 5 0 0 1 256
0 0 0 119 0 -18 3 0 768 | 0 714 -119 0 0 0 0 3 768
-595 0 0 357 0 -21 9 0 1536 | 0 833 -357 0 -15 0 0 9 1536
0 0 0 238 0 -3 3 0 768 | 0 119 -119 0 0 0 0 6 768
-119 0 0 119 0 -15 -15 0 1536 | 0 595 595 0 -3 0 0 3 1536
833 0 0 119 0 -33 -9 0 1536 | 0 1309 357 0 21 0 0 3 1536
-357 0 0 119 0 -33 -3 0 1536 | 0 1309 119 0 -9 0 0 3 1536
-476 0 0 119 0 -9 0 0 768 | 0 119 0 0 -4 0 0 1 256
-119 0 0 119 0 -1 -1 0 512 | 0 119 119 0 -9 0 0 9 1536
833 0 0 357 0 -3 -9 0 1536 | 0 119 357 0 21 0 0 9 1536
-119 0 0 -119 0 -9 -15 0 1536 | 0 357 595 0 -3 0 0 -3 1536
119 0 0 -119 0 -3 -3 0 768 | 0 119 119 0 3 0 0 -3 768
119 0 0 0 0 -1 -1 0 128 | 0 119 119 0 9 0 0 0 384
833 0 0 -119 0 -27 -9 0 1536 | 0 357 119 0 7 0 0 -1 512
-357 0 0 -119 0 -27 -3 0 1536 | 0 1071 119 0 -9 0 0 -3 1536
-238 0 0 0 0 -3 0 0 384 | 0 119 0 0 -6 0 0 0 384
-357 0 0 119 0 3 -3 0 1536 | 0 -119 119 0 -9 0 0 3 1536
833 0 0 119 0 3 -9 0 1536 | 0 -119 357 0 21 0 0 3 1536
595 0 0 -357 0 -3 3 0 1536 | 0 119 -119 0 15 0 0 -9 1536
476 0 0 -119 0 -3 6 0 768 | 0 119 -238 0 12 0 0 -3 768
1785 0 0 -119 0 -9 -3 0 1536 | 0 357 119 0 45 0 0 -3 1536
595 0 0 -119 0 -12 0 0 768 | 0 476 0 0 15 0 0 -3 768
0 0 0 -119 0 -12 3 0 768 | 0 476 -119 0 0 0 0 -3 768
-595 0 0 -119 0 -9 9 0 1536 | 0 119 -119 0 -5 0 0 -1 512
0 0 0 0 0 1 1 0 256 | 0 -119 -119 0 0 0 0 0 768
595 0 0 0 0 3 0 0 768 | 0 -119 0 0 15 0 0 0 768
1309 0 0 -119 0 -9 21 0 1536 | 0 357 -833 0 33 0 0 -3 1536
1309 0 0 119 0 -15 21 0 1536 | 0 595 -833 0 33 0 0 3 1536
357 0 0 0 0 -2 1 0 256 | 0 238 -119 0 27 0 0 0 768
1547 0 0 -119 0 -27 9 0 1536 | 0 357 -119 0 13 0 0 -1 512
357 0 0 -119 0 -27 15 0 1536 | 0 1071 -595 0 9 0 0 -3 1536
-119 0 0 0 0 -6 9 0 768 | 0 238 -357 0 -3 0 0 0 768
357 0 0 119 0 3 15 0 1536 | 0 -119 -595 0 9 0 0 3 1536
1547 0 0 119 0 3 9 0 1536 | 0 -119 -357 0 39 0 0 3 1536
1309 0 0 357 0 -21 21 0 1536 | 0 833 -833 0 33 0 0 9 1536
1071 0 0 119 0 -9 3 0 768 | 0 357 -119 0 27 0 0 3 768
1547 0 0 119 0 -33 9 0 1536 | 0 1309 -357 0 39 0 0 3 1536
357 0 0 119 0 -33 15 0 1536 | 0 1309 -595 0 9 0 0 3 1536
-119 0 0 119 0 -9 9 0 768 | 0 119 -119 0 -1 0 0 1 256
119 0 0 119 0 -1 5 0 512 | 0 119 -595 0 9 0 0 9 1536
1547 0 0 357 0 -3 9 0 1536 | 0 119 -357 0 39 0 0 9 1536
1190 0 0 0 0 -15 -3 0 768 | 0 595 119 0 30 0 0 0 768
1190 0 0 119 0 0 -3 0 768 | 0 0 119 0 30 0 0 3 768
1785 0 0 -119 0 -45 -3 0 1536 | 0 1785 119 0 45 0 0 -3 1536
595 0 0 -119 0 -45 3 0 1536 | 0 1785 -119 0 15 0 0 -3 1536
-595 0 0 -119 0 -45 9 0 1536 | 0 595 -119 0 -5 0 0 -1 512
-595 0 0 0 0 -15 6 0 768 | 0 595 -238 0 -15 0 0 0 768
-1785 0 0 119 0 -15 15 0 1536 | 0 595 -595 0 -45 0 0 3 1536
-595 0 0 119 0 0 6 0 768 | 0 0 -238 0 -15 0 0 3 768
-595 0 0 357 0 15 9 0 1536 | 0 -595 -357 0 -15 0 0 9 1536
595 0 0 357 0 15 3 0 1536 | 0 -595 -119 0 15 0 0 9 1536
-1190 0 0 119 0 -15 -6 0 768 | 0 595 238 0 -30 0 0 3 768
-595 0 0 238 0 -12 -3 0 768 | 0 476 119 0 -15 0 0 6 768
-595 0 0 0 0 -18 -3 0 768 | 0 714 119 0 -15 0 0 0 768
-1547 0 0 357 0 -27 3 0 1536 | 0 1071 -119 0 -39 0 0 9 1536
-1309 0 0 119 0 -15 -3 0 768 | 0 595 119 0 -33 0 0 3 768
-952 0 0 119 0 -6 -3 0 768 | 0 238 119 0 -24 0 0 3 768
-595 0 0 238 0 -18 -3 0 768 | 0 714 119 0 -15 0 0 6 768
-595 0 0 0 0 -12 -3 0 768 | 0 476 119 0 -15 0 0 0 768
-833 0 0 119 0 -27 3 0 1536 | 0 1071 -119 0 -21 0 0 3 1536
-833 0 0 357 0 -33 3 0 1536 | 0 1309 -119 0 -21 0 0 9 1536
-1785 0 0 119 0 -45 -3 0 1536 | 0 1785 119 0 -45 0 0 3 1536
-1190 0 0 119 0 -15 0 0 768 | 0 595 0 0 -30 0 0 3 768
-595 0 0 119 0 -5 -1 0 512 | 0 595 119 0 -45 0 0 9 1536
-595 0 0 357 0 -15 -9 0 1536 | 0 595 357 0 -15 0 0 9 1536
-2975 0 0 119 0 -15 -15 0 1536 | 0 595 595 0 -75 0 0 3 1536
-595 0 0 119 0 -3 -3 0 512 | 0 119 119 0 -15 0 0 3 512
-714 0 0 119 0 -6 -9 0 768 | 0 238 357 0 -18 0 0 3 768
-1785 0 0 -119 0 -21 -9 0 1536 | 0 833 357 0 -45 0 0 -3 1536
-1071 0 0 119 0 -6 0 0 768 | 0 238 0 0 -27 0 0 3 768
-1071 0 0 119 0 -33 -9 0 1536 | 0 1309 357 0 -27 0 0 3 1536
-3213 0 0 119 0 -15 -9 0 1536 | 0 595 357 0 -81 0 0 3 1536
-2499 0 0 119 0 3 -9 0 1536 | 0 -119 357 0 -63 0 0 3 1536
-595 0 0 119 0 -7 -3 0 512 | 0 833 357 0 -45 0 0 9 1536
-1071 0 0 119 0 -9 -9 0 768 | 0 119 119 0 -9 0 0 1 256
-1785 0 0 -119 0 -9 -9 0 1536 | 0 119 119 0 -15 0 0 -1 512
-119 0 0 0 0 -1 0 0 128 | 0 119 0 0 -9 0 0 0 384
-714 0 0 119 0 -9 0 0 768 | 0 119 0 0 -6 0 0 1 256
-595 0 0 119 0 -15 -15 0 1536 | 0 595 595 0 -15 0 0 3 1536
-595 0 0 0 0 -15 -6 0 768 | 0 595 238 0 -15 0 0 0 768
-1190 0 0 0 0 -15 -3 0 768 | 0 595 119 0 -30 0 0 0 768
-2975 0 0 119 0 -15 -3 0 1536 | 0 595 119 0 -75 0 0 3 1536
-1190 0 0 119 0 0 -3 0 768 | 0 0 119 0 -30 0 0 3 768
-595 0 0 119 0 0 -6 0 768 | 0 0 238 0 -15 0 0 3 768
-595 0 0 595 0 -3 -3 0 1536 | 0 119 119 0 -15 0 0 15 1536
-119 0 0 238 0 -3 -6 0 768 | 0 119 238 0 -3 0 0 6 768
-476 0 0 238 0 -3 3 0 768 | 0 119 -119 0 -12 0 0 6 768
119 0 0 357 0 -27 -3 0 1536 | 0 1071 119 0 3 0 0 9 1536
-1309 0 0 357 0 -27 -3 0 1536 | 0 1071 119 0 -33 0 0 9 1536
-2023 0 0 357 0 -9 -3 0 1536 | 0 357 119 0 -51 0 0 9 1536
-1309 0 0 357 0 9 -3 0 1536 | 0 -357 119 0 -33 0 0 9 1536
119 0 0 357 0 9 -3 0 1536 | 0 -357 119 0 3 0 0 9 1536
-595 0 0 595 0 -15 -3 0 1536 | 0 595 119 0 -15 0 0 15 1536
-238 0 0 119 0 -3 -3 0 384 | 0 119 119 0 -6 0 0 3 384
-476 0 0 119 0 -3 -6 0 768 | 0 119 238 0 -12 0 0 3 768
-119 0 0 238 0 -6 3 0 768 | 0 238 -119 0 -3 0 0 6 768
595 0 0 357 0 -9 -9 0 1536 | 0 119 119 0 5 0 0 3 512
0 0 0 119 0 -12 -3 0 768 | 0 476 119 0 0 0 0 3 768
-595 0 0 119 0 -12 0 0 768 | 0 476 0 0 -15 0 0 3 768
-595 0 0 119 0 -3 1 0 512 | 0 357 -119 0 -45 0 0 9 1536
-595 0 0 238 0 3 0 0 768 | 0 -119 0 0 -15 0 0 6 768
0 0 0 238 0 3 -3 0 768 | 0 -119 119 0 0 0 0 6 768
595 0 0 119 0 -6 -6 0 768 | 0 238 238 0 15 0 0 3 768
-476 0 0 119 0 -15 -6 0 768 | 0 595 238 0 -12 0 0 3 768
-833 0 0 119 0 -6 -6 0 768 | 0 238 238 0 -21 0 0 3 768
-476 0 0 119 0 3 -6 0 768 | 0 -119 238 0 -12 0 0 3 768
238 0 0 119 0 3 -6 0 768 | 0 -119 238 0 6 0 0 3 768
-119 0 0 238 0 -9 -6 0 768 | 0 357 238 0 -3 0 0 6 768
-595 0 0 119 0 -9 -21 0 1536 | 0 357 833 0 -15 0 0 3 1536
-119 0 0 0 0 -3 -6 0 768 | 0 119 238 0 -3 0 0 0 768
119 0 0 119 0 -9 -3 0 1536 | 0 357 119 0 3 0 0 3 1536
119 0 0 357 0 -15 -3 0 1536 | 0 595 119 0 3 0 0 9 1536
-833 0 0 119 0 -27 -9 0 1536 | 0 357 119 0 -7 0 0 1 512
-714 0 0 119 0 -6 -3 0 768 | 0 238 119 0 -18 0 0 3 768
-833 0 0 357 0 3 -9 0 1536 | 0 -119 357 0 -21 0 0 9 1536
119 0 0 119 0 1 -5 0 512 | 0 -119 595 0 9 0 0 9 1536
-119 0 0 -119 0 -12 -6 0 768 | 0 476 238 0 -3 0 0 -3 768
595 0 0 0 0 -9 -6 0 768 | 0 357 238 0 15 0 0 0 768
-833 0 0 0 0 -9 -6 0 768 | 0 357 238 0 -21 0 0 0 768
-238 0 0 0 0 0 -3 0 384 | 0 0 119 0 -6 0 0 0 384
-119 0 0 119 0 -12 -6 0 768 | 0 476 238 0 -3 0 0 3 768
-119 0 0 -119 0 -6 -6 0 768 | 0 238 238 0 -3 0 0 -3 768
476 0 0 0 0 -9 -9 0 768 | 0 119 119 0 4 0 0 0 256
-833 0 0 -119 0 -33 -9 0 1536 | 0 1309 357 0 -21 0 0 -3 1536
-238 0 0 0 0 -3 -1 0 256 | 0 357 119 0 -18 0 0 0 768
-833 0 0 119 0 -3 -9 0 1536 | 0 119 357 0 -21 0 0 3 1536
357 0 0 119 0 -3 -15 0 1536 | 0 119 595 0 9 0 0 3 1536
-595 0 0 -357 0 -27 -3 0 1536 | 0 1071 119 0 -15 0 0 -9 1536
-476 0 0 -119 0 -12 3 0 768 | 0 476 -119 0 -12 0 0 -3 768
119 0 0 -119 0 -39 -3 0 1536 | 0 1547 119 0 3 0 0 -3 1536
-1309 0 0 -119 0 -39 -3 0 1536 | 0 1547 119 0 -33 0 0 -3 1536
-2023 0 0 -119 0 -21 -3 0 1536 | 0 833 119 0 -51 0 0 -3 1536
-595 0 0 119 0 -27 -3 0 1536 | 0 1071 119 0 -15 0 0 3 1536
-238 0 0 0 0 -6 -3 0 384 | 0 238 119 0 -6 0 0 0 384
-476 0 0 -119 0 -9 -6 0 768 | 0 357 238 0 -12 0 0 -3 768
-595 0 0 -357 0 -15 -3 0 1536 | 0 595 119 0 -15 0 0 -9 1536
-119 0 0 -119 0 -9 3 0 768 | 0 357 -119 0 -3 0 0 -3 768
-119 0 0 0 0 -12 3 0 768 | 0 476 -119 0 -3 0 0 0 768
595 0 0 -119 0 -21 -9 0 1536 | 0 833 357 0 15 0 0 -3 1536
0 0 0 -119 0 -18 -3 0 768 | 0 714 119 0 0 0 0 -3 768
-595 0 0 -119 0 -18 0 0 768 | 0 238 0 0 -5 0 0 -1 256
-1785 0 0 -119 0 -21 3 0 1536 | 0 833 -119 0 -45 0 0 -3 1536
-595 0 0 0 0 -3 0 0 768 | 0 119 0 0 -15 0 0 0 768
0 0 0 0 0 -1 -1 0 256 | 0 119 119 0 0 0 0 0 768
-1309 0 0 -119 0 -21 15 0 1536 | 0 833 -595 0 -33 0 0 -3 1536
-1309 0 0 119 0 -15 15 0 1536 | 0 595 -595 0 -33 0 0 3 1536
-833 0 0 0 0 -18 3 0 768 | 0 714 -119 0 -21 0 0 0 768
-1190 0 0 0 0 -9 3 0 768 | 0 357 -119 0 -30 0 0 0 768
-476 0 0 119 0 -12 3 0 768 | 0 476 -119 0 -12 0 0 3 768
-1309 0 0 119 0 -21 -3 0 1536 | 0 833 119 0 -33 0 0 3 1536
-1309 0 0 -119 0 -15 -3 0 1536 | 0 595 119 0 -33 0 0 -3 1536
-476 0 0 -119 0 -6 3 0 768 | 0 238 -119 0 -12 0 0 -3 768
-595 0 0 119 0 -21 15 0 1536 | 0 833 -595 0 -15 0 0 3 1536
-357 0 0 -119 0 -33 3 0 1536 | 0 1309 -119 0 -9 0 0 -3 1536
-1547 0 0 -119 0 -33 9 0 1536 | 0 1309 -357 0 -39 0 0 -3 1536
-357 0 0 0 0 -3 2 0 256 | 0 357 -238 0 -27 0 0 0 768
-1547 0 0 119 0 -3 9 0 1536 | 0 119 -357 0 -39 0 0 3 1536
-1309 0 0 357 0 -9 15 0 1536 | 0 357 -595 0 -33 0 0 9 1536
-833 0 0 119 0 -15 3 0 768 | 0 595 -119 0 -21 0 0 3 768
-1190 0 0 119 0 -6 3 0 768 | 0 238 -119 0 -30 0 0 3 768
-833 0 0 119 0 3 3 0 768 | 0 -119 -119 0 -21 0 0 3 768
-476 0 0 238 0 -9 3 0 768 | 0 357 -119 0 -12 0 0 6 768
-1309 0 0 357 0 -15 -3 0 1536 | 0 595 119 0 -33 0 0 9 1536
-1309 0 0 119 0 -9 -3 0 1536 | 0 357 119 0 -33 0 0 3 1536
-476 0 0 0 0 -3 3 0 768 | 0 119 -119 0 -12 0 0 0 768
-595 0 0 119 0 -9 15 0 1536 | 0 357 -595 0 -15 0 0 3 1536
-595 0 0 357 0 -15 15 0 1536 | 0 595 -595 0 -15 0 0 9 1536
119 0 0 119 0 -6 0 0 768 | 0 238 0 0 3 0 0 3 768
-357 0 0 119 0 -27 3 0 1536 | 0 1071 -119 0 -9 0 0 3 1536
-1547 0 0 119 0 -27 9 0 1536 | 0 357 -119 0 -13 0 0 1 512
-1071 0 0 119 0 -6 6 0 768 | 0 238 -238 0 -27 0 0 3 768
-1547 0 0 357 0 3 9 0 1536 | 0 -119 -357 0 -39 0 0 9 1536
-119 0 0 119 0 1 1 0 512 | 0 -119 -119 0 -9 0 0 9 1536
833 0 0 357 0 -21 -3 0 1536 | 0 833 119 0 21 0 0 9 1536
238 0 0 119 0 -9 -6 0 768 | 0 357 238 0 6 0 0 3 768
119 0 0 0 0 -3 -3 0 384 | 0 119 119 0 3 0 0 0 384
595 0 0 119 0 -9 3 0 768 | 0 357 -119 0 15 0 0 3 768
2023 0 0 119 0 -15 -9 0 1536 | 0 595 357 0 51 0 0 3 1536
238 0 0 0 0 -5 -1 0 256 | 0 595 119 0 18 0 0 0 768
119 0 0 0 0 -15 0 0 768 | 0 595 0 0 3 0 0 0 768
-357 0 0 119 0 -15 3 0 1536 | 0 595 -119 0 -9 0 0 3 1536
119 0 0 119 0 0 0 0 768 | 0 0 0 0 1 0 0 1 256
714 0 0 119 0 0 -3 0 768 | 0 0 119 0 18 0 0 3 768
119 0 0 357 0 -39 -3 0 1536 | 0 1547 119 0 3 0 0 9 1536
-119 0 0 0 0 -15 -6 0 768 | 0 595 238 0 -3 0 0 0 768
119 0 0 -119 0 -27 -3 0 1536 | 0 1071 119 0 3 0 0 -3 1536
238 0 0 0 0 -15 3 0 768 | 0 595 -119 0 6 0 0 0 768
238 0 0 119 0 -18 3 0 768 | 0 714 -119 0 6 0 0 3 768
-119 0 0 0 0 -12 0 0 384 | 0 476 0 0 -3 0 0 0 384
-1071 0 0 119 0 -33 3 0 1536 | 0 1309 -119 0 -27 0 0 3 1536
-238 0 0 119 0 -9 0 0 768 | 0 119 0 0 -2 0 0 1 256
357 0 0 119 0 -9 -3 0 768 | 0 357 119 0 9 0 0 3 768
-2737 0 0 119 0 -33 -3 0 1536 | 0 1309 119 0 -69 0 0 3 1536
-1309 0 0 357 0 -39 -3 0 1536 | 0 1547 119 0 -33 0 0 9 1536
-1309 0 0 -119 0 -27 -3 0 1536 | 0 1071 119 0 -33 0 0 -3 1536
-476 0 0 0 0 -15 3 0 768 | 0 595 -119 0 -12 0 0 0 768
-476 0 0 119 0 -18 3 0 768 | 0 714 -119 0 -12 0 0 3 768
-119 0 0 119 0 -33 -9 0 1536 | 0 1309 357 0 -3 0 0 3 1536
-119 0 0 0 0 -3 0 0 96 | 0 119 0 0 -3 0 0 0 96
-2499 0 0 119 0 -33 3 0 1536 | 0 1309 -119 0 -63 0 0 3 1536
-952 0 0 119 0 -9 0 0 768 | 0 119 0 0 -8 0 0 1 256
-357 0 0 119 0 -9 -3 0 768 | 0 357 119 0 -9 0 0 3 768
-3451 0 0 119 0 -15 -3 0 1536 | 0 595 119 0 -87 0 0 3 1536
-2737 0 0 119 0 3 -3 0 1536 | 0 -119 119 0 -69 0 0 3 1536
-2023 0 0 357 0 -21 -3 0 1536 | 0 833 119 0 -51 0 0 9 1536
-1190 0 0 119 0 -9 -6 0 768 | 0 357 238 0 -30 0 0 3 768
-595 0 0 0 0 -3 -3 0 384 | 0 119 119 0 -15 0 0 0 384
-2023 0 0 -119 0 -9 -3 0 1536 | 0 357 119 0 -51 0 0 -3 1536
-833 0 0 0 0 -6 3 0 768 | 0 238 -119 0 -21 0 0 0 768
-833 0 0 119 0 -9 3 0 768 | 0 357 -119 0 -21 0 0 3 768
-833 0 0 119 0 -15 -9 0 1536 | 0 595 357 0 -21 0 0 3 1536
-238 0 0 0 0 -5 -1 0 256 | 0 595 119 0 -18 0 0 0 768
-1309 0 0 0 0 -15 0 0 768 | 0 595 0 0 -33 0 0 0 768
-3213 0 0 119 0 -15 3 0 1536 | 0 595 -119 0 -81 0 0 3 1536
-1309 0 0 119 0 0 0 0 768 | 0 0 0 0 -11 0 0 1 256
-714 0 0 119 0 0 -3 0 768 | 0 0 119 0 -18 0 0 3 768
-2023 0 0 119 0 21 -3 0 1536 | 0 -833 119 0 -51 0 0 3 1536
-1309 0 0 357 0 -3 -3 0 1536 | 0 119 119 0 -33 0 0 9 1536
-833 0 0 119 0 0 -6 0 768 | 0 0 238 0 -21 0 0 3 768
-833 0 0 0 0 3 -6 0 768 | 0 -119 238 0 -21 0 0 0 768
-1309 0 0 -119 0 9 -3 0 1536 | 0 -357 119 0 -33 0 0 -3 1536
-476 0 0 0 0 3 3 0 768 | 0 -119 -119 0 -12 0 0 0 768
-476 0 0 119 0 0 3 0 768 | 0 0 -119 0 -12 0 0 3 768
-119 0 0 119 0 3 -9 0 1536 | 0 -119 357 0 -3 0 0 3 1536
-119 0 0 0 0 -2 -1 0 256 | 0 238 119 0 -9 0 0 0 768
-476 0 0 0 0 -3 0 0 384 | 0 119 0 0 -12 0 0 0 384
-2499 0 0 119 0 3 3 0 1536 | 0 -119 -119 0 -63 0 0 3 1536
-952 0 0 119 0 9 0 0 768 | 0 -119 0 0 -8 0 0 1 256
-357 0 0 119 0 9 -3 0 768 | 0 -357 119 0 -9 0 0 3 768
119 0 0 357 0 -3 -3 0 1536 | 0 119 119 0 3 0 0 9 1536
-119 0 0 119 0 0 -6 0 768 | 0 0 238 0 -3 0 0 3 768
-119 0 0 0 0 3 -6 0 768 | 0 -119 238 0 -3 0 0 0 768
119 0 0 -119 0 9 -3 0 1536 | 0 -357 119 0 3 0 0 -3 1536
1309 0 0 119 0 3 -9 0 1536 | 0 -119 357 0 33 0 0 3 1536
119 0 0 0 0 -2 -1 0 256 | 0 238 119 0 9 0 0 0 768
-119 0 0 0 0 -3 0 0 384 | 0 119 0 0 -3 0 0 0 384
-1071 0 0 119 0 3 3 0 1536 | 0 -119 -119 0 -27 0 0 3 1536
-238 0 0 119 0 9 0 0 768 | 0 -119 0 0 -2 0 0 1 256
357 0 0 119 0 9 -3 0 768 | 0 -357 119 0 9 0 0 3 768
-595 0 0 595 0 -27 -3 0 1536 | 0 1071 119 0 -15 0 0 15 1536
-238 0 0 119 0 -6 -3 0 384 | 0 238 119 0 -6 0 0 3 384
-119 0 0 238 0 -12 3 0 768 | 0 476 -119 0 -3 0 0 6 768
595 0 0 357 0 -21 -9 0 1536 | 0 833 357 0 15 0 0 9 1536
0 0 0 119 0 -18 -3 0 768 | 0 714 119 0 0 0 0 3 768
-595 0 0 119 0 -18 0 0 768 | 0 238 0 0 -5 0 0 1 256
-595 0 0 119 0 -7 1 0 512 | 0 833 -119 0 -45 0 0 9 1536
-595 0 0 238 0 -3 0 0 768 | 0 119 0 0 -15 0 0 6 768
0 0 0 238 0 -3 -3 0 768 | 0 119 119 0 0 0 0 6 768
-1547 0 0 119 0 -33 -9 0 1536 | 0 1309 357 0 -39 0 0 3 1536
-1071 0 0 119 0 -9 -3 0 768 | 0 357 119 0 -27 0 0 3 768
-1547 0 0 357 0 -3 -9 0 1536 | 0 119 357 0 -39 0 0 9 1536
-119 0 0 119 0 -1 -5 0 512 | 0 119 595 0 -9 0 0 9 1536
-476 0 0 -119 0 -3 -6 0 768 | 0 119 238 0 -12 0 0 -3 768
119 0 0 0 0 -6 -9 0 768 | 0 238 357 0 3 0 0 0 768
-1547 0 0 -119 0 -27 -9 0 1536 | 0 357 119 0 -13 0 0 -1 512
-357 0 0 0 0 -2 -1 0 256 | 0 238 119 0 -27 0 0 0 768
-1547 0 0 119 0 3 -9 0 1536 | 0 -119 357 0 -39 0 0 3 1536
-357 0 0 119 0 3 -15 0 1536 | 0 -119 595 0 -9 0 0 3 1536
-595 0 0 -357 0 -3 -3 0 1536 | 0 119 119 0 -15 0 0 -9 1536
595 0 0 -119 0 -9 -9 0 1536 | 0 119 119 0 5 0 0 -1 512
0 0 0 -119 0 -12 -3 0 768 | 0 476 119 0 0 0 0 -3 768
-595 0 0 -119 0 -12 0 0 768 | 0 476 0 0 -15 0 0 -3 768
-1785 0 0 -119 0 -9 3 0 1536 | 0 357 -119 0 -45 0 0 -3 1536
-595 0 0 0 0 3 0 0 768 | 0 -119 0 0 -15 0 0 0 768
0 0 0 0 0 1 -1 0 256 | 0 -119 119 0 0 0 0 0 768
119 0 0 -119 0 -9 15 0 1536 | 0 357 -595 0 3 0 0 -3 1536
357 0 0 -119 0 -27 3 0 1536 | 0 1071 -119 0 9 0 0 -3 1536
-833 0 0 -119 0 -27 9 0 1536 | 0 357 -119 0 -7 0 0 -1 512
-119 0 0 0 0 -1 1 0 128 | 0 119 -119 0 -9 0 0 0 384
-833 0 0 119 0 3 9 0 1536 | 0 -119 -357 0 -21 0 0 3 1536
119 0 0 357 0 -21 15 0 1536 | 0 833 -595 0 3 0 0 9 1536
476 0 0 119 0 -9 0 0 768 | 0 119 0 0 4 0 0 1 256
357 0 0 119 0 -33 3 0 1536 | 0 1309 -119 0 9 0 0 3 1536
-833 0 0 119 0 -33 9 0 1536 | 0 1309 -357 0 -21 0 0 3 1536
-714 0 0 119 0 -9 6 0 768 | 0 357 -238 0 -18 0 0 3 768
-833 0 0 357 0 -3 9 0 1536 | 0 119 -357 0 -21 0 0 9 1536
119 0 0 119 0 -1 1 0 512 | 0 119 -119 0 9 0 0 9 1536
595 0 0 0 0 -15 -6 0 768 | 0 595 238 0 15 0 0 0 768
-595 0 0 -119 0 -45 -3 0 1536 | 0 1785 119 0 -15 0 0 -3 1536
-1785 0 0 -119 0 -45 3 0 1536 | 0 1785 -119 0 -45 0 0 -3 1536
-1190 0 0 0 0 -15 3 0 768 | 0 595 -119 0 -30 0 0 0 768
-2975 0 0 119 0 -15 9 0 1536 | 0 595 -357 0 -75 0 0 3 1536
-1190 0 0 119 0 0 3 0 768 | 0 0 -119 0 -30 0 0 3 768
-595 0 0 119 0 5 1 0 512 | 0 -595 -119 0 -45 0 0 9 1536
-595 0 0 357 0 15 -3 0 1536 | 0 -595 119 0 -15 0 0 9 1536
595 0 0 357 0 15 -9 0 1536 | 0 -595 357 0 15 0 0 9 1536
-2975 0 0 -119 0 15 -15 0 1536 | 0 -595 595 0 -75 0 0 -3 1536
-1190 0 0 119 0 3 -6 0 768 | 0 -119 238 0 -30 0 0 3 768
-2023 0 0 119 0 3 -21 0 1536 | 0 -119 833 0 -51 0 0 3 1536
-2737 0 0 -119 0 -3 -3 0 1536 | 0 119 119 0 -69 0 0 -3 1536
-1547 0 0 0 0 9 -6 0 768 | 0 -357 238 0 -39 0 0 0 768
-833 0 0 0 0 9 -6 0 768 | 0 -357 238 0 -21 0 0 0 768
-1190 0 0 119 0 -3 -6 0 768 | 0 119 238 0 -30 0 0 3 768
-2737 0 0 119 0 -3 -21 0 1536 | 0 119 833 0 -69 0 0 3 1536
-2023 0 0 -119 0 3 -3 0 1536 | 0 -119 119 0 -51 0 0 -3 1536
-2023 0 0 119 0 -3 -3 0 1536 | 0 119 119 0 -51 0 0 3 1536
-595 0 0 0 0 0 -9 0 768 | 0 0 119 0 -5 0 0 0 256
-595 0 0 0 0 0 -1 0 256 | 0 0 119 0 -45 0 0 0 768
-2975 0 0 119 0 15 -9 0 1536 | 0 -595 357 0 -75 0 0 3 1536
-1785 0 0 119 0 15 -15 0 1536 | 0 -595 595 0 -45 0 0 3 1536
-1190 0 0 -119 0 15 -6 0 768 | 0 -595 238 0 -30 0 0 -3 768
-1785 0 0 119 0 21 -9 0 1536 | 0 -833 357 0 -45 0 0 3 1536
-238 0 0 0 0 3 -3 0 256 | 0 -119 119 0 -6 0 0 0 256
-714 0 0 -119 0 6 -9 0 768 | 0 -238 357 0 -18 0 0 -3 768
-1071 0 0 -119 0 6 0 0 768 | 0 -238 0 0 -27 0 0 -3 768
-2499 0 0 -119 0 -3 -9 0 1536 | 0 119 357 0 -63 0 0 -3 1536
-2499 0 0 -119 0 33 -9 0 1536 | 0 -1309 357 0 -63 0 0 -3 1536
-1071 0 0 -119 0 33 -9 0 1536 | 0 -1309 357 0 -27 0 0 -3 1536
-1785 0 0 119 0 9 -9 0 1536 | 0 -119 119 0 -15 0 0 1 512
-357 0 0 0 0 2 -3 0 256 | 0 -238 357 0 -27 0 0 0 768
-1071 0 0 -119 0 9 -9 0 768 | 0 -119 119 0 -9 0 0 -1 256
-714 0 0 -119 0 9 0 0 768 | 0 -119 0 0 -6 0 0 -1 256
-119 0 0 0 0 1 0 0 128 | 0 -119 0 0 -9 0 0 0 384
-595 0 0 -119 0 15 -15 0 1536 | 0 -595 595 0 -15 0 0 -3 1536
-595 0 0 -119 0 0 -6 0 768 | 0 0 238 0 -15 0 0 -3 768
-1190 0 0 -119 0 0 -3 0 768 | 0 0 119 0 -30 0 0 -3 768
-2975 0 0 -119 0 15 -3 0 1536 | 0 -595 119 0 -75 0 0 -3 1536
-1190 0 0 0 0 15 -3 0 768 | 0 -595 119 0 -30 0 0 0 768
-595 0 0 0 0 15 -6 0 768 | 0 -595 238 0 -15 0 0 0 768
-595 0 0 238 0 6 -3 0 768 | 0 -238 119 0 -15 0 0 6 768
-833 0 0 357 0 9 -15 0 1536 | 0 -357 595 0 -21 0 0 9 1536
-1547 0 0 357 0 9 3 0 1536 | 0 -357 -119 0 -39 0 0 9 1536
-1309 0 0 119 0 3 -3 0 768 | 0 -119 119 0 -33 0 0 3 768
-952 0 0 119 0 12 -3 0 768 | 0 -476 119 0 -24 0 0 3 768
-238 0 0 119 0 12 -3 0 768 | 0 -476 119 0 -6 0 0 3 768
-595 0 0 238 0 0 -3 0 768 | 0 0 119 0 -15 0 0 6 768
-1547 0 0 357 0 3 -15 0 1536 | 0 -119 595 0 -39 0 0 9 1536
-1547 0 0 119 0 9 -15 0 1536 | 0 -357 595 0 -39 0 0 3 1536
-595 0 0 0 0 6 -3 0 768 | 0 -238 119 0 -15 0 0 0 768
-833 0 0 119 0 9 3 0 1536 | 0 -357 -119 0 -21 0 0 3 1536
-833 0 0 357 0 3 3 0 1536 | 0 -119 -119 0 -21 0 0 9 1536
0 0 0 119 0 3 -6 0 768 | 0 -119 238 0 0 0 0 3 768
-595 0 0 119 0 -9 -9 0 1536 | 0 119 119 0 -5 0 0 1 512
-1785 0 0 119 0 -9 -3 0 1536 | 0 357 119 0 -45 0 0 3 1536
-1190 0 0 119 0 3 0 0 768 | 0 -119 0 0 -30 0 0 3 768
-595 0 0 119 0 7 -1 0 512 | 0 -833 119 0 -45 0 0 9 1536
-595 0 0 357 0 21 -9 0 1536 | 0 -833 357 0 -15 0 0 9 1536
-238 0 0 119 0 3 -12 0 768 | 0 -119 476 0 -6 0 0 3 768
-119 0 0 0 0 0 -6 0 384 | 0 0 238 0 -3 0 0 0 384
595 0 0 119 0 3 -15 0 1536 | 0 -119 595 0 15 0 0 3 1536
-1547 0 0 119 0 -15 -15 0 1536 | 0 595 595 0 -39 0 0 3 1536
-2261 0 0 119 0 3 -15 0 1536 | 0 -119 595 0 -57 0 0 3 1536
-1547 0 0 119 0 21 -15 0 1536 | 0 -833 595 0 -39 0 0 3 1536
-119 0 0 119 0 21 -15 0 1536 | 0 -833 595 0 -3 0 0 3 1536
-833 0 0 357 0 -3 -15 0 1536 | 0 119 595 0 -21 0 0 9 1536
-595 0 0 119 0 0 -12 0 768 | 0 0 476 0 -15 0 0 3 768
-595 0 0 0 0 3 -12 0 768 | 0 -119 476 0 -15 0 0 0 768
-833 0 0 -119 0 9 -15 0 1536 | 0 -357 595 0 -21 0 0 -3 1536
357 0 0 119 0 3 -21 0 1536 | 0 -119 833 0 9 0 0 3 1536
-119 0 0 0 0 -6 -9 0 768 | 0 238 357 0 -3 0 0 0 768
-119 0 0 0 0 -1 -1 0 128 | 0 119 119 0 -9 0 0 0 384
-2023 0 0 119 0 3 -9 0 1536 | 0 -119 357 0 -51 0 0 3 1536
-714 0 0 119 0 9 -6 0 768 | 0 -357 238 0 -18 0 0 3 768
-119 0 0 119 0 9 -9 0 768 | 0 -119 119 0 -1 0 0 1 256
595 0 0 -119 0 -3 -15 0 1536 | 0 119 595 0 15 0 0 -3 1536
-119 0 0 -119 0 -21 -15 0 1536 | 0 833 595 0 -3 0 0 -3 1536
-2261 0 0 -119 0 -3 -15 0 1536 | 0 119 595 0 -57 0 0 -3 1536
-1547 0 0 -119 0 15 -15 0 1536 | 0 -595 595 0 -39 0 0 -3 1536
-119 0 0 -119 0 15 -15 0 1536 | 0 -595 595 0 -3 0 0 -3 1536
-833 0 0 119 0 -9 -15 0 1536 | 0 357 595 0 -21 0 0 3 1536
-595 0 0 0 0 -3 -12 0 768 | 0 119 476 0 -15 0 0 0 768
-833 0 0 -357 0 3 -15 0 1536 | 0 -119 595 0 -21 0 0 -9 1536
-238 0 0 -119 0 0 -3 0 768 | 0 0 119 0 -6 0 0 -3 768
-238 0 0 0 0 -3 -3 0 768 | 0 119 119 0 -6 0 0 0 768
357 0 0 -119 0 -3 -21 0 1536 | 0 119 833 0 9 0 0 -3 1536
-2023 0 0 -119 0 -3 -9 0 1536 | 0 119 357 0 -51 0 0 -3 1536
-119 0 0 0 0 1 -1 0 128 | 0 -119 119 0 -9 0 0 0 384
-119 0 0 0 0 6 -9 0 768 | 0 -238 357 0 -3 0 0 0 768
-1547 0 0 -357 0 -9 3 0 1536 | 0 357 -119 0 -39 0 0 -9 1536
-238 0 0 -119 0 -12 -3 0 768 | 0 476 119 0 -6 0 0 -3 768
-952 0 0 -119 0 6 -3 0 768 | 0 -238 119 0 -24 0 0 -3 768
-238 0 0 -119 0 6 -3 0 768 | 0 -238 119 0 -6 0 0 -3 768
-1547 0 0 -119 0 -9 -15 0 1536 | 0 357 595 0 -39 0 0 -3 1536
-833 0 0 -357 0 -3 3 0 1536 | 0 119 -119 0 -21 0 0 -9 1536
0 0 0 -119 0 -3 -6 0 768 | 0 119 238 0 0 0 0 -3 768
-595 0 0 -357 0 -21 -9 0 1536 | 0 833 357 0 -15 0 0 -9 1536
-1190 0 0 -119 0 -3 0 0 768 | 0 119 0 0 -30 0 0 -3 768
-1785 0 0 -119 0 9 -3 0 1536 | 0 -357 119 0 -45 0 0 -3 1536
-595 0 0 -119 0 9 -9 0 1536 | 0 -119 119 0 -5 0 0 -1 512
-952 0 0 -119 0 -3 6 0 768 | 0 119 -238 0 -24 0 0 -3 768
-476 0 0 0 0 0 3 0 384 | 0 0 -119 0 -12 0 0 0 384
-2261 0 0 -119 0 -21 3 0 1536 | 0 833 -119 0 -57 0 0 -3 1536
-2975 0 0 -119 0 -3 3 0 1536 | 0 119 -119 0 -75 0 0 -3 1536
-2261 0 0 -119 0 15 3 0 1536 | 0 -595 -119 0 -57 0 0 -3 1536
-1547 0 0 119 0 -9 3 0 1536 | 0 357 -119 0 -39 0 0 3 1536
-952 0 0 0 0 -3 -3 0 768 | 0 119 119 0 -24 0 0 0 768
-952 0 0 -119 0 0 -3 0 768 | 0 0 119 0 -24 0 0 -3 768
-1547 0 0 -357 0 3 3 0 1536 | 0 -119 -119 0 -39 0 0 -9 1536
-595 0 0 -119 0 0 6 0 768 | 0 0 -238 0 -15 0 0 -3 768
-595 0 0 0 0 -3 6 0 768 | 0 119 -238 0 -15 0 0 0 768
-357 0 0 -119 0 -3 -3 0 1536 | 0 119 119 0 -9 0 0 -3 1536
-476 0 0 -119 0 -9 0 0 768 | 0 119 0 0 -4 0 0 -1 256
-1071 0 0 -119 0 -9 3 0 768 | 0 357 -119 0 -27 0 0 -3 768
-2737 0 0 -119 0 -3 9 0 1536 | 0 119 -357 0 -69 0 0 -3 1536
-357 0 0 0 0 2 1 0 256 | 0 -238 -119 0 -27 0 0 0 768
-238 0 0 0 0 3 0 0 384 | 0 -119 0 0 -6 0 0 0 384
-952 0 0 119 0 3 6 0 768 | 0 -119 -238 0 -24 0 0 3 768
-2975 0 0 119 0 3 3 0 1536 | 0 -119 -119 0 -75 0 0 3 1536
-2261 0 0 119 0 21 3 0 1536 | 0 -833 -119 0 -57 0 0 3 1536
-1547 0 0 357 0 -3 3 0 1536 | 0 119 -119 0 -39 0 0 9 1536
-952 0 0 119 0 0 -3 0 768 | 0 0 119 0 -24 0 0 3 768
-952 0 0 0 0 3 -3 0 768 | 0 -119 119 0 -24 0 0 0 768
-1547 0 0 -119 0 9 3 0 1536 | 0 -357 -119 0 -39 0 0 -3 1536
-595 0 0 0 0 3 6 0 768 | 0 -119 -238 0 -15 0 0 0 768
-357 0 0 0 0 -2 1 0 256 | 0 238 -119 0 -27 0 0 0 768
-2737 0 0 119 0 3 9 0 1536 | 0 -119 -357 0 -69 0 0 3 1536
-1071 0 0 119 0 9 3 0 768 | 0 -357 -119 0 -27 0 0 3 768
-476 0 0 119 0 9 0 0 768 | 0 -119 0 0 -4 0 0 1 256
-119 0 0 119 0 -3 -15 0 1536 | 0 119 595 0 -3 0 0 3 1536
-119 0 0 -119 0 3 -15 0 1536 | 0 -119 595 0 -3 0 0 -3 1536
119 0 0 -119 0 3 -3 0 768 | 0 -119 119 0 3 0 0 -3 768
595 0 0 -119 0 3 3 0 1536 | 0 -119 -119 0 15 0 0 -3 1536
119 0 0 0 0 0 -1 0 128 | 0 0 119 0 9 0 0 0 384
833 0 0 -119 0 -15 -9 0 1536 | 0 595 357 0 21 0 0 -3 1536
-357 0 0 -119 0 -15 -3 0 1536 | 0 595 119 0 -9 0 0 -3 1536
-119 0 0 0 0 0 0 0 192 | 0 0 0 0 -1 0 0 0 64
-357 0 0 119 0 15 -3 0 1536 | 0 -595 119 0 -9 0 0 3 1536
833 0 0 119 0 15 -9 0 1536 | 0 -595 357 0 21 0 0 3 1536
-238 0 0 119 0 -12 -3 0 768 | 0 476 119 0 -6 0 0 3 768
-833 0 0 119 0 -21 -15 0 1536 | 0 833 595 0 -21 0 0 3 1536
-833 0 0 -119 0 -15 -15 0 1536 | 0 595 595 0 -21 0 0 -3 1536
-238 0 0 -119 0 -6 -3 0 768 | 0 238 119 0 -6 0 0 -3 768
119 0 0 0 0 -3 -2 0 256 | 0 357 238 0 9 0 0 0 768
119 0 0 -119 0 -33 -9 0 1536 | 0 1309 357 0 3 0 0 -3 1536
-1071 0 0 -119 0 -33 -3 0 1536 | 0 1309 119 0 -27 0 0 -3 1536
-833 0 0 0 0 -9 0 0 768 | 0 119 0 0 -7 0 0 0 256
-1071 0 0 119 0 -3 -3 0 1536 | 0 119 119 0 -27 0 0 3 1536
119 0 0 119 0 -3 -9 0 1536 | 0 119 357 0 3 0 0 3 1536
-952 0 0 119 0 -12 -3 0 768 | 0 476 119 0 -24 0 0 3 768
-2261 0 0 119 0 -21 -15 0 1536 | 0 833 595 0 -57 0 0 3 1536
-952 0 0 -119 0 -6 -3 0 768 | 0 238 119 0 -24 0 0 -3 768
-1547 0 0 -119 0 -15 3 0 1536 | 0 595 -119 0 -39 0 0 -3 1536
-1547 0 0 119 0 -21 3 0 1536 | 0 833 -119 0 -39 0 0 3 1536
-119 0 0 0 0 -3 -2 0 256 | 0 357 238 0 -9 0 0 0 768
-1547 0 0 0 0 -9 0 0 768 | 0 119 0 0 -13 0 0 0 256
-2499 0 0 119 0 -3 -3 0 1536 | 0 119 119 0 -63 0 0 3 1536
-1309 0 0 119 0 -3 -9 0 1536 | 0 119 357 0 -33 0 0 3 1536
-1666 0 0 0 0 9 -3 0 768 | 0 -357 119 0 -42 0 0 0 768
-1309 0 0 119 0 -3 -3 0 768 | 0 119 119 0 -33 0 0 3 768
-2975 0 0 119 0 -3 -15 0 1536 | 0 119 595 0 -75 0 0 3 1536
-2261 0 0 -119 0 3 3 0 1536 | 0 -119 -119 0 -57 0 0 -3 1536
-2261 0 0 119 0 -3 3 0 1536 | 0 119 -119 0 -57 0 0 3 1536
-119 0 0 0 0 0 -1 0 128 | 0 0 119 0 -9 0 0 0 384
-2023 0 0 -119 0 -15 -9 0 1536 | 0 595 357 0 -51 0 0 -3 1536
-119 0 0 0 0 0 0 0 48 | 0 0 0 0 -1 0 0 0 16
-3213 0 0 119 0 15 -3 0 1536 | 0 -595 119 0 -81 0 0 3 1536
-2023 0 0 119 0 15 -9 0 1536 | 0 -595 357 0 -51 0 0 3 1536
-1309 0 0 0 0 18 -3 0 768 | 0 -714 119 0 -33 0 0 0 768
-595 0 0 0 0 18 -3 0 768 | 0 -714 119 0 -15 0 0 0 768
-952 0 0 119 0 6 -3 0 768 | 0 -238 119 0 -24 0 0 3 768
-2261 0 0 119 0 15 -15 0 1536 | 0 -595 595 0 -57 0 0 3 1536
-2261 0 0 -119 0 21 -15 0 1536 | 0 -833 595 0 -57 0 0 -3 1536
-952 0 0 -119 0 12 -3 0 768 | 0 -476 119 0 -24 0 0 -3 768
-1547 0 0 -119 0 21 3 0 1536 | 0 -833 -119 0 -39 0 0 -3 1536
-1547 0 0 119 0 15 3 0 1536 | 0 -595 -119 0 -39 0 0 3 1536
-119 0 0 0 0 3 -2 0 256 | 0 -357 238 0 -9 0 0 0 768
-1309 0 0 -119 0 3 -9 0 1536 | 0 -119 357 0 -33 0 0 -3 1536
-2499 0 0 -119 0 3 -3 0 1536 | 0 -119 119 0 -63 0 0 -3 1536
-1547 0 0 0 0 9 0 0 768 | 0 -119 0 0 -13 0 0 0 256
-2499 0 0 119 0 33 -3 0 1536 | 0 -1309 119 0 -63 0 0 3 1536
-1309 0 0 119 0 33 -9 0 1536 | 0 -1309 357 0 -33 0 0 3 1536
119 0 0 0 0 18 -3 0 768 | 0 -714 119 0 3 0 0 0 768
-238 0 0 119 0 6 -3 0 768 | 0 -238 119 0 -6 0 0 3 768
-833 0 0 119 0 15 -15 0 1536 | 0 -595 595 0 -21 0 0 3 1536
-833 0 0 -119 0 21 -15 0 1536 | 0 -833 595 0 -21 0 0 -3 1536
-238 0 0 -119 0 12 -3 0 768 | 0 -476 119 0 -6 0 0 -3 768
-119 0 0 -119 0 21 3 0 1536 | 0 -833 -119 0 -3 0 0 -3 1536
-119 0 0 119 0 15 3 0 1536 | 0 -595 -119 0 -3 0 0 3 1536
119 0 0 0 0 3 -2 0 256 | 0 -357 238 0 9 0 0 0 768
119 0 0 -119 0 3 -9 0 1536 | 0 -119 357 0 3 0 0 -3 1536
-1071 0 0 -119 0 3 -3 0 1536 | 0 -119 119 0 -27 0 0 -3 1536
-833 0 0 0 0 9 0 0 768 | 0 -119 0 0 -7 0 0 0 256
-1071 0 0 119 0 33 -3 0 1536 | 0 -1309 119 0 -27 0 0 3 1536
119 0 0 119 0 33 -9 0 1536 | 0 -1309 357 0 3 0 0 3 1536
-595 0 0 238 0 -6 -3 0 768 | 0 238 119 0 -15 0 0 6 768
-1547 0 0 357 0 -9 -15 0 1536 | 0 357 595 0 -39 0 0 9 1536
0 0 0 119 0 -3 -6 0 768 | 0 119 238 0 0 0 0 3 768
-595 0 0 119 0 -21 -9 0 1536 | 0 833 357 0 -15 0 0 3 1536
-1785 0 0 119 0 -21 -3 0 1536 | 0 833 119 0 -45 0 0 3 1536
-1190 0 0 119 0 -3 0 0 768 | 0 119 0 0 -30 0 0 3 768
-595 0 0 119 0 3 -1 0 512 | 0 -357 119 0 -45 0 0 9 1536
-595 0 0 357 0 9 -9 0 1536 | 0 -119 119 0 -5 0 0 3 512
-952 0 0 119 0 -3 -12 0 768 | 0 119 476 0 -24 0 0 3 768
-238 0 0 0 0 0 -3 0 192 | 0 0 119 0 -6 0 0 0 192
-357 0 0 119 0 -3 -21 0 1536 | 0 119 833 0 -9 0 0 3 1536
-476 0 0 0 0 -9 -9 0 768 | 0 119 119 0 -4 0 0 0 256
-357 0 0 0 0 -3 -2 0 256 | 0 357 238 0 -27 0 0 0 768
-2737 0 0 119 0 -3 -9 0 1536 | 0 119 357 0 -69 0 0 3 1536
-1071 0 0 119 0 6 -6 0 768 | 0 -238 238 0 -27 0 0 3 768
-476 0 0 119 0 6 -9 0 768 | 0 -238 357 0 -12 0 0 3 768
-357 0 0 -119 0 3 -21 0 1536 | 0 -119 833 0 -9 0 0 -3 1536
-2737 0 0 -119 0 3 -9 0 1536 | 0 -119 357 0 -69 0 0 -3 1536
-357 0 0 0 0 3 -2 0 256 | 0 -357 238 0 -27 0 0 0 768
-476 0 0 0 0 9 -9 0 768 | 0 -119 119 0 -4 0 0 0 256
-833 0 0 -357 0 9 3 0 1536 | 0 -357 -119 0 -21 0 0 -9 1536
0 0 0 -119 0 3 -6 0 768 | 0 -119 238 0 0 0 0 -3 768
-595 0 0 -357 0 -9 -9 0 1536 | 0 119 119 0 -5 0 0 -3 512
-1190 0 0 -119 0 3 0 0 768 | 0 -119 0 0 -30 0 0 -3 768
-1785 0 0 -119 0 21 -3 0 1536 | 0 -833 119 0 -45 0 0 -3 1536
-595 0 0 -119 0 21 -9 0 1536 | 0 -833 357 0 -15 0 0 -3 1536
-238 0 0 -119 0 3 6 0 768 | 0 -119 -238 0 -6 0 0 -3 768
357 0 0 -119 0 3 -3 0 1536 | 0 -119 119 0 9 0 0 -3 1536
-119 0 0 -119 0 -6 0 0 768 | 0 238 0 0 -3 0 0 -3 768
-714 0 0 -119 0 -6 3 0 768 | 0 238 -119 0 -18 0 0 -3 768
-2023 0 0 -119 0 3 9 0 1536 | 0 -119 -357 0 -51 0 0 -3 1536
-238 0 0 0 0 3 1 0 256 | 0 -357 -119 0 -18 0 0 0 768
-119 0 0 0 0 9 0 0 768 | 0 -119 0 0 -1 0 0 0 256
-238 0 0 119 0 -3 6 0 768 | 0 119 -238 0 -6 0 0 3 768
-238 0 0 0 0 -3 1 0 256 | 0 357 -119 0 -18 0 0 0 768
-2023 0 0 119 0 -3 9 0 1536 | 0 119 -357 0 -51 0 0 3 1536
-714 0 0 119 0 6 3 0 768 | 0 -238 -119 0 -18 0 0 3 768
-119 0 0 119 0 6 0 0 768 | 0 -238 0 0 -3 0 0 3 768
595 0 0 0 0 0 -9 0 768 | 0 0 119 0 5 0 0 0 256
595 0 0 119 0 15 -15 0 1536 | 0 -595 595 0 15 0 0 3 1536
-595 0 0 -119 0 -15 -3 0 768 | 0 595 119 0 -15 0 0 -3 768
-2975 0 0 -119 0 -15 3 0 1536 | 0 595 -119 0 -75 0 0 -3 1536
-595 0 0 0 0 0 1 0 256 | 0 0 -119 0 -45 0 0 0 768
-2975 0 0 119 0 15 3 0 1536 | 0 -595 -119 0 -75 0 0 3 1536
-1190 0 0 119 0 15 0 0 768 | 0 -595 0 0 -30 0 0 3 768
-595 0 0 119 0 15 -3 0 768 | 0 -595 119 0 -15 0 0 3 768
0 0 0 119 0 15 -6 0 768 | 0 -595 238 0 0 0 0 3 768
-595 0 0 -357 0 45 -3 0 1536 | 0 -1785 119 0 -15 0 0 -9 1536
-833 0 0 -119 0 33 -15 0 1536 | 0 -1309 595 0 -21 0 0 -3 1536
-833 0 0 -357 0 27 -15 0 1536 | 0 -1071 595 0 -21 0 0 -9 1536
-1547 0 0 -119 0 33 3 0 1536 | 0 -1309 -119 0 -39 0 0 -3 1536
119 0 0 -119 0 15 -3 0 768 | 0 -595 119 0 3 0 0 -3 768
-238 0 0 -119 0 24 -3 0 768 | 0 -952 119 0 -6 0 0 -3 768
-595 0 0 0 0 12 -3 0 768 | 0 -476 119 0 -15 0 0 0 768
-1547 0 0 -119 0 27 -15 0 1536 | 0 -1071 595 0 -39 0 0 -3 1536
-1547 0 0 -357 0 33 -15 0 1536 | 0 -1309 595 0 -39 0 0 -9 1536
-833 0 0 -119 0 27 3 0 1536 | 0 -1071 -119 0 -21 0 0 -3 1536
0 0 0 -119 0 15 -6 0 768 | 0 -595 238 0 0 0 0 -3 768
-595 0 0 -357 0 15 -9 0 1536 | 0 -595 357 0 -15 0 0 -9 1536
-1785 0 0 -119 0 45 -3 0 1536 | 0 -1785 119 0 -45 0 0 -3 1536
-595 0 0 -119 0 45 -9 0 1536 | 0 -595 119 0 -5 0 0 -1 512
595 0 0 -357 0 45 3 0 1536 | 0 -1785 -119 0 15 0 0 -9 1536
357 0 0 -119 0 33 -9 0 1536 | 0 -1309 357 0 9 0 0 -3 1536
119 0 0 -119 0 9 -3 0 512 | 0 -357 119 0 3 0 0 -3 512
0 0 0 -119 0 6 0 0 384 | 0 -238 0 0 0 0 0 -3 384
-357 0 0 -119 0 33 9 0 1536 | 0 -1309 -357 0 -9 0 0 -3 1536
714 0 0 -119 0 15 0 0 768 | 0 -595 0 0 18 0 0 -3 768
-714 0 0 -119 0 15 0 0 768 | 0 -595 0 0 -18 0 0 -3 768
357 0 0 -119 0 24 0 0 768 | 0 -952 0 0 9 0 0 -3 768
0 0 0 0 0 1 0 0 64 | 0 -119 0 0 0 0 0 0 192
-357 0 0 -119 0 27 -9 0 1536 | 0 -357 119 0 -3 0 0 -1 512
-119 0 0 -119 0 11 -3 0 512 | 0 -1309 357 0 -9 0 0 -9 1536
0 0 0 -119 0 9 0 0 384 | 0 -119 0 0 0 0 0 -1 128
357 0 0 -119 0 27 9 0 1536 | 0 -357 -119 0 3 0 0 -1 512
595 0 0 -119 0 15 -3 0 768 | 0 -595 119 0 15 0 0 -3 768
595 0 0 -357 0 15 -3 0 1536 | 0 -595 119 0 15 0 0 -9 1536
-595 0 0 -357 0 15 3 0 1536 | 0 -595 -119 0 -15 0 0 -9 1536
-595 0 0 -119 0 15 3 0 768 | 0 -595 -119 0 -15 0 0 -3 768
-595 0 0 -119 0 45 3 0 1536 | 0 -1785 -119 0 -15 0 0 -3 1536
595 0 0 -119 0 45 -3 0 1536 | 0 -1785 119 0 15 0 0 -3 1536
-595 0 0 357 0 27 -3 0 1536 | 0 -1071 119 0 -15 0 0 9 1536
-119 0 0 119 0 12 -6 0 768 | 0 -476 238 0 -3 0 0 3 768
-476 0 0 119 0 12 3 0 768 | 0 -476 -119 0 -12 0 0 3 768
-1309 0 0 119 0 39 -3 0 1536 | 0 -1547 119 0 -33 0 0 3 1536
119 0 0 119 0 39 -3 0 1536 | 0 -1547 119 0 3 0 0 3 1536
-476 0 0 119 0 9 -6 0 768 | 0 -357 238 0 -12 0 0 3 768
-238 0 0 0 0 6 -3 0 384 | 0 -238 119 0 -6 0 0 0 384
-595 0 0 -119 0 27 -3 0 1536 | 0 -1071 119 0 -15 0 0 -3 1536
-119 0 0 0 0 12 3 0 768 | 0 -476 -119 0 -3 0 0 0 768
-119 0 0 119 0 9 3 0 768 | 0 -357 -119 0 -3 0 0 3 768
595 0 0 119 0 21 -9 0 1536 | 0 -833 357 0 15 0 0 3 1536
-1785 0 0 119 0 21 3 0 1536 | 0 -833 -119 0 -45 0 0 3 1536
-595 0 0 119 0 18 0 0 768 | 0 -238 0 0 -5 0 0 1 256
0 0 0 119 0 18 -3 0 768 | 0 -714 119 0 0 0 0 3 768
119 0 0 119 0 21 -21 0 1536 | 0 -833 833 0 3 0 0 3 1536
119 0 0 -119 0 15 -21 0 1536 | 0 -595 833 0 3 0 0 -3 1536
595 0 0 0 0 9 -6 0 768 | 0 -357 238 0 15 0 0 0 768
-238 0 0 0 0 9 -3 0 384 | 0 -357 119 0 -6 0 0 0 384
119 0 0 0 0 9 -3 0 384 | 0 -357 119 0 3 0 0 0 384
-119 0 0 119 0 6 -6 0 768 | 0 -238 238 0 -3 0 0 3 768
-595 0 0 119 0 15 -21 0 1536 | 0 -595 833 0 -15 0 0 3 1536
-595 0 0 -119 0 21 -21 0 1536 | 0 -833 833 0 -15 0 0 -3 1536
-119 0 0 -119 0 12 -6 0 768 | 0 -476 238 0 -3 0 0 -3 768
476 0 0 0 0 9 -9 0 768 | 0 -119 119 0 4 0 0 0 256
357 0 0 -119 0 3 -15 0 1536 | 0 -119 595 0 9 0 0 -3 1536
-833 0 0 -119 0 3 -9 0 1536 | 0 -119 357 0 -21 0 0 -3 1536
-238 0 0 0 0 3 -1 0 256 | 0 -357 119 0 -18 0 0 0 768
-833 0 0 119 0 33 -9 0 1536 | 0 -1309 357 0 -21 0 0 3 1536
357 0 0 119 0 33 -15 0 1536 | 0 -1309 595 0 9 0 0 3 1536
119 0 0 -357 0 9 -21 0 1536 | 0 -357 833 0 3 0 0 -9 1536
-119 0 0 -238 0 3 -6 0 768 | 0 -119 238 0 -3 0 0 -6 768
595 0 0 -119 0 6 -6 0 768 | 0 -238 238 0 15 0 0 -3 768
238 0 0 -119 0 -3 -6 0 768 | 0 119 238 0 6 0 0 -3 768
-833 0 0 -119 0 6 -6 0 768 | 0 -238 238 0 -21 0 0 -3 768
-476 0 0 -119 0 15 -6 0 768 | 0 -595 238 0 -12 0 0 -3 768
238 0 0 -119 0 15 -6 0 768 | 0 -595 238 0 6 0 0 -3 768
-595 0 0 -119 0 9 -21 0 1536 | 0 -357 833 0 -15 0 0 -3 1536
-595 0 0 -357 0 15 -21 0 1536 | 0 -595 833 0 -15 0 0 -9 1536
-119 0 0 -238 0 9 -6 0 768 | 0 -357 238 0 -3 0 0 -6 768
119 0 0 -357 0 15 -3 0 1536 | 0 -595 119 0 3 0 0 -9 1536
476 0 0 -119 0 6 -9 0 768 | 0 -238 357 0 12 0 0 -3 768
119 0 0 -119 0 -1 -5 0 512 | 0 119 595 0 9 0 0 -9 1536
-833 0 0 -357 0 -3 -9 0 1536 | 0 119 357 0 -21 0 0 -9 1536
-714 0 0 -119 0 6 -3 0 768 | 0 -238 119 0 -18 0 0 -3 768
-833 0 0 -119 0 27 -9 0 1536 | 0 -357 119 0 -7 0 0 -1 512
357 0 0 -119 0 27 -15 0 1536 | 0 -1071 595 0 9 0 0 -3 1536
119 0 0 -357 0 -9 -3 0 1536 | 0 357 119 0 3 0 0 -9 1536
-1309 0 0 -357 0 -9 -3 0 1536 | 0 357 119 0 -33 0 0 -9 1536
-1309 0 0 -357 0 27 -3 0 1536 | 0 -1071 119 0 -33 0 0 -9 1536
119 0 0 -357 0 27 -3 0 1536 | 0 -1071 119 0 3 0 0 -9 1536
-476 0 0 -119 0 3 -6 0 768 | 0 -119 238 0 -12 0 0 -3 768
-238 0 0 -119 0 3 -3 0 384 | 0 -119 119 0 -6 0 0 -3 384
-119 0 0 -238 0 6 3 0 768 | 0 -238 -119 0 -3 0 0 -6 768
595 0 0 -357 0 9 -9 0 1536 | 0 -119 119 0 5 0 0 -3 512
0 0 0 -238 0 -3 -3 0 768 | 0 119 119 0 0 0 0 -6 768
-595 0 0 -119 0 12 0 0 768 | 0 -476 0 0 -15 0 0 -3 768
0 0 0 -119 0 12 -3 0 768 | 0 -476 119 0 0 0 0 -3 768
-1309 0 0 -119 0 15 15 0 1536 | 0 -595 -595 0 -33 0 0 -3 1536
-833 0 0 -119 0 -3 3 0 768 | 0 119 -119 0 -21 0 0 -3 768
-119 0 0 -119 0 15 3 0 768 | 0 -595 -119 0 -3 0 0 -3 768
-1309 0 0 -357 0 15 -3 0 1536 | 0 -595 119 0 -33 0 0 -9 1536
-595 0 0 -119 0 9 15 0 1536 | 0 -357 -595 0 -15 0 0 -3 1536
119 0 0 -119 0 6 0 0 768 | 0 -238 0 0 3 0 0 -3 768
-119 0 0 -119 0 -1 1 0 512 | 0 119 -119 0 -9 0 0 -9 1536
-1547 0 0 -357 0 -3 9 0 1536 | 0 119 -357 0 -39 0 0 -9 1536
-1547 0 0 -119 0 27 9 0 1536 | 0 -357 -119 0 -13 0 0 -1 512
-357 0 0 -119 0 27 3 0 1536 | 0 -1071 -119 0 -9 0 0 -3 1536
-1309 0 0 119 0 21 15 0 1536 | 0 -833 -595 0 -33 0 0 3 1536
-1190 0 0 0 0 9 3 0 768 | 0 -357 -119 0 -30 0 0 0 768
-833 0 0 0 0 18 3 0 768 | 0 -714 -119 0 -21 0 0 0 768
-476 0 0 119 0 6 3 0 768 | 0 -238 -119 0 -12 0 0 3 768
-1309 0 0 119 0 15 -3 0 1536 | 0 -595 119 0 -33 0 0 3 1536
-1309 0 0 -119 0 21 -3 0 1536 | 0 -833 119 0 -33 0 0 -3 1536
-476 0 0 -119 0 12 3 0 768 | 0 -476 -119 0 -12 0 0 -3 768
-595 0 0 -119 0 21 15 0 1536 | 0 -833 -595 0 -15 0 0 -3 1536
-1547 0 0 -119 0 3 9 0 1536 | 0 -119 -357 0 -39 0 0 -3 1536
-357 0 0 0 0 3 2 0 256 | 0 -357 -238 0 -27 0 0 0 768
-1547 0 0 119 0 33 9 0 1536 | 0 -1309 -357 0 -39 0 0 3 1536
-357 0 0 119 0 33 3 0 1536 | 0 -1309 -119 0 -9 0 0 3 1536
1547 0 0 -119 0 33 -3 0 1536 | 0 -1309 119 0 39 0 0 -3 1536
119 0 0 0 0 3 -3 0 384 | 0 -119 119 0 3 0 0 0 384
238 0 0 -119 0 9 -6 0 768 | 0 -357 238 0 6 0 0 -3 768
833 0 0 -357 0 21 -3 0 1536 | 0 -833 119 0 21 0 0 -9 1536
595 0 0 -119 0 9 3 0 768 | 0 -357 -119 0 15 0 0 -3 768
2023 0 0 -119 0 15 -9 0 1536 | 0 -595 357 0 51 0 0 -3 1536
714 0 0 -119 0 0 -3 0 768 | 0 0 119 0 18 0 0 -3 768
119 0 0 -119 0 0 0 0 768 | 0 0 0 0 1 0 0 -1 256
-357 0 0 -119 0 15 3 0 1536 | 0 -595 -119 0 -9 0 0 -3 1536
119 0 0 0 0 15 0 0 768 | 0 -595 0 0 3 0 0 0 768
238 0 0 0 0 5 -1 0 256 | 0 -595 119 0 18 0 0 0 768
-119 0 0 -119 0 0 -6 0 768 | 0 0 238 0 -3 0 0 -3 768
119 0 0 -357 0 3 -3 0 1536 | 0 -119 119 0 3 0 0 -9 1536
1309 0 0 -119 0 -3 -9 0 1536 | 0 119 357 0 33 0 0 -3 1536
357 0 0 -119 0 -9 -3 0 768 | 0 357 119 0 9 0 0 -3 768
-238 0 0 -119 0 -9 0 0 768 | 0 119 0 0 -2 0 0 -1 256
-1071 0 0 -119 0 -3 3 0 1536 | 0 119 -119 0 -27 0 0 -3 1536
-119 0 0 0 0 3 0 0 384 | 0 -119 0 0 -3 0 0 0 384
119 0 0 0 0 2 -1 0 256 | 0 -238 119 0 9 0 0 0 768
-833 0 0 0 0 -3 -6 0 768 | 0 119 238 0 -21 0 0 0 768
-833 0 0 -119 0 0 -6 0 768 | 0 0 238 0 -21 0 0 -3 768
-1309 0 0 -357 0 3 -3 0 1536 | 0 -119 119 0 -33 0 0 -9 1536
-476 0 0 -119 0 0 3 0 768 | 0 0 -119 0 -12 0 0 -3 768
-119 0 0 -119 0 -3 -9 0 1536 | 0 119 357 0 -3 0 0 -3 1536
-357 0 0 -119 0 -9 -3 0 768 | 0 357 119 0 -9 0 0 -3 768
-952 0 0 -119 0 -9 0 0 768 | 0 119 0 0 -8 0 0 -1 256
-2499 0 0 -119 0 -3 3 0 1536 | 0 119 -119 0 -63 0 0 -3 1536
-476 0 0 0 0 3 0 0 384 | 0 -119 0 0 -12 0 0 0 384
-119 0 0 0 0 2 -1 0 256 | 0 -238 119 0 -9 0 0 0 768
-2023 0 0 119 0 9 -3 0 1536 | 0 -357 119 0 -51 0 0 3 1536
-595 0 0 0 0 3 -3 0 384 | 0 -119 119 0 -15 0 0 0 384
-1190 0 0 -119 0 9 -6 0 768 | 0 -357 238 0 -30 0 0 -3 768
-833 0 0 -119 0 9 3 0 768 | 0 -357 -119 0 -21 0 0 -3 768
-833 0 0 0 0 6 3 0 768 | 0 -238 -119 0 -21 0 0 0 768
-833 0 0 -119 0 15 -9 0 1536 | 0 -595 357 0 -21 0 0 -3 1536
-714 0 0 -119 0 0 -3 0 768 | 0 0 119 0 -18 0 0 -3 768
-1309 0 0 0 0 15 0 0 768 | 0 -595 0 0 -33 0 0 0 768
-238 0 0 0 0 5 -1 0 256 | 0 -595 119 0 -18 0 0 0 768
-595 0 0 -119 0 51 -3 0 1536 | 0 -2023 119 0 -15 0 0 -3 1536
-1309 0 0 119 0 27 -3 0 1536 | 0 -1071 119 0 -33 0 0 3 1536
-833 0 0 0 0 15 -6 0 768 | 0 -595 238 0 -21 0 0 0 768
-833 0 0 -119 0 18 -6 0 768 | 0 -714 238 0 -21 0 0 -3 768
-476 0 0 0 0 15 3 0 768 | 0 -595 -119 0 -12 0 0 0 768
-119 0 0 -119 0 33 -9 0 1536 | 0 -1309 357 0 -3 0 0 -3 1536
-357 0 0 -119 0 9 -3 0 768 | 0 -357 119 0 -9 0 0 -3 768
-952 0 0 -119 0 9 0 0 768 | 0 -119 0 0 -8 0 0 -1 256
-119 0 0 0 0 3 0 0 96 | 0 -119 0 0 -3 0 0 0 96
-119 0 0 0 0 8 -1 0 256 | 0 -952 119 0 -9 0 0 0 768
833 0 0 -119 0 51 -3 0 1536 | 0 -2023 119 0 21 0 0 -3 1536
119 0 0 119 0 27 -3 0 1536 | 0 -1071 119 0 3 0 0 3 1536
-119 0 0 0 0 15 -6 0 768 | 0 -595 238 0 -3 0 0 0 768
-119 0 0 -119 0 18 -6 0 768 | 0 -714 238 0 -3 0 0 -3 768
119 0 0 -357 0 39 -3 0 1536 | 0 -1547 119 0 3 0 0 -9 1536
238 0 0 -119 0 18 3 0 768 | 0 -714 -119 0 6 0 0 -3 768
238 0 0 0 0 15 3 0 768 | 0 -595 -119 0 6 0 0 0 768
1309 0 0 -119 0 33 -9 0 1536 | 0 -1309 357 0 33 0 0 -3 1536
357 0 0 -119 0 9 -3 0 768 | 0 -357 119 0 9 0 0 -3 768
-238 0 0 -119 0 9 0 0 768 | 0 -119 0 0 -2 0 0 -1 256
-1071 0 0 -119 0 33 3 0 1536 | 0 -1309 -119 0 -27 0 0 -3 1536
-119 0 0 0 0 12 0 0 384 | 0 -476 0 0 -3 0 0 0 384
119 0 0 0 0 8 -1 0 256 | 0 -952 119 0 9 0 0 0 768
-595 0 0 357 0 3 -3 0 1536 | 0 -119 119 0 -15 0 0 9 1536
595 0 0 119 0 9 -9 0 1536 | 0 -119 119 0 5 0 0 1 512
-1785 0 0 119 0 9 3 0 1536 | 0 -357 -119 0 -45 0 0 3 1536
-595 0 0 119 0 12 0 0 768 | 0 -476 0 0 -15 0 0 3 768
0 0 0 119 0 12 -3 0 768 | 0 -476 119 0 0 0 0 3 768
-1309 0 0 119 0 9 -21 0 1536 | 0 -357 833 0 -33 0 0 3 1536
-1309 0 0 -119 0 15 -21 0 1536 | 0 -595 833 0 -33 0 0 -3 1536
119 0 0 0 0 6 -9 0 768 | 0 -238 357 0 3 0 0 0 768
-357 0 0 -119 0 -3 -15 0 1536 | 0 119 595 0 -9 0 0 -3 1536
-1547 0 0 -119 0 -3 -9 0 1536 | 0 119 357 0 -39 0 0 -3 1536
-357 0 0 0 0 2 -1 0 256 | 0 -238 119 0 -27 0 0 0 768
-1547 0 0 119 0 27 -9 0 1536 | 0 -357 119 0 -13 0 0 1 512
-357 0 0 119 0 27 -15 0 1536 | 0 -1071 595 0 -9 0 0 3 1536
-1309 0 0 -357 0 21 -21 0 1536 | 0 -833 833 0 -33 0 0 -9 1536
-238 0 0 -119 0 6 -3 0 384 | 0 -238 119 0 -6 0 0 -3 384
119 0 0 -119 0 9 -9 0 768 | 0 -119 119 0 1 0 0 -1 256
-119 0 0 -119 0 1 -5 0 512 | 0 -119 595 0 -9 0 0 -9 1536
-1547 0 0 -357 0 3 -9 0 1536 | 0 -119 357 0 -39 0 0 -9 1536
-1071 0 0 -119 0 9 -3 0 768 | 0 -357 119 0 -27 0 0 -3 768
-1547 0 0 -119 0 33 -9 0 1536 | 0 -1309 357 0 -39 0 0 -3 1536
-357 0 0 -119 0 33 -15 0 1536 | 0 -1309 595 0 -9 0 0 -3 1536
595 0 0 -357 0 21 -9 0 1536 | 0 -833 357 0 15 0 0 -9 1536
0 0 0 -238 0 3 -3 0 768 | 0 -119 119 0 0 0 0 -6 768
-595 0 0 -119 0 18 0 0 768 | 0 -238 0 0 -5 0 0 -1 256
0 0 0 -119 0 18 -3 0 768 | 0 -714 119 0 0 0 0 -3 768
476 0 0 -119 0 9 0 0 768 | 0 -119 0 0 4 0 0 -1 256
119 0 0 -119 0 1 1 0 512 | 0 -119 -119 0 9 0 0 -9 1536
-833 0 0 -357 0 3 9 0 1536 | 0 -119 -357 0 -21 0 0 -9 1536
-833 0 0 -119 0 33 9 0 1536 | 0 -1309 -357 0 -21 0 0 -3 1536
357 0 0 -119 0 33 3 0 1536 | 0 -1309 -119 0 9 0 0 -3 1536
119 0 0 119 0 9 15 0 1536 | 0 -357 -595 0 3 0 0 3 1536
-833 0 0 -119 0 -3 9 0 1536 | 0 119 -357 0 -21 0 0 -3 1536
-119 0 0 0 0 1 1 0 128 | 0 -119 -119 0 -9 0 0 0 384
-833 0 0 119 0 27 9 0 1536 | 0 -357 -119 0 -7 0 0 1 512
357 0 0 119 0 27 3 0 1536 | 0 -1071 -119 0 9 0 0 3 1536
1785 0 0 -119 0 15 -15 0 1536 | 0 -595 595 0 45 0 0 -3 1536
595 0 0 0 0 15 -6 0 768 | 0 -595 238 0 15 0 0 0 768
595 0 0 -357 0 -15 -9 0 1536 | 0 595 357 0 15 0 0 -9 1536
-1190 0 0 -119 0 0 3 0 768 | 0 0 -119 0 -30 0 0 -3 768
-1190 0 0 0 0 15 3 0 768 | 0 -595 -119 0 -30 0 0 0 768
-1785 0 0 119 0 45 3 0 1536 | 0 -1785 -119 0 -45 0 0 3 1536
-595 0 0 119 0 45 -3 0 1536 | 0 -1785 119 0 -15 0 0 3 1536
595 0 0 119 0 45 -9 0 1536 | 0 -595 119 0 5 0 0 1 512
1547 0 0 -357 0 27 -3 0 1536 | 0 -1071 119 0 39 0 0 -9 1536
595 0 0 -238 0 12 3 0 768 | 0 -476 -119 0 15 0 0 -6 768
1309 0 0 -119 0 15 3 0 768 | 0 -595 -119 0 33 0 0 -3 768
595 0 0 0 0 12 3 0 768 | 0 -476 -119 0 15 0 0 0 768
833 0 0 -119 0 27 -3 0 1536 | 0 -1071 119 0 21 0 0 -3 1536
833 0 0 -357 0 33 -3 0 1536 | 0 -1309 119 0 21 0 0 -9 1536
595 0 0 -238 0 18 3 0 768 | 0 -714 -119 0 15 0 0 -6 768
1190 0 0 -119 0 15 0 0 768 | 0 -595 0 0 30 0 0 -3 768
595 0 0 -119 0 5 1 0 512 | 0 -595 -119 0 45 0 0 -9 1536
595 0 0 -357 0 15 9 0 1536 | 0 -595 -357 0 15 0 0 -9 1536
1785 0 0 -119 0 45 3 0 1536 | 0 -1785 -119 0 45 0 0 -3 1536
595 0 0 357 0 27 3 0 1536 | 0 -1071 -119 0 15 0 0 9 1536
476 0 0 119 0 12 -3 0 768 | 0 -476 119 0 12 0 0 3 768
119 0 0 119 0 12 6 0 768 | 0 -476 -238 0 3 0 0 3 768
-119 0 0 119 0 39 3 0 1536 | 0 -1547 -119 0 -3 0 0 3 1536
1309 0 0 119 0 39 3 0 1536 | 0 -1547 -119 0 33 0 0 3 1536
119 0 0 119 0 9 -3 0 768 | 0 -357 119 0 3 0 0 3 768
119 0 0 0 0 12 -3 0 768 | 0 -476 119 0 3 0 0 0 768
595 0 0 -119 0 27 3 0 1536 | 0 -1071 -119 0 15 0 0 -3 1536
238 0 0 0 0 6 3 0 384 | 0 -238 -119 0 6 0 0 0 384
476 0 0 119 0 9 6 0 768 | 0 -357 -238 0 12 0 0 3 768
1785 0 0 119 0 21 -3 0 1536 | 0 -833 119 0 45 0 0 3 1536
-595 0 0 119 0 21 9 0 1536 | 0 -833 -357 0 -15 0 0 3 1536
0 0 0 119 0 18 3 0 768 | 0 -714 -119 0 0 0 0 3 768
595 0 0 119 0 18 0 0 768 | 0 -238 0 0 5 0 0 1 256
1309 0 0 119 0 21 -15 0 1536 | 0 -833 595 0 33 0 0 3 1536
1309 0 0 -119 0 15 -15 0 1536 | 0 -595 595 0 33 0 0 -3 1536
1190 0 0 0 0 9 -3 0 768 | 0 -357 119 0 30 0 0 0 768
833 0 0 0 0 18 -3 0 768 | 0 -714 119 0 21 0 0 0 768
476 0 0 119 0 6 -3 0 768 | 0 -238 119 0 12 0 0 3 768
595 0 0 -119 0 21 -15 0 1536 | 0 -833 595 0 15 0 0 -3 1536
476 0 0 -119 0 12 -3 0 768 | 0 -476 119 0 12 0 0 -3 768
1309 0 0 -119 0 21 3 0 1536 | 0 -833 -119 0 33 0 0 -3 1536
1309 0 0 119 0 15 3 0 1536 | 0 -595 -119 0 33 0 0 3 1536
357 0 0 0 0 3 -2 0 256 | 0 -357 238 0 27 0 0 0 768
1547 0 0 -119 0 3 -9 0 1536 | 0 -119 357 0 39 0 0 -3 1536
357 0 0 119 0 33 -3 0 1536 | 0 -1309 119 0 9 0 0 3 1536
1547 0 0 119 0 33 -9 0 1536 | 0 -1309 357 0 39 0 0 3 1536
1309 0 0 -357 0 9 -15 0 1536 | 0 -357 595 0 33 0 0 -9 1536
476 0 0 -238 0 3 -3 0 768 | 0 -119 119 0 12 0 0 -6 768
1190 0 0 -119 0 6 -3 0 768 | 0 -238 119 0 30 0 0 -3 768
833 0 0 -119 0 -3 -3 0 768 | 0 119 119 0 21 0 0 -3 768
833 0 0 -119 0 15 -3 0 768 | 0 -595 119 0 21 0 0 -3 768
595 0 0 -119 0 9 -15 0 1536 | 0 -357 595 0 15 0 0 -3 1536
595 0 0 -357 0 15 -15 0 1536 | 0 -595 595 0 15 0 0 -9 1536
476 0 0 -238 0 9 -3 0 768 | 0 -357 119 0 12 0 0 -6 768
1309 0 0 -357 0 15 3 0 1536 | 0 -595 -119 0 33 0 0 -9 1536
1071 0 0 -119 0 6 -6 0 768 | 0 -238 238 0 27 0 0 -3 768
1547 0 0 -357 0 -3 -9 0 1536 | 0 119 357 0 39 0 0 -9 1536
119 0 0 -119 0 -1 -1 0 512 | 0 119 119 0 9 0 0 -9 1536
-119 0 0 -119 0 6 0 0 768 | 0 -238 0 0 -3 0 0 -3 768
357 0 0 -119 0 27 -3 0 1536 | 0 -1071 119 0 9 0 0 -3 1536
1547 0 0 -119 0 27 -9 0 1536 | 0 -357 119 0 13 0 0 -1 512
595 0 0 -595 0 3 3 0 1536 | 0 -119 -119 0 15 0 0 -15 1536
119 0 0 -238 0 3 6 0 768 | 0 -119 -238 0 3 0 0 -6 768
2023 0 0 -357 0 9 3 0 1536 | 0 -357 -119 0 51 0 0 -9 1536
1309 0 0 -357 0 -9 3 0 1536 | 0 357 -119 0 33 0 0 -9 1536
-119 0 0 -357 0 -9 3 0 1536 | 0 357 -119 0 -3 0 0 -9 1536
-119 0 0 -357 0 27 3 0 1536 | 0 -1071 -119 0 -3 0 0 -9 1536
1309 0 0 -357 0 27 3 0 1536 | 0 -1071 -119 0 33 0 0 -9 1536
119 0 0 -238 0 6 -3 0 768 | 0 -238 119 0 3 0 0 -6 768
595 0 0 -595 0 15 3 0 1536 | 0 -595 -119 0 15 0 0 -15 1536
238 0 0 -119 0 3 3 0 384 | 0 -119 -119 0 6 0 0 -3 384
476 0 0 -119 0 3 6 0 768 | 0 -119 -238 0 12 0 0 -3 768
595 0 0 -119 0 3 -1 0 512 | 0 -357 119 0 45 0 0 -9 1536
595 0 0 -238 0 -3 0 0 768 | 0 119 0 0 15 0 0 -6 768
0 0 0 -238 0 -3 3 0 768 | 0 119 -119 0 0 0 0 -6 768
-595 0 0 -357 0 9 9 0 1536 | 0 -119 -119 0 -5 0 0 -3 512
0 0 0 -119 0 12 3 0 768 | 0 -476 -119 0 0 0 0 -3 768
595 0 0 -119 0 12 0 0 768 | 0 -476 0 0 15 0 0 -3 768
833 0 0 -119 0 6 6 0 768 | 0 -238 -238 0 21 0 0 -3 768
-238 0 0 -119 0 -3 6 0 768 | 0 119 -238 0 -6 0 0 -3 768
-595 0 0 -119 0 6 6 0 768 | 0 -238 -238 0 -15 0 0 -3 768
476 0 0 -119 0 15 6 0 768 | 0 -595 -238 0 12 0 0 -3 768
-119 0 0 -357 0 15 3 0 1536 | 0 -595 -119 0 -3 0 0 -9 1536
119 0 0 -238 0 9 6 0 768 | 0 -357 -238 0 3 0 0 -6 768
595 0 0 -119 0 9 21 0 1536 | 0 -357 -833 0 15 0 0 -3 1536
714 0 0 -119 0 6 3 0 768 | 0 -238 -119 0 18 0 0 -3 768
833 0 0 -357 0 -3 9 0 1536 | 0 119 -357 0 21 0 0 -9 1536
-119 0 0 -119 0 -1 5 0 512 | 0 119 -595 0 -9 0 0 -9 1536
833 0 0 -119 0 27 9 0 1536 | 0 -357 -119 0 7 0 0 -1 512
-595 0 0 0 0 9 6 0 768 | 0 -357 -238 0 -15 0 0 0 768
119 0 0 119 0 6 6 0 768 | 0 -238 -238 0 3 0 0 3 768
119 0 0 -119 0 12 6 0 768 | 0 -476 -238 0 3 0 0 -3 768
238 0 0 0 0 3 1 0 256 | 0 -357 -119 0 18 0 0 0 768
833 0 0 -119 0 3 9 0 1536 | 0 -119 -357 0 21 0 0 -3 1536
-357 0 0 -119 0 3 15 0 1536 | 0 -119 -595 0 -9 0 0 -3 1536
-476 0 0 0 0 9 9 0 768 | 0 -119 -119 0 -4 0 0 0 256
833 0 0 119 0 33 9 0 1536 | 0 -1309 -357 0 21 0 0 3 1536
3451 0 0 -119 0 15 3 0 1536 | 0 -595 -119 0 87 0 0 -3 1536
2737 0 0 -119 0 33 3 0 1536 | 0 -1309 -119 0 69 0 0 -3 1536
2023 0 0 119 0 9 3 0 1536 | 0 -357 -119 0 51 0 0 3 1536
833 0 0 0 0 6 -3 0 768 | 0 -238 119 0 21 0 0 0 768
833 0 0 -119 0 9 -3 0 768 | 0 -357 119 0 21 0 0 -3 768
2023 0 0 -357 0 21 3 0 1536 | 0 -833 -119 0 51 0 0 -9 1536
1190 0 0 -119 0 9 6 0 768 | 0 -357 -238 0 30 0 0 -3 768
595 0 0 0 0 3 3 0 384 | 0 -119 -119 0 15 0 0 0 384
3213 0 0 -119 0 15 -3 0 1536 | 0 -595 119 0 81 0 0 -3 1536
1309 0 0 -119 0 0 0 0 768 | 0 0 0 0 11 0 0 -1 256
714 0 0 -119 0 0 3 0 768 | 0 0 -119 0 18 0 0 -3 768
833 0 0 -119 0 15 9 0 1536 | 0 -595 -357 0 21 0 0 -3 1536
238 0 0 0 0 5 1 0 256 | 0 -595 -119 0 18 0 0 0 768
1309 0 0 0 0 15 0 0 768 | 0 -595 0 0 33 0 0 0 768
476 0 0 -119 0 0 -3 0 768 | 0 0 119 0 12 0 0 -3 768
1309 0 0 -357 0 3 3 0 1536 | 0 -119 -119 0 33 0 0 -9 1536
833 0 0 -119 0 0 6 0 768 | 0 0 -238 0 21 0 0 -3 768
833 0 0 0 0 -3 6 0 768 | 0 119 -238 0 21 0 0 0 768
2499 0 0 -119 0 -3 -3 0 1536 | 0 119 119 0 63 0 0 -3 1536
952 0 0 -119 0 -9 0 0 768 | 0 119 0 0 8 0 0 -1 256
357 0 0 -119 0 -9 3 0 768 | 0 357 -119 0 9 0 0 -3 768
119 0 0 -119 0 -3 9 0 1536 | 0 119 -357 0 3 0 0 -3 1536
119 0 0 0 0 2 1 0 256 | 0 -238 -119 0 9 0 0 0 768
476 0 0 0 0 3 0 0 384 | 0 -119 0 0 12 0 0 0 384
-119 0 0 -357 0 3 3 0 1536 | 0 -119 -119 0 -3 0 0 -9 1536
119 0 0 -119 0 0 6 0 768 | 0 0 -238 0 3 0 0 -3 768
1071 0 0 -119 0 -3 -3 0 1536 | 0 119 119 0 27 0 0 -3 1536
238 0 0 -119 0 -9 0 0 768 | 0 119 0 0 2 0 0 -1 256
-357 0 0 -119 0 -9 3 0 768 | 0 357 -119 0 -9 0 0 -3 768
-1309 0 0 -119 0 -3 9 0 1536 | 0 119 -357 0 -33 0 0 -3 1536
-119 0 0 0 0 2 1 0 256 | 0 -238 -119 0 -9 0 0 0 768
119 0 0 0 0 3 0 0 384 | 0 -119 0 0 3 0 0 0 384
-595 0 0 -119 0 9 -3 0 768 | 0 -357 119 0 -15 0 0 -3 768
-833 0 0 -357 0 21 3 0 1536 | 0 -833 -119 0 -21 0 0 -9 1536
-238 0 0 -119 0 9 6 0 768 | 0 -357 -238 0 -6 0 0 -3 768
-119 0 0 0 0 3 3 0 384 | 0 -119 -119 0 -3 0 0 0 384
357 0 0 -119 0 15 -3 0 1536 | 0 -595 119 0 9 0 0 -3 1536
-119 0 0 -119 0 0 0 0 768 | 0 0 0 0 -1 0 0 -1 256
-714 0 0 -119 0 0 3 0 768 | 0 0 -119 0 -18 0 0 -3 768
-2023 0 0 -119 0 15 9 0 1536 | 0 -595 -357 0 -51 0 0 -3 1536
-238 0 0 0 0 5 1 0 256 | 0 -595 -119 0 -18 0 0 0 768
-119 0 0 0 0 15 0 0 768 | 0 -595 0 0 -3 0 0 0 768
-119 0 0 119 0 27 3 0 1536 | 0 -1071 -119 0 -3 0 0 3 1536
-238 0 0 0 0 15 -3 0 768 | 0 -595 119 0 -6 0 0 0 768
-238 0 0 -119 0 18 -3 0 768 | 0 -714 119 0 -6 0 0 -3 768
-119 0 0 -357 0 39 3 0 1536 | 0 -1547 -119 0 -3 0 0 -9 1536
119 0 0 0 0 15 6 0 768 | 0 -595 -238 0 3 0 0 0 768
1071 0 0 -119 0 33 -3 0 1536 | 0 -1309 119 0 27 0 0 -3 1536
238 0 0 -119 0 9 0 0 768 | 0 -119 0 0 2 0 0 -1 256
-357 0 0 -119 0 9 3 0 768 | 0 -357 -119 0 -9 0 0 -3 768
119 0 0 0 0 12 0 0 384 | 0 -476 0 0 3 0 0 0 384
1309 0 0 119 0 27 3 0 1536 | 0 -1071 -119 0 33 0 0 3 1536
476 0 0 0 0 15 -3 0 768 | 0 -595 119 0 12 0 0 0 768
476 0 0 -119 0 18 -3 0 768 | 0 -714 119 0 12 0 0 -3 768
1309 0 0 -357 0 39 3 0 1536 | 0 -1547 -119 0 33 0 0 -9 1536
2499 0 0 -119 0 33 -3 0 1536 | 0 -1309 119 0 63 0 0 -3 1536
952 0 0 -119 0 9 0 0 768 | 0 -119 0 0 8 0 0 -1 256
357 0 0 -119 0 9 3 0 768 | 0 -357 -119 0 9 0 0 -3 768
119 0 0 -119 0 33 9 0 1536 | 0 -1309 -357 0 3 0 0 -3 1536
119 0 0 0 0 3 0 0 96 | 0 -119 0 0 3 0 0 0 96
595 0 0 357 0 3 3 0 1536 | 0 -119 -119 0 15 0 0 9 1536
1785 0 0 119 0 9 -3 0 1536 | 0 -357 119 0 45 0 0 3 1536
-595 0 0 119 0 9 9 0 1536 | 0 -119 -119 0 -5 0 0 1 512
0 0 0 119 0 12 3 0 768 | 0 -476 -119 0 0 0 0 3 768
595 0 0 119 0 12 0 0 768 | 0 -476 0 0 15 0 0 3 768
-119 0 0 119 0 9 -15 0 1536 | 0 -357 595 0 -3 0 0 3 1536
119 0 0 0 0 1 -1 0 128 | 0 -119 119 0 9 0 0 0 384
833 0 0 -119 0 -3 -9 0 1536 | 0 119 357 0 21 0 0 -3 1536
-357 0 0 119 0 27 -3 0 1536 | 0 -1071 119 0 -9 0 0 3 1536
833 0 0 119 0 27 -9 0 1536 | 0 -357 119 0 7 0 0 1 512
-119 0 0 -357 0 21 -15 0 1536 | 0 -833 595 0 -3 0 0 -9 1536
119 0 0 -238 0 12 -3 0 768 | 0 -476 119 0 3 0 0 -6 768
714 0 0 -119 0 9 -6 0 768 | 0 -357 238 0 18 0 0 -3 768
833 0 0 -357 0 3 -9 0 1536 | 0 -119 357 0 21 0 0 -9 1536
-119 0 0 -119 0 1 -1 0 512 | 0 -119 119 0 -9 0 0 -9 1536
-476 0 0 -119 0 9 0 0 768 | 0 -119 0 0 -4 0 0 -1 256
-357 0 0 -119 0 33 -3 0 1536 | 0 -1309 119 0 -9 0 0 -3 1536
833 0 0 -119 0 33 -9 0 1536 | 0 -1309 357 0 21 0 0 -3 1536
595 0 0 -595 0 27 3 0 1536 | 0 -1071 -119 0 15 0 0 -15 1536
238 0 0 -119 0 6 3 0 384 | 0 -238 -119 0 6 0 0 -3 384
595 0 0 -119 0 7 -1 0 512 | 0 -833 119 0 45 0 0 -9 1536
595 0 0 -238 0 3 0 0 768 | 0 -119 0 0 15 0 0 -6 768
0 0 0 -238 0 3 3 0 768 | 0 -119 -119 0 0 0 0 -6 768
-595 0 0 -357 0 21 9 0 1536 | 0 -833 -357 0 -15 0 0 -9 1536
0 0 0 -119 0 18 3 0 768 | 0 -714 -119 0 0 0 0 -3 768
595 0 0 -119 0 18 0 0 768 | 0 -238 0 0 5 0 0 -1 256
1071 0 0 -119 0 9 3 0 768 | 0 -357 -119 0 27 0 0 -3 768
1547 0 0 -357 0 3 9 0 1536 | 0 -119 -357 0 39 0 0 -9 1536
119 0 0 -119 0 1 5 0 512 | 0 -119 -595 0 9 0 0 -9 1536
1547 0 0 -119 0 33 9 0 1536 | 0 -1309 -357 0 39 0 0 -3 1536
357 0 0 0 0 2 1 0 256 | 0 -238 -119 0 27 0 0 0 768
1547 0 0 -119 0 -3 9 0 1536 | 0 119 -357 0 39 0 0 -3 1536
357 0 0 -119 0 -3 15 0 1536 | 0 119 -595 0 9 0 0 -3 1536
-119 0 0 0 0 6 9 0 768 | 0 -238 -357 0 -3 0 0 0 768
1547 0 0 119 0 27 9 0 1536 | 0 -357 -119 0 13 0 0 1 512
2975 0 0 -119 0 15 -9 0 1536 | 0 -595 357 0 75 0 0 -3 1536
1190 0 0 -119 0 0 -3 0 768 | 0 0 119 0 30 0 0 -3 768
1190 0 0 0 0 15 -3 0 768 | 0 -595 119 0 30 0 0 0 768
595 0 0 -119 0 -5 -1 0 512 | 0 595 119 0 45 0 0 -9 1536
-595 0 0 -357 0 -15 9 0 1536 | 0 595 -357 0 -15 0 0 -9 1536
-595 0 0 0 0 15 6 0 768 | 0 -595 -238 0 -15 0 0 0 768
595 0 0 119 0 45 3 0 1536 | 0 -1785 -119 0 15 0 0 3 1536
1785 0 0 119 0 45 -3 0 1536 | 0 -1785 119 0 45 0 0 3 1536
357 0 0 595 0 15 -9 0 1536 | 0 -595 357 0 9 0 0 15 1536
-357 0 0 595 0 15 9 0 1536 | 0 -595 -357 0 -9 0 0 15 1536
357 0 0 238 0 -3 0 0 768 | 0 119 0 0 9 0 0 6 768
-357 0 0 238 0 -3 0 0 768 | 0 119 0 0 -9 0 0 6 768
-357 0 0 119 0 3 0 0 384 | 0 -119 0 0 -9 0 0 3 384
-357 0 0 238 0 15 0 0 768 | 0 -595 0 0 -9 0 0 6 768
-357 0 0 595 0 9 -9 0 1536 | 0 -119 119 0 -3 0 0 5 512
-119 0 0 119 0 5 -3 0 512 | 0 -595 357 0 -9 0 0 9 1536
0 0 0 119 0 9 0 0 768 | 0 -119 0 0 0 0 0 1 256
119 0 0 119 0 5 3 0 512 | 0 -595 -357 0 9 0 0 9 1536
595 0 0 357 0 -3 -3 0 1536 | 0 119 119 0 15 0 0 9 1536
-595 0 0 357 0 -3 3 0 1536 | 0 119 -119 0 -15 0 0 9 1536
-595 0 0 238 0 6 3 0 768 | 0 -238 -119 0 -15 0 0 6 768
-595 0 0 595 0 27 3 0 1536 | 0 -1071 -119 0 -15 0 0 15 1536
357 0 0 238 0 6 -9 0 768 | 0 -238 357 0 9 0 0 6 768
357 0 0 119 0 -3 -3 0 512 | 0 119 119 0 9 0 0 3 512
-357 0 0 119 0 3 -3 0 512 | 0 -119 119 0 -9 0 0 3 512
-119 0 0 119 0 9 -3 0 512 | 0 -357 119 0 -3 0 0 3 512
357 0 0 119 0 9 -3 0 512 | 0 -357 119 0 9 0 0 3 512
0 0 0 238 0 3 -9 0 768 | 0 -119 357 0 0 0 0 6 768
0 0 0 119 0 6 -9 0 768 | 0 -238 357 0 0 0 0 3 768
357 0 0 238 0 3 0 0 768 | 0 -119 0 0 9 0 0 6 768
476 0 0 119 0 -3 -6 0 768 | 0 119 238 0 12 0 0 3 768
-119 0 0 119 0 -3 -3 0 768 | 0 119 119 0 -3 0 0 3 768
-833 0 0 357 0 9 -3 0 1536 | 0 -357 119 0 -21 0 0 9 1536
-119 0 0 238 0 12 -3 0 768 | 0 -476 119 0 -3 0 0 6 768
238 0 0 119 0 6 -3 0 384 | 0 -238 119 0 6 0 0 3 384
-357 0 0 238 0 6 9 0 768 | 0 -238 -357 0 -9 0 0 6 768
357 0 0 119 0 3 3 0 512 | 0 -119 -119 0 9 0 0 3 512
-357 0 0 119 0 -3 3 0 512 | 0 119 -119 0 -9 0 0 3 512
-595 0 0 119 0 3 3 0 512 | 0 -119 -119 0 -15 0 0 3 512
-357 0 0 119 0 9 3 0 512 | 0 -357 -119 0 -9 0 0 3 512
-357 0 0 595 0 3 9 0 1536 | 0 -119 -357 0 -9 0 0 15 1536
-357 0 0 238 0 3 0 0 768 | 0 -119 0 0 -9 0 0 6 768
0 0 0 119 0 6 9 0 768 | 0 -238 -357 0 0 0 0 3 768
833 0 0 357 0 9 3 0 1536 | 0 -357 -119 0 21 0 0 9 1536
119 0 0 119 0 -3 3 0 768 | 0 119 -119 0 3 0 0 3 768
-476 0 0 119 0 -3 6 0 768 | 0 119 -238 0 -12 0 0 3 768
-1547 0 0 357 0 9 15 0 1536 | 0 -357 -595 0 -39 0 0 9 1536
-238 0 0 119 0 6 3 0 384 | 0 -238 -119 0 -6 0 0 3 384
357 0 0 119 0 1 -3 0 512 | 0 -119 357 0 27 0 0 9 1536
1071 0 0 119 0 9 -9 0 1536 | 0 -119 119 0 9 0 0 1 512
2023 0 0 119 0 -9 -3 0 1536 | 0 357 119 0 51 0 0 3 1536
833 0 0 119 0 -9 3 0 1536 | 0 357 -119 0 21 0 0 3 1536
119 0 0 119 0 3 3 0 768 | 0 -119 -119 0 3 0 0 3 768
833 0 0 357 0 21 3 0 1536 | 0 -833 -119 0 21 0 0 9 1536
357 0 0 238 0 -9 0 0 768 | 0 119 0 0 3 0 0 2 256
119 0 0 119 0 -5 -3 0 512 | 0 595 357 0 9 0 0 9 1536
1071 0 0 119 0 -9 9 0 1536 | 0 119 -119 0 9 0 0 1 512
357 0 0 119 0 -5 3 0 512 | 0 595 -357 0 27 0 0 9 1536
952 0 0 119 0 -6 -3 0 768 | 0 238 119 0 24 0 0 3 768
1309 0 0 119 0 -27 -3 0 1536 | 0 1071 119 0 33 0 0 3 1536
119 0 0 119 0 -27 3 0 1536 | 0 1071 -119 0 3 0 0 3 1536
-238 0 0 119 0 -6 3 0 768 | 0 238 -119 0 -6 0 0 3 768
119 0 0 357 0 3 3 0 1536 | 0 -119 -119 0 3 0 0 9 1536
1309 0 0 357 0 3 -3 0 1536 | 0 -119 119 0 33 0 0 9 1536
-357 0 0 238 0 -9 0 0 768 | 0 119 0 0 -3 0 0 2 256
-357 0 0 119 0 -5 -3 0 512 | 0 595 357 0 -27 0 0 9 1536
-1071 0 0 119 0 -9 -9 0 1536 | 0 119 119 0 -9 0 0 1 512
-119 0 0 119 0 -5 3 0 512 | 0 595 -357 0 -9 0 0 9 1536
238 0 0 119 0 -6 -3 0 768 | 0 238 119 0 6 0 0 3 768
-119 0 0 119 0 -27 -3 0 1536 | 0 1071 119 0 -3 0 0 3 1536
-1309 0 0 119 0 -27 3 0 1536 | 0 1071 -119 0 -33 0 0 3 1536
-952 0 0 119 0 -6 3 0 768 | 0 238 -119 0 -24 0 0 3 768
-1309 0 0 357 0 3 3 0 1536 | 0 -119 -119 0 -33 0 0 9 1536
-119 0 0 357 0 3 -3 0 1536 | 0 -119 119 0 -3 0 0 9 1536
-1428 0 0 119 0 3 0 0 768 | 0 -119 0 0 -36 0 0 3 768
-1071 0 0 119 0 12 0 0 768 | 0 -476 0 0 -27 0 0 3 768
-357 0 0 119 0 0 0 0 384 | 0 0 0 0 -3 0 0 1 128
-595 0 0 119 0 1 -3 0 512 | 0 -119 357 0 -45 0 0 9 1536
-1071 0 0 119 0 9 9 0 1536 | 0 -119 -119 0 -9 0 0 1 512
-357 0 0 119 0 1 3 0 512 | 0 -119 -357 0 -27 0 0 9 1536
-119 0 0 119 0 3 -3 0 768 | 0 -119 119 0 -3 0 0 3 768
-833 0 0 119 0 -9 -3 0 1536 | 0 357 119 0 -21 0 0 3 1536
-2023 0 0 119 0 -9 3 0 1536 | 0 357 -119 0 -51 0 0 3 1536
-1309 0 0 119 0 3 3 0 768 | 0 -119 -119 0 -33 0 0 3 768
-2023 0 0 357 0 21 3 0 1536 | 0 -833 -119 0 -51 0 0 9 1536
-833 0 0 357 0 21 -3 0 1536 | 0 -833 119 0 -21 0 0 9 1536
-714 0 0 119 0 21 0 0 768 | 0 -833 0 0 -18 0 0 3 768
0 0 0 119 0 21 0 0 768 | 0 -833 0 0 0 0 0 3 768
-357 0 0 238 0 9 0 0 768 | 0 -119 0 0 -3 0 0 2 256
-357 0 0 119 0 7 -3 0 512 | 0 -833 357 0 -27 0 0 9 1536
-1071 0 0 119 0 27 -9 0 1536 | 0 -357 119 0 -9 0 0 1 512
-119 0 0 0 0 5 0 0 256 | 0 -595 0 0 -9 0 0 0 768
-357 0 0 119 0 27 9 0 1536 | 0 -357 -119 0 -3 0 0 1 512
-119 0 0 119 0 7 3 0 512 | 0 -833 -357 0 -9 0 0 9 1536
238 0 0 119 0 12 -3 0 768 | 0 -476 119 0 6 0 0 3 768
-119 0 0 119 0 9 -3 0 1536 | 0 -357 119 0 -3 0 0 3 1536
-1309 0 0 119 0 9 3 0 1536 | 0 -357 -119 0 -33 0 0 3 1536
-952 0 0 119 0 12 3 0 768 | 0 -476 -119 0 -24 0 0 3 768
-1309 0 0 357 0 39 3 0 1536 | 0 -1547 -119 0 -33 0 0 9 1536
-119 0 0 357 0 39 -3 0 1536 | 0 -1547 119 0 -3 0 0 9 1536
357 0 0 238 0 9 0 0 768 | 0 -119 0 0 3 0 0 2 256
119 0 0 119 0 7 -3 0 512 | 0 -833 357 0 9 0 0 9 1536
357 0 0 119 0 27 -9 0 1536 | 0 -357 119 0 3 0 0 1 512
119 0 0 0 0 5 0 0 256 | 0 -595 0 0 9 0 0 0 768
1071 0 0 119 0 27 9 0 1536 | 0 -357 -119 0 9 0 0 1 512
952 0 0 119 0 12 -3 0 768 | 0 -476 119 0 24 0 0 3 768
1309 0 0 119 0 9 -3 0 1536 | 0 -357 119 0 33 0 0 3 1536
119 0 0 119 0 9 3 0 1536 | 0 -357 -119 0 3 0 0 3 1536
-238 0 0 119 0 12 3 0 768 | 0 -476 -119 0 -6 0 0 3 768
119 0 0 357 0 39 3 0 1536 | 0 -1547 -119 0 3 0 0 9 1536
-357 0 0 595 0 -3 -9 0 1536 | 0 119 357 0 -9 0 0 15 1536
-595 0 0 238 0 0 3 0 768 | 0 0 -119 0 -15 0 0 6 768
-595 0 0 595 0 15 3 0 1536 | 0 -595 -119 0 -15 0 0 15 1536
-357 0 0 238 0 0 -9 0 768 | 0 0 119 0 -3 0 0 2 256
-357 0 0 119 0 3 -9 0 768 | 0 -119 357 0 -9 0 0 3 768
833 0 0 357 0 3 -15 0 1536 | 0 -119 595 0 21 0 0 9 1536
119 0 0 119 0 -6 -6 0 768 | 0 238 238 0 3 0 0 3 768
-476 0 0 119 0 -6 -3 0 768 | 0 238 119 0 -12 0 0 3 768
-1547 0 0 357 0 3 -3 0 1536 | 0 -119 119 0 -39 0 0 9 1536
-476 0 0 238 0 9 -3 0 768 | 0 -357 119 0 -12 0 0 6 768
119 0 0 238 0 9 -6 0 768 | 0 -357 238 0 3 0 0 6 768
-119 0 0 0 0 2 -3 0 256 | 0 -238 357 0 -9 0 0 0 768
833 0 0 119 0 9 -15 0 1536 | 0 -357 595 0 21 0 0 3 1536
119 0 0 0 0 -3 -6 0 768 | 0 119 238 0 3 0 0 0 768
-476 0 0 0 0 -3 -3 0 768 | 0 119 119 0 -12 0 0 0 768
-1547 0 0 119 0 9 -3 0 1536 | 0 -357 119 0 -39 0 0 3 1536
-476 0 0 119 0 12 -3 0 768 | 0 -476 119 0 -12 0 0 3 768
119 0 0 119 0 12 -6 0 768 | 0 -476 238 0 3 0 0 3 768
0 0 0 -119 0 9 0 0 768 | 0 -119 0 0 0 0 0 -1 256
595 0 0 0 0 6 -3 0 768 | 0 -238 119 0 15 0 0 0 768
595 0 0 -119 0 -3 -3 0 1536 | 0 119 119 0 15 0 0 -3 1536
-595 0 0 -119 0 -3 3 0 1536 | 0 119 -119 0 -15 0 0 -3 1536
-595 0 0 0 0 6 3 0 768 | 0 -238 -119 0 -15 0 0 0 768
-595 0 0 119 0 27 3 0 1536 | 0 -1071 -119 0 -15 0 0 3 1536
595 0 0 119 0 27 -3 0 1536 | 0 -1071 119 0 15 0 0 3 1536
119 0 0 0 0 2 3 0 256 | 0 -238 -357 0 9 0 0 0 768
357 0 0 119 0 3 9 0 768 | 0 -119 -357 0 9 0 0 3 768
1547 0 0 119 0 9 3 0 1536 | 0 -357 -119 0 39 0 0 3 1536
476 0 0 0 0 -3 3 0 768 | 0 119 -119 0 12 0 0 0 768
-119 0 0 0 0 -3 6 0 768 | 0 119 -238 0 -3 0 0 0 768
-833 0 0 119 0 9 15 0 1536 | 0 -357 -595 0 -21 0 0 3 1536
-119 0 0 119 0 12 6 0 768 | 0 -476 -238 0 -3 0 0 3 768
476 0 0 119 0 12 3 0 768 | 0 -476 -119 0 12 0 0 3 768
1547 0 0 357 0 3 3 0 1536 | 0 -119 -119 0 39 0 0 9 1536
476 0 0 119 0 -6 3 0 768 | 0 238 -119 0 12 0 0 3 768
-119 0 0 119 0 -6 6 0 768 | 0 238 -238 0 -3 0 0 3 768
-833 0 0 357 0 3 15 0 1536 | 0 -119 -595 0 -21 0 0 9 1536
-119 0 0 238 0 9 6 0 768 | 0 -357 -238 0 -3 0 0 6 768
1785 0 0 119 0 -9 -9 0 1536 | 0 119 119 0 15 0 0 1 512
595 0 0 0 0 -12 -3 0 768 | 0 476 119 0 15 0 0 0 768
-595 0 0 0 0 -12 3 0 768 | 0 476 -119 0 -15 0 0 0 768
-1785 0 0 119 0 -9 9 0 1536 | 0 119 -119 0 -15 0 0 1 512
-1190 0 0 119 0 3 6 0 768 | 0 -119 -238 0 -30 0 0 3 768
-595 0 0 119 0 7 3 0 512 | 0 -833 -357 0 -45 0 0 9 1536
-595 0 0 238 0 18 3 0 768 | 0 -714 -119 0 -15 0 0 6 768
0 0 0 119 0 9 0 0 384 | 0 -119 0 0 0 0 0 1 128
1071 0 0 119 0 3 -27 0 1536 | 0 -119 1071 0 27 0 0 3 1536
0 0 0 119 0 -6 -9 0 768 | 0 238 357 0 0 0 0 3 768
0 0 0 119 0 12 -9 0 768 | 0 -476 357 0 0 0 0 3 768
714 0 0 119 0 12 -9 0 768 | 0 -476 357 0 18 0 0 3 768
357 0 0 119 0 9 -27 0 1536 | 0 -119 357 0 3 0 0 1 512
119 0 0 0 0 2 -3 0 256 | 0 -238 357 0 9 0 0 0 768
119 0 0 119 0 -9 -15 0 1536 | 0 357 595 0 3 0 0 3 1536
-238 0 0 119 0 3 -6 0 768 | 0 -119 238 0 -6 0 0 3 768
119 0 0 357 0 21 -15 0 1536 | 0 -833 595 0 3 0 0 9 1536
1309 0 0 357 0 21 -21 0 1536 | 0 -833 833 0 33 0 0 9 1536
1071 0 0 -119 0 -3 -27 0 1536 | 0 119 1071 0 27 0 0 -3 1536
357 0 0 0 0 0 -3 0 256 | 0 0 119 0 9 0 0 0 256
0 0 0 0 0 -3 -3 0 256 | 0 119 119 0 0 0 0 0 256
0 0 0 0 0 3 -3 0 256 | 0 -119 119 0 0 0 0 0 256
238 0 0 0 0 3 -3 0 256 | 0 -119 119 0 6 0 0 0 256
357 0 0 119 0 -3 -9 0 768 | 0 119 357 0 9 0 0 3 768
357 0 0 -119 0 3 -27 0 1536 | 0 -119 1071 0 9 0 0 -3 1536
357 0 0 -119 0 3 -9 0 768 | 0 -119 357 0 9 0 0 -3 768
238 0 0 0 0 0 -3 0 192 | 0 0 119 0 6 0 0 0 192
119 0 0 -119 0 -15 -15 0 1536 | 0 595 595 0 3 0 0 -3 1536
-119 0 0 0 0 0 -3 0 384 | 0 0 119 0 -3 0 0 0 384
119 0 0 119 0 15 -15 0 1536 | 0 -595 595 0 3 0 0 3 1536
1309 0 0 119 0 15 -21 0 1536 | 0 -595 833 0 33 0 0 3 1536
2499 0 0 119 0 21 -9 0 1536 | 0 -833 357 0 63 0 0 3 1536
714 0 0 119 0 0 -9 0 768 | 0 0 119 0 6 0 0 1 256
238 0 0 0 0 1 -3 0 256 | 0 -119 357 0 18 0 0 0 768
1785 0 0 -119 0 9 -9 0 1536 | 0 -119 119 0 15 0 0 -1 512
357 0 0 0 0 1 0 0 256 | 0 -119 0 0 27 0 0 0 768
1071 0 0 119 0 0 0 0 768 | 0 0 0 0 9 0 0 1 256
595 0 0 0 0 -3 -3 0 384 | 0 119 119 0 15 0 0 0 384
595 0 0 0 0 -6 -3 0 768 | 0 238 119 0 15 0 0 0 768
595 0 0 119 0 3 -3 0 1536 | 0 -119 119 0 15 0 0 3 1536
595 0 0 119 0 9 -3 0 768 | 0 -357 119 0 15 0 0 3 768
1190 0 0 119 0 9 -6 0 768 | 0 -357 238 0 30 0 0 3 768
119 0 0 0 0 -2 -3 0 256 | 0 238 357 0 9 0 0 0 768
1071 0 0 -119 0 -9 -9 0 1536 | 0 119 119 0 9 0 0 -1 512
238 0 0 0 0 -15 -3 0 768 | 0 595 119 0 6 0 0 0 768
-119 0 0 119 0 -15 -3 0 1536 | 0 595 119 0 -3 0 0 3 1536
238 0 0 119 0 0 -3 0 768 | 0 0 119 0 6 0 0 3 768
833 0 0 119 0 0 -6 0 768 | 0 0 238 0 21 0 0 3 768
-119 0 0 119 0 -7 -3 0 512 | 0 833 357 0 -9 0 0 9 1536
-357 0 0 119 0 -9 -9 0 768 | 0 119 119 0 -3 0 0 1 256
-119 0 0 0 0 -2 -3 0 256 | 0 238 357 0 -9 0 0 0 768
0 0 0 119 0 -9 0 0 768 | 0 119 0 0 0 0 0 1 256
833 0 0 119 0 -15 -15 0 1536 | 0 595 595 0 21 0 0 3 1536
119 0 0 0 0 -15 -6 0 768 | 0 595 238 0 3 0 0 0 768
-476 0 0 0 0 -15 -3 0 768 | 0 595 119 0 -12 0 0 0 768
-1547 0 0 119 0 -15 -3 0 1536 | 0 595 119 0 -39 0 0 3 1536
-476 0 0 119 0 0 -3 0 768 | 0 0 119 0 -12 0 0 3 768
119 0 0 119 0 0 -6 0 768 | 0 0 238 0 3 0 0 3 768
-357 0 0 119 0 -1 -3 0 512 | 0 119 357 0 -27 0 0 9 1536
-714 0 0 119 0 0 -9 0 768 | 0 0 119 0 -6 0 0 1 256
-238 0 0 0 0 1 -3 0 256 | 0 -119 357 0 -18 0 0 0 768
-1071 0 0 -119 0 9 -9 0 1536 | 0 -119 119 0 -9 0 0 -1 512
119 0 0 119 0 3 -15 0 1536 | 0 -119 595 0 3 0 0 3 1536
-119 0 0 0 0 -3 -3 0 384 | 0 119 119 0 -3 0 0 0 384
-833 0 0 0 0 -6 -3 0 768 | 0 238 119 0 -21 0 0 0 768
-2261 0 0 119 0 3 -3 0 1536 | 0 -119 119 0 -57 0 0 3 1536
-833 0 0 119 0 9 -3 0 768 | 0 -357 119 0 -21 0 0 3 768
-238 0 0 119 0 9 -6 0 768 | 0 -357 238 0 -6 0 0 3 768
-1071 0 0 119 0 39 -9 0 1536 | 0 -1547 357 0 -27 0 0 3 1536
357 0 0 119 0 39 -9 0 1536 | 0 -1547 357 0 9 0 0 3 1536
-357 0 0 119 0 9 -9 0 768 | 0 -119 119 0 -3 0 0 1 256
-119 0 0 0 0 4 -3 0 256 | 0 -476 357 0 -9 0 0 0 768
833 0 0 119 0 21 -15 0 1536 | 0 -833 595 0 21 0 0 3 1536
119 0 0 0 0 3 -6 0 768 | 0 -119 238 0 3 0 0 0 768
-476 0 0 0 0 3 -3 0 768 | 0 -119 119 0 -12 0 0 0 768
-1547 0 0 119 0 21 -3 0 1536 | 0 -833 119 0 -39 0 0 3 1536
-476 0 0 119 0 18 -3 0 768 | 0 -714 119 0 -12 0 0 3 768
119 0 0 119 0 18 -6 0 768 | 0 -714 238 0 3 0 0 3 768
1785 0 0 119 0 39 -9 0 1536 | 0 -1547 357 0 45 0 0 3 1536
357 0 0 119 0 5 -3 0 512 | 0 -595 357 0 27 0 0 9 1536
357 0 0 119 0 9 -9 0 768 | 0 -119 119 0 3 0 0 1 256
119 0 0 0 0 4 -3 0 256 | 0 -476 357 0 9 0 0 0 768
1071 0 0 -119 0 27 -9 0 1536 | 0 -357 119 0 9 0 0 -1 512
119 0 0 0 0 2 0 0 128 | 0 -238 0 0 9 0 0 0 384
714 0 0 119 0 9 0 0 768 | 0 -119 0 0 6 0 0 1 256
2261 0 0 119 0 21 -15 0 1536 | 0 -833 595 0 57 0 0 3 1536
833 0 0 0 0 3 -6 0 768 | 0 -119 238 0 21 0 0 0 768
238 0 0 0 0 3 -3 0 768 | 0 -119 119 0 6 0 0 0 768
-119 0 0 119 0 21 -3 0 1536 | 0 -833 119 0 -3 0 0 3 1536
238 0 0 119 0 18 -3 0 768 | 0 -714 119 0 6 0 0 3 768
833 0 0 119 0 18 -6 0 768 | 0 -714 238 0 21 0 0 3 768
476 0 0 119 0 -9 -6 0 768 | 0 357 238 0 12 0 0 3 768
-119 0 0 119 0 -9 -3 0 768 | 0 357 119 0 -3 0 0 3 768
-833 0 0 357 0 -3 -3 0 1536 | 0 119 119 0 -21 0 0 9 1536
-119 0 0 238 0 6 -3 0 768 | 0 -238 119 0 -3 0 0 6 768
238 0 0 119 0 3 -3 0 384 | 0 -119 119 0 6 0 0 3 384
-357 0 0 119 0 3 -27 0 1536 | 0 -119 1071 0 -9 0 0 3 1536
-595 0 0 357 0 15 -15 0 1536 | 0 -595 595 0 -15 0 0 9 1536
595 0 0 357 0 15 -21 0 1536 | 0 -595 833 0 15 0 0 9 1536
-357 0 0 -119 0 9 -27 0 1536 | 0 -119 357 0 -3 0 0 -1 512
0 0 0 -119 0 6 -9 0 768 | 0 -238 357 0 0 0 0 -3 768
595 0 0 0 0 3 -12 0 768 | 0 -119 476 0 15 0 0 0 768
595 0 0 -119 0 -9 -21 0 1536 | 0 357 833 0 15 0 0 -3 1536
-595 0 0 -119 0 -9 -15 0 1536 | 0 357 595 0 -15 0 0 -3 1536
-595 0 0 0 0 3 -6 0 768 | 0 -119 238 0 -15 0 0 0 768
-595 0 0 119 0 21 -15 0 1536 | 0 -833 595 0 -15 0 0 3 1536
595 0 0 119 0 21 -21 0 1536 | 0 -833 833 0 15 0 0 3 1536
119 0 0 -119 0 5 -3 0 512 | 0 -595 357 0 9 0 0 -9 1536
1547 0 0 -119 0 9 -15 0 1536 | 0 -357 595 0 39 0 0 -3 1536
476 0 0 -119 0 -3 -6 0 768 | 0 119 238 0 12 0 0 -3 768
-119 0 0 -119 0 -3 -3 0 768 | 0 119 119 0 -3 0 0 -3 768
-833 0 0 -119 0 9 -3 0 1536 | 0 -357 119 0 -21 0 0 -3 1536
-119 0 0 0 0 12 -3 0 768 | 0 -476 119 0 -3 0 0 0 768
238 0 0 0 0 6 -3 0 384 | 0 -238 119 0 6 0 0 0 384
1071 0 0 -119 0 9 9 0 1536 | 0 -119 -119 0 9 0 0 -1 512
952 0 0 0 0 3 -3 0 768 | 0 -119 119 0 24 0 0 0 768
1309 0 0 -119 0 -9 -3 0 1536 | 0 357 119 0 33 0 0 -3 1536
119 0 0 -119 0 -9 3 0 1536 | 0 357 -119 0 3 0 0 -3 1536
-238 0 0 0 0 3 3 0 768 | 0 -119 -119 0 -6 0 0 0 768
119 0 0 119 0 21 3 0 1536 | 0 -833 -119 0 3 0 0 3 1536
1309 0 0 119 0 21 -3 0 1536 | 0 -833 119 0 33 0 0 3 1536
357 0 0 119 0 -1 3 0 512 | 0 119 -357 0 27 0 0 9 1536
952 0 0 119 0 0 -3 0 768 | 0 0 119 0 24 0 0 3 768
1309 0 0 119 0 -15 -3 0 1536 | 0 595 119 0 33 0 0 3 1536
119 0 0 119 0 -15 3 0 1536 | 0 595 -119 0 3 0 0 3 1536
-238 0 0 119 0 0 3 0 768 | 0 0 -119 0 -6 0 0 3 768
119 0 0 357 0 15 3 0 1536 | 0 -595 -119 0 3 0 0 9 1536
1309 0 0 357 0 15 -3 0 1536 | 0 -595 119 0 33 0 0 9 1536
1071 0 0 119 0 9 -9 0 768 | 0 -119 119 0 9 0 0 1 256
357 0 0 -119 0 -27 -9 0 1536 | 0 357 119 0 3 0 0 -1 512
-833 0 0 -119 0 -27 -3 0 1536 | 0 1071 119 0 -21 0 0 -3 1536
-2023 0 0 119 0 3 3 0 1536 | 0 -119 -119 0 -51 0 0 3 1536
-714 0 0 119 0 9 0 0 768 | 0 -119 0 0 -6 0 0 1 256
-833 0 0 357 0 33 -3 0 1536 | 0 -1309 119 0 -21 0 0 9 1536
119 0 0 119 0 11 -3 0 512 | 0 -1309 357 0 9 0 0 9 1536
1547 0 0 357 0 33 -15 0 1536 | 0 -1309 595 0 39 0 0 9 1536
357 0 0 -238 0 -6 -9 0 768 | 0 238 357 0 9 0 0 -6 768
1071 0 0 -119 0 -3 -9 0 768 | 0 119 357 0 27 0 0 -3 768
-357 0 0 -119 0 -3 -9 0 768 | 0 119 357 0 -9 0 0 -3 768
714 0 0 -119 0 6 -9 0 768 | 0 -238 357 0 18 0 0 -3 768
357 0 0 -238 0 0 -9 0 768 | 0 0 119 0 3 0 0 -2 256
357 0 0 -119 0 -1 -3 0 512 | 0 119 357 0 27 0 0 -9 1536
952 0 0 -119 0 -3 -12 0 768 | 0 119 476 0 24 0 0 -3 768
-238 0 0 -119 0 -3 -6 0 768 | 0 119 238 0 -6 0 0 -3 768
119 0 0 -119 0 9 -15 0 1536 | 0 -357 595 0 3 0 0 -3 1536
1309 0 0 -119 0 9 -21 0 1536 | 0 -357 833 0 33 0 0 -3 1536
357 0 0 -595 0 -15 -9 0 1536 | 0 595 357 0 9 0 0 -15 1536
595 0 0 -119 0 -3 -3 0 512 | 0 119 119 0 15 0 0 -3 512
357 0 0 -119 0 -9 -3 0 512 | 0 357 119 0 9 0 0 -3 512
-357 0 0 -119 0 -3 -3 0 512 | 0 119 119 0 -9 0 0 -3 512
357 0 0 -119 0 3 -3 0 512 | 0 -119 119 0 9 0 0 -3 512
0 0 0 -119 0 -6 -9 0 768 | 0 238 357 0 0 0 0 -3 768
357 0 0 -595 0 -3 -9 0 1536 | 0 119 357 0 9 0 0 -15 1536
357 0 0 -238 0 -3 0 0 768 | 0 119 0 0 9 0 0 -6 768
1547 0 0 -357 0 -9 -15 0 1536 | 0 357 595 0 39 0 0 -9 1536
238 0 0 -119 0 -6 -3 0 384 | 0 238 119 0 6 0 0 -3 384
-833 0 0 -357 0 -9 -3 0 1536 | 0 357 119 0 -21 0 0 -9 1536
-119 0 0 -119 0 3 -3 0 768 | 0 -119 119 0 -3 0 0 -3 768
476 0 0 -119 0 3 -6 0 768 | 0 -119 238 0 12 0 0 -3 768
3213 0 0 -119 0 -3 -9 0 1536 | 0 119 357 0 81 0 0 -3 1536
2499 0 0 -119 0 -21 -9 0 1536 | 0 833 357 0 63 0 0 -3 1536
2499 0 0 -119 0 15 -9 0 1536 | 0 -595 357 0 63 0 0 -3 1536
238 0 0 0 0 -1 -3 0 256 | 0 119 357 0 18 0 0 0 768
714 0 0 -119 0 0 -9 0 768 | 0 0 119 0 6 0 0 -1 256
595 0 0 -119 0 1 -3 0 512 | 0 -119 357 0 45 0 0 -9 1536
1071 0 0 -119 0 0 0 0 768 | 0 0 0 0 9 0 0 -1 256
357 0 0 0 0 -1 0 0 256 | 0 119 0 0 27 0 0 0 768
2975 0 0 -119 0 -3 -15 0 1536 | 0 119 595 0 75 0 0 -3 1536
1190 0 0 -119 0 -9 -6 0 768 | 0 357 238 0 30 0 0 -3 768
595 0 0 -119 0 -9 -3 0 768 | 0 357 119 0 15 0 0 -3 768
595 0 0 0 0 3 -3 0 384 | 0 -119 119 0 15 0 0 0 384
1071 0 0 119 0 -27 -9 0 1536 | 0 357 119 0 9 0 0 1 512
357 0 0 -119 0 -9 -9 0 768 | 0 119 119 0 3 0 0 -1 256
357 0 0 -119 0 -5 -3 0 512 | 0 595 357 0 27 0 0 -9 1536
714 0 0 -119 0 -9 0 0 768 | 0 119 0 0 6 0 0 -1 256
119 0 0 0 0 -2 0 0 128 | 0 238 0 0 9 0 0 0 384
2261 0 0 -119 0 -21 -15 0 1536 | 0 833 595 0 57 0 0 -3 1536
238 0 0 -119 0 -18 -3 0 768 | 0 714 119 0 6 0 0 -3 768
-119 0 0 -119 0 -21 -3 0 1536 | 0 833 119 0 -3 0 0 -3 1536
238 0 0 0 0 -3 -3 0 768 | 0 119 119 0 6 0 0 0 768
833 0 0 0 0 -3 -6 0 768 | 0 119 238 0 21 0 0 0 768
-119 0 0 -119 0 -5 -3 0 512 | 0 595 357 0 -9 0 0 -9 1536
0 0 0 -119 0 -9 0 0 768 | 0 119 0 0 0 0 0 -1 256
833 0 0 -119 0 -21 -15 0 1536 | 0 833 595 0 21 0 0 -3 1536
-1547 0 0 -119 0 -21 -3 0 1536 | 0 833 119 0 -39 0 0 -3 1536
-238 0 0 0 0 -1 -3 0 256 | 0 119 357 0 -18 0 0 0 768
-714 0 0 -119 0 0 -9 0 768 | 0 0 119 0 -6 0 0 -1 256
-357 0 0 -119 0 1 -3 0 512 | 0 -119 357 0 -27 0 0 -9 1536
119 0 0 -119 0 -3 -15 0 1536 | 0 119 595 0 3 0 0 -3 1536
-238 0 0 -119 0 -9 -6 0 768 | 0 357 238 0 -6 0 0 -3 768
-833 0 0 -119 0 -9 -3 0 768 | 0 357 119 0 -21 0 0 -3 768
-2261 0 0 -119 0 -3 -3 0 1536 | 0 119 119 0 -57 0 0 -3 1536
-833 0 0 0 0 6 -3 0 768 | 0 -238 119 0 -21 0 0 0 768
-119 0 0 0 0 3 -3 0 384 | 0 -119 119 0 -3 0 0 0 384
-357 0 0 -119 0 9 -9 0 768 | 0 -119 119 0 -3 0 0 -1 256
-119 0 0 -119 0 7 -3 0 512 | 0 -833 357 0 -9 0 0 -9 1536
833 0 0 -119 0 15 -15 0 1536 | 0 -595 595 0 21 0 0 -3 1536
119 0 0 -119 0 0 -6 0 768 | 0 0 238 0 3 0 0 -3 768
-476 0 0 -119 0 0 -3 0 768 | 0 0 119 0 -12 0 0 -3 768
-1547 0 0 -119 0 15 -3 0 1536 | 0 -595 119 0 -39 0 0 -3 1536
-476 0 0 0 0 15 -3 0 768 | 0 -595 119 0 -12 0 0 0 768
119 0 0 0 0 15 -6 0 768 | 0 -595 238 0 3 0 0 0 768
1785 0 0 -119 0 33 -9 0 1536 | 0 -1309 357 0 45 0 0 -3 1536
357 0 0 -119 0 9 -9 0 768 | 0 -119 119 0 3 0 0 -1 256
357 0 0 -119 0 7 -3 0 512 | 0 -833 357 0 27 0 0 -9 1536
2261 0 0 -119 0 15 -15 0 1536 | 0 -595 595 0 57 0 0 -3 1536
833 0 0 -119 0 0 -6 0 768 | 0 0 238 0 21 0 0 -3 768
238 0 0 -119 0 0 -3 0 768 | 0 0 119 0 6 0 0 -3 768
-119 0 0 -119 0 15 -3 0 1536 | 0 -595 119 0 -3 0 0 -3 1536
238 0 0 0 0 15 -3 0 768 | 0 -595 119 0 6 0 0 0 768
833 0 0 0 0 15 -6 0 768 | 0 -595 238 0 21 0 0 0 768
1547 0 0 119 0 -9 -15 0 1536 | 0 357 595 0 39 0 0 3 1536
238 0 0 0 0 -6 -3 0 384 | 0 238 119 0 6 0 0 0 384
-119 0 0 0 0 -12 -3 0 768 | 0 476 119 0 -3 0 0 0 768
476 0 0 119 0 3 -6 0 768 | 0 -119 238 0 12 0 0 3 768
595 0 0 0 0 -3 -12 0 768 | 0 119 476 0 15 0 0 0 768
-595 0 0 -119 0 -21 -15 0 1536 | 0 833 595 0 -15 0 0 -3 1536
-595 0 0 0 0 -3 -6 0 768 | 0 119 238 0 -15 0 0 0 768
-595 0 0 119 0 9 -15 0 1536 | 0 -357 595 0 -15 0 0 3 1536
595 0 0 119 0 9 -21 0 1536 | 0 -357 833 0 15 0 0 3 1536
0 0 0 -238 0 3 -9 0 768 | 0 -119 357 0 0 0 0 -6 768
595 0 0 -119 0 0 -12 0 768 | 0 0 476 0 15 0 0 -3 768
595 0 0 -119 0 15 -21 0 1536 | 0 -595 833 0 15 0 0 -3 1536
357 0 0 -595 0 9 -9 0 1536 | 0 -119 119 0 3 0 0 -5 512
357 0 0 -238 0 3 0 0 768 | 0 -119 0 0 9 0 0 -6 768
1547 0 0 -357 0 3 -15 0 1536 | 0 -119 595 0 39 0 0 -9 1536
238 0 0 -119 0 -3 -3 0 384 | 0 119 119 0 6 0 0 -3 384
-119 0 0 -238 0 -6 -3 0 768 | 0 238 119 0 -3 0 0 -6 768
-833 0 0 -357 0 3 -3 0 1536 | 0 -119 119 0 -21 0 0 -9 1536
-119 0 0 -119 0 9 -3 0 768 | 0 -357 119 0 -3 0 0 -3 768
476 0 0 -119 0 9 -6 0 768 | 0 -357 238 0 12 0 0 -3 768
357 0 0 -119 0 1 3 0 512 | 0 -119 -357 0 27 0 0 -9 1536
952 0 0 -119 0 0 -3 0 768 | 0 0 119 0 24 0 0 -3 768
1309 0 0 -357 0 -15 -3 0 1536 | 0 595 119 0 33 0 0 -9 1536
119 0 0 -357 0 -15 3 0 1536 | 0 595 -119 0 3 0 0 -9 1536
-238 0 0 -119 0 0 3 0 768 | 0 0 -119 0 -6 0 0 -3 768
119 0 0 -119 0 15 3 0 1536 | 0 -595 -119 0 3 0 0 -3 1536
1309 0 0 -119 0 15 -3 0 1536 | 0 -595 119 0 33 0 0 -3 1536
952 0 0 0 0 -3 -3 0 768 | 0 119 119 0 24 0 0 0 768
1309 0 0 -119 0 -21 -3 0 1536 | 0 833 119 0 33 0 0 -3 1536
119 0 0 -119 0 -21 3 0 1536 | 0 833 -119 0 3 0 0 -3 1536
-238 0 0 0 0 -3 3 0 768 | 0 119 -119 0 -6 0 0 0 768
2737 0 0 -119 0 -3 -21 0 1536 | 0 119 833 0 69 0 0 -3 1536
1071 0 0 -119 0 -9 -9 0 768 | 0 119 119 0 9 0 0 -1 256
357 0 0 0 0 2 -3 0 256 | 0 -238 357 0 27 0 0 0 768
-714 0 0 -119 0 -9 0 0 768 | 0 119 0 0 -6 0 0 -1 256
-2023 0 0 -119 0 -3 3 0 1536 | 0 119 -119 0 -51 0 0 -3 1536
-833 0 0 119 0 27 -3 0 1536 | 0 -1071 119 0 -21 0 0 3 1536
1547 0 0 119 0 27 -15 0 1536 | 0 -1071 595 0 39 0 0 3 1536
-357 0 0 -595 0 -15 9 0 1536 | 0 595 -357 0 -9 0 0 -15 1536
357 0 0 -119 0 -3 0 0 384 | 0 119 0 0 9 0 0 -3 384
357 0 0 -238 0 -15 0 0 768 | 0 595 0 0 9 0 0 -6 768
-357 0 0 -238 0 3 0 0 768 | 0 -119 0 0 -9 0 0 -6 768
357 0 0 -595 0 -9 9 0 1536 | 0 119 -119 0 3 0 0 -5 512
119 0 0 -119 0 -5 3 0 512 | 0 595 -357 0 9 0 0 -9 1536
595 0 0 -238 0 -6 -3 0 768 | 0 238 119 0 15 0 0 -6 768
595 0 0 -595 0 -27 -3 0 1536 | 0 1071 119 0 15 0 0 -15 1536
-595 0 0 -357 0 3 3 0 1536 | 0 -119 -119 0 -15 0 0 -9 1536
595 0 0 -357 0 3 -3 0 1536 | 0 -119 119 0 15 0 0 -9 1536
-357 0 0 -238 0 -6 9 0 768 | 0 238 -357 0 -9 0 0 -6 768
357 0 0 -119 0 -3 3 0 512 | 0 119 -119 0 9 0 0 -3 512
119 0 0 -119 0 -9 3 0 512 | 0 357 -119 0 3 0 0 -3 512
-357 0 0 -119 0 -9 3 0 512 | 0 357 -119 0 -9 0 0 -3 512
-357 0 0 -119 0 3 3 0 512 | 0 -119 -119 0 -9 0 0 -3 512
-357 0 0 -238 0 -3 0 0 768 | 0 119 0 0 -9 0 0 -6 768
0 0 0 -238 0 -3 9 0 768 | 0 119 -357 0 0 0 0 -6 768
0 0 0 -119 0 -6 9 0 768 | 0 238 -357 0 0 0 0 -3 768
833 0 0 -357 0 -9 3 0 1536 | 0 357 -119 0 21 0 0 -9 1536
119 0 0 -238 0 -12 3 0 768 | 0 476 -119 0 3 0 0 -6 768
-238 0 0 -119 0 -6 3 0 384 | 0 238 -119 0 -6 0 0 -3 384
-476 0 0 -119 0 3 6 0 768 | 0 -119 -238 0 -12 0 0 -3 768
119 0 0 -119 0 3 3 0 768 | 0 -119 -119 0 3 0 0 -3 768
1428 0 0 -119 0 -3 0 0 768 | 0 119 0 0 36 0 0 -3 768
1071 0 0 -119 0 -12 0 0 768 | 0 476 0 0 27 0 0 -3 768
357 0 0 -119 0 0 0 0 384 | 0 0 0 0 3 0 0 -1 128
595 0 0 -119 0 -1 3 0 512 | 0 119 -357 0 45 0 0 -9 1536
1309 0 0 -119 0 -3 -3 0 768 | 0 119 119 0 33 0 0 -3 768
2023 0 0 -357 0 -21 -3 0 1536 | 0 833 119 0 51 0 0 -9 1536
833 0 0 -357 0 -21 3 0 1536 | 0 833 -119 0 21 0 0 -9 1536
119 0 0 -119 0 -3 3 0 768 | 0 119 -119 0 3 0 0 -3 768
833 0 0 -119 0 9 3 0 1536 | 0 -357 -119 0 21 0 0 -3 1536
2023 0 0 -119 0 9 -3 0 1536 | 0 -357 119 0 51 0 0 -3 1536
714 0 0 -119 0 -21 0 0 768 | 0 833 0 0 18 0 0 -3 768
0 0 0 -119 0 -21 0 0 768 | 0 833 0 0 0 0 0 -3 768
119 0 0 0 0 -5 0 0 256 | 0 595 0 0 9 0 0 0 768
119 0 0 -119 0 -7 -3 0 512 | 0 833 357 0 9 0 0 -9 1536
357 0 0 -238 0 -9 0 0 768 | 0 119 0 0 3 0 0 -2 256
357 0 0 -119 0 -7 3 0 512 | 0 833 -357 0 27 0 0 -9 1536
1071 0 0 -119 0 -27 9 0 1536 | 0 357 -119 0 9 0 0 -1 512
952 0 0 -119 0 -12 -3 0 768 | 0 476 119 0 24 0 0 -3 768
1309 0 0 -357 0 -39 -3 0 1536 | 0 1547 119 0 33 0 0 -9 1536
119 0 0 -357 0 -39 3 0 1536 | 0 1547 -119 0 3 0 0 -9 1536
-238 0 0 -119 0 -12 3 0 768 | 0 476 -119 0 -6 0 0 -3 768
-119 0 0 0 0 -5 0 0 256 | 0 595 0 0 -9 0 0 0 768
-1071 0 0 -119 0 -27 -9 0 1536 | 0 357 119 0 -9 0 0 -1 512
-357 0 0 -238 0 -9 0 0 768 | 0 119 0 0 -3 0 0 -2 256
-119 0 0 -119 0 -7 3 0 512 | 0 833 -357 0 -9 0 0 -9 1536
-357 0 0 -119 0 -27 9 0 1536 | 0 357 -119 0 -3 0 0 -1 512
238 0 0 -119 0 -12 -3 0 768 | 0 476 119 0 6 0 0 -3 768
-119 0 0 -357 0 -39 -3 0 1536 | 0 1547 119 0 -3 0 0 -9 1536
-952 0 0 -119 0 -12 3 0 768 | 0 476 -119 0 -24 0 0 -3 768
-1309 0 0 -119 0 -9 3 0 1536 | 0 357 -119 0 -33 0 0 -3 1536
-119 0 0 -119 0 -9 -3 0 1536 | 0 357 119 0 -3 0 0 -3 1536
-357 0 0 -119 0 -1 3 0 512 | 0 119 -357 0 -27 0 0 -9 1536
-1071 0 0 -119 0 -9 9 0 1536 | 0 119 -119 0 -9 0 0 -1 512
-833 0 0 -357 0 -21 -3 0 1536 | 0 833 119 0 -21 0 0 -9 1536
-2023 0 0 -119 0 9 3 0 1536 | 0 -357 -119 0 -51 0 0 -3 1536
-357 0 0 -119 0 5 -3 0 512 | 0 -595 357 0 -27 0 0 -9 1536
-357 0 0 -238 0 9 0 0 768 | 0 -119 0 0 -3 0 0 -2 256
-119 0 0 -119 0 5 3 0 512 | 0 -595 -357 0 -9 0 0 -9 1536
238 0 0 -119 0 6 -3 0 768 | 0 -238 119 0 6 0 0 -3 768
-119 0 0 -357 0 -3 -3 0 1536 | 0 119 119 0 -3 0 0 -9 1536
-1309 0 0 -357 0 -3 3 0 1536 | 0 119 -119 0 -33 0 0 -9 1536
-952 0 0 -119 0 6 3 0 768 | 0 -238 -119 0 -24 0 0 -3 768
-1309 0 0 -119 0 27 3 0 1536 | 0 -1071 -119 0 -33 0 0 -3 1536
-119 0 0 -119 0 27 -3 0 1536 | 0 -1071 119 0 -3 0 0 -3 1536
357 0 0 -238 0 9 0 0 768 | 0 -119 0 0 3 0 0 -2 256
357 0 0 -119 0 5 3 0 512 | 0 -595 -357 0 27 0 0 -9 1536
952 0 0 -119 0 6 -3 0 768 | 0 -238 119 0 24 0 0 -3 768
1309 0 0 -357 0 -3 -3 0 1536 | 0 119 119 0 33 0 0 -9 1536
119 0 0 -357 0 -3 3 0 1536 | 0 119 -119 0 3 0 0 -9 1536
-238 0 0 -119 0 6 3 0 768 | 0 -238 -119 0 -6 0 0 -3 768
119 0 0 -119 0 27 3 0 1536 | 0 -1071 -119 0 3 0 0 -3 1536
1309 0 0 -119 0 27 -3 0 1536 | 0 -1071 119 0 33 0 0 -3 1536
595 0 0 -119 0 -27 -3 0 1536 | 0 1071 119 0 15 0 0 -3 1536
-595 0 0 -119 0 -27 3 0 1536 | 0 1071 -119 0 -15 0 0 -3 1536
-595 0 0 0 0 -6 3 0 768 | 0 238 -119 0 -15 0 0 0 768
-595 0 0 119 0 3 3 0 1536 | 0 -119 -119 0 -15 0 0 3 1536
833 0 0 -119 0 -9 -15 0 1536 | 0 357 595 0 21 0 0 -3 1536
119 0 0 -119 0 -12 -6 0 768 | 0 476 238 0 3 0 0 -3 768
-476 0 0 -119 0 -12 -3 0 768 | 0 476 119 0 -12 0 0 -3 768
-1547 0 0 -119 0 -9 -3 0 1536 | 0 357 119 0 -39 0 0 -3 1536
833 0 0 -357 0 -3 -15 0 1536 | 0 119 595 0 21 0 0 -9 1536
119 0 0 -238 0 -9 -6 0 768 | 0 357 238 0 3 0 0 -6 768
-1547 0 0 -357 0 -3 -3 0 1536 | 0 119 119 0 -39 0 0 -9 1536
-476 0 0 -119 0 6 -3 0 768 | 0 -238 119 0 -12 0 0 -3 768
119 0 0 -119 0 6 -6 0 768 | 0 -238 238 0 3 0 0 -3 768
357 0 0 -595 0 3 9 0 1536 | 0 -119 -357 0 9 0 0 -15 1536
595 0 0 -238 0 0 -3 0 768 | 0 0 119 0 15 0 0 -6 768
595 0 0 -595 0 -15 -3 0 1536 | 0 595 119 0 15 0 0 -15 1536
357 0 0 -238 0 0 9 0 768 | 0 0 -119 0 3 0 0 -2 256
357 0 0 -119 0 -3 9 0 768 | 0 119 -357 0 9 0 0 -3 768
1547 0 0 -357 0 -3 3 0 1536 | 0 119 -119 0 39 0 0 -9 1536
476 0 0 -238 0 -9 3 0 768 | 0 357 -119 0 12 0 0 -6 768
-119 0 0 -238 0 -9 6 0 768 | 0 357 -238 0 -3 0 0 -6 768
-833 0 0 -357 0 -3 15 0 1536 | 0 119 -595 0 -21 0 0 -9 1536
-119 0 0 -119 0 6 6 0 768 | 0 -238 -238 0 -3 0 0 -3 768
476 0 0 -119 0 6 3 0 768 | 0 -238 -119 0 12 0 0 -3 768
119 0 0 0 0 -2 3 0 256 | 0 238 -357 0 9 0 0 0 768
1547 0 0 -119 0 -9 3 0 1536 | 0 357 -119 0 39 0 0 -3 1536
476 0 0 -119 0 -12 3 0 768 | 0 476 -119 0 12 0 0 -3 768
-119 0 0 -119 0 -12 6 0 768 | 0 476 -238 0 -3 0 0 -3 768
-833 0 0 -119 0 -9 15 0 1536 | 0 357 -595 0 -21 0 0 -3 1536
-119 0 0 0 0 3 6 0 768 | 0 -119 -238 0 -3 0 0 0 768
476 0 0 0 0 3 3 0 768 | 0 -119 -119 0 12 0 0 0 768
1190 0 0 -119 0 -3 -6 0 768 | 0 119 238 0 30 0 0 -3 768
595 0 0 -119 0 -7 -3 0 512 | 0 833 357 0 45 0 0 -9 1536
595 0 0 -238 0 -18 -3 0 768 | 0 714 119 0 15 0 0 -6 768
0 0 0 -119 0 -9 0 0 384 | 0 119 0 0 0 0 0 -1 128
-1785 0 0 -119 0 9 9 0 1536 | 0 -119 -119 0 -15 0 0 -1 512
-595 0 0 0 0 12 3 0 768 | 0 -476 -119 0 -15 0 0 0 768
595 0 0 0 0 12 -3 0 768 | 0 -476 119 0 15 0 0 0 768
-1071 0 0 -119 0 -3 27 0 1536 | 0 119 -1071 0 -27 0 0 -3 1536
0 0 0 -119 0 -12 9 0 768 | 0 476 -357 0 0 0 0 -3 768
-714 0 0 -119 0 -12 9 0 768 | 0 476 -357 0 -18 0 0 -3 768
0 0 0 -119 0 6 9 0 768 | 0 -238 -357 0 0 0 0 -3 768
-119 0 0 0 0 -2 3 0 256 | 0 238 -357 0 -9 0 0 0 768
-357 0 0 -119 0 -9 27 0 1536 | 0 119 -357 0 -3 0 0 -1 512
238 0 0 -119 0 -3 6 0 768 | 0 119 -238 0 6 0 0 -3 768
-119 0 0 -357 0 -21 15 0 1536 | 0 833 -595 0 -3 0 0 -9 1536
-1309 0 0 -357 0 -21 21 0 1536 | 0 833 -833 0 -33 0 0 -9 1536
-119 0 0 -119 0 9 15 0 1536 | 0 -357 -595 0 -3 0 0 -3 1536
-1071 0 0 119 0 3 27 0 1536 | 0 -119 -1071 0 -27 0 0 3 1536
0 0 0 0 0 -3 3 0 256 | 0 119 -119 0 0 0 0 0 256
-238 0 0 0 0 -3 3 0 256 | 0 119 -119 0 -6 0 0 0 256
-357 0 0 0 0 0 3 0 256 | 0 0 -119 0 -9 0 0 0 256
0 0 0 0 0 3 3 0 256 | 0 -119 -119 0 0 0 0 0 256
-357 0 0 119 0 -3 9 0 768 | 0 119 -357 0 -9 0 0 3 768
-357 0 0 -119 0 3 9 0 768 | 0 -119 -357 0 -9 0 0 -3 768
-357 0 0 119 0 -3 27 0 1536 | 0 119 -1071 0 -9 0 0 3 1536
119 0 0 0 0 0 3 0 384 | 0 0 -119 0 3 0 0 0 384
-119 0 0 -119 0 -15 15 0 1536 | 0 595 -595 0 -3 0 0 -3 1536
-1309 0 0 -119 0 -15 21 0 1536 | 0 595 -833 0 -33 0 0 -3 1536
-238 0 0 0 0 0 3 0 192 | 0 0 -119 0 -6 0 0 0 192
-119 0 0 119 0 15 15 0 1536 | 0 -595 -595 0 -3 0 0 3 1536
714 0 0 -119 0 0 9 0 768 | 0 0 -119 0 6 0 0 -1 256
238 0 0 0 0 -1 3 0 256 | 0 119 -357 0 18 0 0 0 768
2261 0 0 -119 0 -3 3 0 1536 | 0 119 -119 0 57 0 0 -3 1536
833 0 0 -119 0 -9 3 0 768 | 0 357 -119 0 21 0 0 -3 768
238 0 0 -119 0 -9 6 0 768 | 0 357 -238 0 6 0 0 -3 768
-119 0 0 -119 0 -3 15 0 1536 | 0 119 -595 0 -3 0 0 -3 1536
119 0 0 0 0 3 3 0 384 | 0 -119 -119 0 3 0 0 0 384
833 0 0 0 0 6 3 0 768 | 0 -238 -119 0 21 0 0 0 768
1071 0 0 -119 0 -39 9 0 1536 | 0 1547 -357 0 27 0 0 -3 1536
-357 0 0 -119 0 -39 9 0 1536 | 0 1547 -357 0 -9 0 0 -3 1536
357 0 0 -119 0 -9 9 0 768 | 0 119 -119 0 3 0 0 -1 256
119 0 0 0 0 -4 3 0 256 | 0 476 -357 0 9 0 0 0 768
1547 0 0 -119 0 -21 3 0 1536 | 0 833 -119 0 39 0 0 -3 1536
476 0 0 -119 0 -18 3 0 768 | 0 714 -119 0 12 0 0 -3 768
-119 0 0 -119 0 -18 6 0 768 | 0 714 -238 0 -3 0 0 -3 768
-833 0 0 -119 0 -21 15 0 1536 | 0 833 -595 0 -21 0 0 -3 1536
-1785 0 0 -119 0 -39 9 0 1536 | 0 1547 -357 0 -45 0 0 -3 1536
-2499 0 0 -119 0 -21 9 0 1536 | 0 833 -357 0 -63 0 0 -3 1536
-1071 0 0 119 0 -27 9 0 1536 | 0 357 -119 0 -9 0 0 1 512
-119 0 0 0 0 -2 0 0 128 | 0 238 0 0 -9 0 0 0 384
-357 0 0 -119 0 -5 3 0 512 | 0 595 -357 0 -27 0 0 -9 1536
-357 0 0 -119 0 -9 9 0 768 | 0 119 -119 0 -3 0 0 -1 256
-119 0 0 0 0 -4 3 0 256 | 0 476 -357 0 -9 0 0 0 768
-238 0 0 -119 0 -18 3 0 768 | 0 714 -119 0 -6 0 0 -3 768
-833 0 0 -119 0 -18 6 0 768 | 0 714 -238 0 -21 0 0 -3 768
-2261 0 0 -119 0 -21 15 0 1536 | 0 833 -595 0 -57 0 0 -3 1536
-833 0 0 0 0 -3 6 0 768 | 0 119 -238 0 -21 0 0 0 768
-357 0 0 0 0 -1 0 0 256 | 0 119 0 0 -27 0 0 0 768
-1071 0 0 -119 0 0 0 0 768 | 0 0 0 0 -9 0 0 -1 256
-714 0 0 -119 0 0 9 0 768 | 0 0 -119 0 -6 0 0 -1 256
-238 0 0 0 0 -1 3 0 256 | 0 119 -357 0 -18 0 0 0 768
-595 0 0 -119 0 -9 3 0 768 | 0 357 -119 0 -15 0 0 -3 768
-1190 0 0 -119 0 -9 6 0 768 | 0 357 -238 0 -30 0 0 -3 768
-595 0 0 0 0 3 3 0 384 | 0 -119 -119 0 -15 0 0 0 384
-119 0 0 0 0 2 3 0 256 | 0 -238 -357 0 -9 0 0 0 768
-833 0 0 -119 0 0 6 0 768 | 0 0 -238 0 -21 0 0 -3 768
-238 0 0 0 0 15 3 0 768 | 0 -595 -119 0 -6 0 0 0 768
119 0 0 -119 0 7 3 0 512 | 0 -833 -357 0 9 0 0 -9 1536
357 0 0 -119 0 9 9 0 768 | 0 -119 -119 0 3 0 0 -1 256
1547 0 0 -119 0 15 3 0 1536 | 0 -595 -119 0 39 0 0 -3 1536
476 0 0 -119 0 0 3 0 768 | 0 0 -119 0 12 0 0 -3 768
-119 0 0 -119 0 0 6 0 768 | 0 0 -238 0 -3 0 0 -3 768
-833 0 0 -119 0 15 15 0 1536 | 0 -595 -595 0 -21 0 0 -3 1536
-119 0 0 0 0 15 6 0 768 | 0 -595 -238 0 -3 0 0 0 768
476 0 0 0 0 15 3 0 768 | 0 -595 -119 0 12 0 0 0 768
0 0 0 119 0 -6 9 0 768 | 0 238 -357 0 0 0 0 3 768
119 0 0 0 0 -12 3 0 768 | 0 476 -119 0 3 0 0 0 768
-238 0 0 0 0 -6 3 0 384 | 0 238 -119 0 -6 0 0 0 384
-1547 0 0 119 0 -9 15 0 1536 | 0 357 -595 0 -39 0 0 3 1536
-476 0 0 119 0 3 6 0 768 | 0 -119 -238 0 -12 0 0 3 768
-1309 0 0 -119 0 -21 3 0 1536 | 0 833 -119 0 -33 0 0 -3 1536
-952 0 0 0 0 -3 3 0 768 | 0 119 -119 0 -24 0 0 0 768
-119 0 0 -357 0 -15 -3 0 1536 | 0 595 119 0 -3 0 0 -9 1536
-1309 0 0 -357 0 -15 3 0 1536 | 0 595 -119 0 -33 0 0 -9 1536
-952 0 0 -119 0 0 3 0 768 | 0 0 -119 0 -24 0 0 -3 768
-1309 0 0 -119 0 15 3 0 1536 | 0 -595 -119 0 -33 0 0 -3 1536
833 0 0 -357 0 3 3 0 1536 | 0 -119 -119 0 21 0 0 -9 1536
119 0 0 -238 0 -6 3 0 768 | 0 238 -119 0 3 0 0 -6 768
-238 0 0 -119 0 -3 3 0 384 | 0 119 -119 0 -6 0 0 -3 384
-476 0 0 -119 0 9 6 0 768 | 0 -357 -238 0 -12 0 0 -3 768
119 0 0 -119 0 9 3 0 768 | 0 -357 -119 0 3 0 0 -3 768
357 0 0 -119 0 -3 27 0 1536 | 0 119 -1071 0 9 0 0 -3 1536
595 0 0 -357 0 -15 15 0 1536 | 0 595 -595 0 15 0 0 -9 1536
-595 0 0 -357 0 -15 21 0 1536 | 0 595 -833 0 -15 0 0 -9 1536
357 0 0 119 0 -9 27 0 1536 | 0 119 -357 0 3 0 0 1 512
595 0 0 0 0 -3 6 0 768 | 0 119 -238 0 15 0 0 0 768
595 0 0 -119 0 -21 15 0 1536 | 0 833 -595 0 15 0 0 -3 1536
-595 0 0 -119 0 -21 21 0 1536 | 0 833 -833 0 -15 0 0 -3 1536
-595 0 0 0 0 -3 12 0 768 | 0 119 -476 0 -15 0 0 0 768
-595 0 0 119 0 9 21 0 1536 | 0 -357 -833 0 -15 0 0 3 1536
595 0 0 119 0 9 15 0 1536 | 0 -357 -595 0 15 0 0 3 1536
2023 0 0 -119 0 -3 -3 0 1536 | 0 119 119 0 51 0 0 -3 1536
833 0 0 -357 0 -33 3 0 1536 | 0 1309 -119 0 21 0 0 -9 1536
-119 0 0 -119 0 -11 3 0 512 | 0 1309 -357 0 -9 0 0 -9 1536
-1547 0 0 -357 0 -33 15 0 1536 | 0 1309 -595 0 -39 0 0 -9 1536
-1071 0 0 -119 0 -9 9 0 768 | 0 119 -119 0 -9 0 0 -1 256
833 0 0 119 0 27 3 0 1536 | 0 -1071 -119 0 21 0 0 3 1536
-714 0 0 119 0 -6 9 0 768 | 0 238 -357 0 -18 0 0 3 768
-1071 0 0 119 0 3 9 0 768 | 0 -119 -357 0 -27 0 0 3 768
-357 0 0 238 0 0 9 0 768 | 0 0 -119 0 -3 0 0 2 256
238 0 0 119 0 3 6 0 768 | 0 -119 -238 0 6 0 0 3 768
-119 0 0 119 0 -9 15 0 1536 | 0 357 -595 0 -3 0 0 3 1536
-1309 0 0 119 0 -9 21 0 1536 | 0 357 -833 0 -33 0 0 3 1536
-952 0 0 119 0 3 12 0 768 | 0 -119 -476 0 -24 0 0 3 768
238 0 0 0 0 1 3 0 256 | 0 -119 -357 0 18 0 0 0 768
714 0 0 119 0 0 9 0 768 | 0 0 -119 0 6 0 0 1 256
2261 0 0 119 0 3 3 0 1536 | 0 -119 -119 0 57 0 0 3 1536
833 0 0 0 0 -6 3 0 768 | 0 238 -119 0 21 0 0 0 768
119 0 0 0 0 -3 3 0 384 | 0 119 -119 0 3 0 0 0 384
-119 0 0 119 0 3 15 0 1536 | 0 -119 -595 0 -3 0 0 3 1536
238 0 0 119 0 9 6 0 768 | 0 -357 -238 0 6 0 0 3 768
833 0 0 119 0 9 3 0 768 | 0 -357 -119 0 21 0 0 3 768
119 0 0 119 0 -7 3 0 512 | 0 833 -357 0 9 0 0 9 1536
357 0 0 119 0 -9 9 0 768 | 0 119 -119 0 3 0 0 1 256
1547 0 0 119 0 -15 3 0 1536 | 0 595 -119 0 39 0 0 3 1536
476 0 0 0 0 -15 3 0 768 | 0 595 -119 0 12 0 0 0 768
-119 0 0 0 0 -15 6 0 768 | 0 595 -238 0 -3 0 0 0 768
-833 0 0 119 0 -15 15 0 1536 | 0 595 -595 0 -21 0 0 3 1536
-119 0 0 119 0 0 6 0 768 | 0 0 -238 0 -3 0 0 3 768
476 0 0 119 0 0 3 0 768 | 0 0 -119 0 12 0 0 3 768
-1785 0 0 119 0 -33 9 0 1536 | 0 1309 -357 0 -45 0 0 3 1536
-2499 0 0 119 0 -15 9 0 1536 | 0 595 -357 0 -63 0 0 3 1536
-357 0 0 119 0 -7 3 0 512 | 0 833 -357 0 -27 0 0 9 1536
-357 0 0 119 0 -9 9 0 768 | 0 119 -119 0 -3 0 0 1 256
-238 0 0 0 0 -15 3 0 768 | 0 595 -119 0 -6 0 0 0 768
-833 0 0 0 0 -15 6 0 768 | 0 595 -238 0 -21 0 0 0 768
-2261 0 0 119 0 -15 15 0 1536 | 0 595 -595 0 -57 0 0 3 1536
-833 0 0 119 0 0 6 0 768 | 0 0 -238 0 -21 0 0 3 768
-3213 0 0 119 0 3 9 0 1536 | 0 -119 -357 0 -81 0 0 3 1536
-2499 0 0 119 0 21 9 0 1536 | 0 -833 -357 0 -63 0 0 3 1536
-595 0 0 119 0 -1 3 0 512 | 0 119 -357 0 -45 0 0 9 1536
-1071 0 0 119 0 0 0 0 768 | 0 0 0 0 -9 0 0 1 256
-357 0 0 0 0 1 0 0 256 | 0 -119 0 0 -27 0 0 0 768
-238 0 0 0 0 1 3 0 256 | 0 -119 -357 0 -18 0 0 0 768
-714 0 0 119 0 0 9 0 768 | 0 0 -119 0 -6 0 0 1 256
-595 0 0 0 0 -3 3 0 384 | 0 119 -119 0 -15 0 0 0 384
-2975 0 0 119 0 3 15 0 1536 | 0 -119 -595 0 -75 0 0 3 1536
-1190 0 0 119 0 9 6 0 768 | 0 -357 -238 0 -30 0 0 3 768
-595 0 0 119 0 9 3 0 768 | 0 -357 -119 0 -15 0 0 3 768
-357 0 0 119 0 5 3 0 512 | 0 -595 -357 0 -27 0 0 9 1536
-119 0 0 0 0 2 0 0 128 | 0 -238 0 0 -9 0 0 0 384
-1071 0 0 -119 0 27 9 0 1536 | 0 -357 -119 0 -9 0 0 -1 512
-357 0 0 119 0 9 9 0 768 | 0 -119 -119 0 -3 0 0 1 256
-833 0 0 0 0 3 6 0 768 | 0 -119 -238 0 -21 0 0 0 768
-2261 0 0 119 0 21 15 0 1536 | 0 -833 -595 0 -57 0 0 3 1536
-238 0 0 119 0 18 3 0 768 | 0 -714 -119 0 -6 0 0 3 768
1547 0 0 119 0 21 3 0 1536 | 0 -833 -119 0 39 0 0 3 1536
-833 0 0 119 0 21 15 0 1536 | 0 -833 -595 0 -21 0 0 3 1536
-357 0 0 595 0 -9 9 0 1536 | 0 119 -119 0 -3 0 0 5 512
0 0 0 238 0 -3 9 0 768 | 0 119 -357 0 0 0 0 6 768
833 0 0 357 0 -3 3 0 1536 | 0 119 -119 0 21 0 0 9 1536
119 0 0 119 0 -9 3 0 768 | 0 357 -119 0 3 0 0 3 768
-476 0 0 119 0 -9 6 0 768 | 0 357 -238 0 -12 0 0 3 768
-1547 0 0 357 0 -3 15 0 1536 | 0 119 -595 0 -39 0 0 9 1536
-238 0 0 119 0 3 3 0 384 | 0 -119 -119 0 -6 0 0 3 384
119 0 0 238 0 6 3 0 768 | 0 -238 -119 0 3 0 0 6 768
-1309 0 0 119 0 -15 3 0 1536 | 0 595 -119 0 -33 0 0 3 1536
-952 0 0 119 0 0 3 0 768 | 0 0 -119 0 -24 0 0 3 768
-1309 0 0 357 0 15 3 0 1536 | 0 -595 -119 0 -33 0 0 9 1536
-119 0 0 357 0 15 -3 0 1536 | 0 -595 119 0 -3 0 0 9 1536
-952 0 0 0 0 3 3 0 768 | 0 -119 -119 0 -24 0 0 0 768
-1309 0 0 119 0 21 3 0 1536 | 0 -833 -119 0 -33 0 0 3 1536
-476 0 0 -119 0 -3 6 0 768 | 0 119 -238 0 -12 0 0 -3 768
-1547 0 0 -119 0 9 15 0 1536 | 0 -357 -595 0 -39 0 0 -3 1536
-238 0 0 0 0 6 3 0 384 | 0 -238 -119 0 -6 0 0 0 384
119 0 0 0 0 12 3 0 768 | 0 -476 -119 0 3 0 0 0 768
595 0 0 0 0 3 6 0 768 | 0 -119 -238 0 15 0 0 0 768
595 0 0 -119 0 -9 15 0 1536 | 0 357 -595 0 15 0 0 -3 1536
-595 0 0 -119 0 -9 21 0 1536 | 0 357 -833 0 -15 0 0 -3 1536
-595 0 0 0 0 3 12 0 768 | 0 -119 -476 0 -15 0 0 0 768
595 0 0 119 0 21 15 0 1536 | 0 -833 -595 0 15 0 0 3 1536
-595 0 0 119 0 -15 21 0 1536 | 0 595 -833 0 -15 0 0 3 1536
-595 0 0 119 0 0 12 0 768 | 0 0 -476 0 -15 0 0 3 768
2023 0 0 119 0 3 -3 0 1536 | 0 -119 119 0 51 0 0 3 1536
833 0 0 -119 0 -27 3 0 1536 | 0 1071 -119 0 21 0 0 -3 1536
-1547 0 0 -119 0 -27 15 0 1536 | 0 1071 -595 0 -39 0 0 -3 1536
-357 0 0 0 0 -2 3 0 256 | 0 238 -357 0 -27 0 0 0 768
-2737 0 0 119 0 3 21 0 1536 | 0 -119 -833 0 -69 0 0 3 1536
-1071 0 0 119 0 9 9 0 768 | 0 -119 -119 0 -9 0 0 1 256
595 0 0 0 0 -3 0 0 256 | 0 119 0 0 15 0 0 0 256
595 0 0 0 0 3 0 0 256 | 0 -119 0 0 15 0 0 0 256
2499 0 0 119 0 -3 -9 0 1536 | 0 119 357 0 63 0 0 3 1536
2499 0 0 -119 0 3 -9 0 1536 | 0 -119 357 0 63 0 0 -3 1536
1428 0 0 -119 0 3 0 0 768 | 0 -119 0 0 36 0 0 -3 768
3213 0 0 -119 0 3 9 0 1536 | 0 -119 -357 0 81 0 0 -3 1536
3451 0 0 -119 0 -15 -3 0 1536 | 0 595 119 0 87 0 0 -3 1536
2261 0 0 -119 0 -15 3 0 1536 | 0 595 -119 0 57 0 0 -3 1536
833 0 0 0 0 0 3 0 768 | 0 0 -119 0 21 0 0 0 768
2261 0 0 119 0 15 3 0 1536 | 0 -595 -119 0 57 0 0 3 1536
238 0 0 0 0 -3 0 0 128 | 0 119 0 0 6 0 0 0 128
1785 0 0 119 0 -21 -9 0 1536 | 0 833 357 0 45 0 0 3 1536
1071 0 0 -119 0 -6 0 0 768 | 0 238 0 0 27 0 0 -3 768
2499 0 0 -119 0 -15 9 0 1536 | 0 595 -357 0 63 0 0 -3 1536
2499 0 0 119 0 -21 9 0 1536 | 0 833 -357 0 63 0 0 3 1536
2737 0 0 -119 0 -33 -3 0 1536 | 0 1309 119 0 69 0 0 -3 1536
1547 0 0 -119 0 -33 3 0 1536 | 0 1309 -119 0 39 0 0 -3 1536
2737 0 0 119 0 -3 -3 0 1536 | 0 119 119 0 69 0 0 3 1536
238 0 0 0 0 3 0 0 128 | 0 -119 0 0 6 0 0 0 128
1071 0 0 119 0 6 0 0 768 | 0 -238 0 0 27 0 0 3 768
1785 0 0 -119 0 21 -9 0 1536 | 0 -833 357 0 45 0 0 -3 1536
1071 0 0 -119 0 12 0 0 768 | 0 -476 0 0 27 0 0 -3 768
2499 0 0 -119 0 21 9 0 1536 | 0 -833 -357 0 63 0 0 -3 1536
1666 0 0 0 0 9 -3 0 768 | 0 -357 119 0 42 0 0 0 768
2737 0 0 -119 0 3 -3 0 1536 | 0 -119 119 0 69 0 0 -3 1536
1547 0 0 119 0 33 3 0 1536 | 0 -1309 -119 0 39 0 0 3 1536
2023 0 0 119 0 -21 -3 0 1536 | 0 833 119 0 51 0 0 3 1536
833 0 0 119 0 -21 3 0 1536 | 0 833 -119 0 21 0 0 3 1536
2261 0 0 119 0 -3 -15 0 1536 | 0 119 595 0 57 0 0 3 1536
833 0 0 0 0 -9 -6 0 768 | 0 357 238 0 21 0 0 0 768
238 0 0 119 0 6 -3 0 768 | 0 -238 119 0 6 0 0 3 768
833 0 0 119 0 6 -6 0 768 | 0 -238 238 0 21 0 0 3 768
2261 0 0 -119 0 3 -15 0 1536 | 0 -119 595 0 57 0 0 -3 1536
833 0 0 -119 0 -6 -6 0 768 | 0 238 238 0 21 0 0 -3 768
238 0 0 -119 0 -6 -3 0 768 | 0 238 119 0 6 0 0 -3 768
833 0 0 0 0 9 -6 0 768 | 0 -357 238 0 21 0 0 0 768
357 0 0 -119 0 3 0 0 384 | 0 -119 0 0 9 0 0 -3 384
1309 0 0 -119 0 3 -3 0 768 | 0 -119 119 0 33 0 0 -3 768
2023 0 0 -357 0 -9 -3 0 1536 | 0 357 119 0 51 0 0 -9 1536
833 0 0 -119 0 21 3 0 1536 | 0 -833 -119 0 21 0 0 -3 1536
2023 0 0 -119 0 21 -3 0 1536 | 0 -833 119 0 51 0 0 -3 1536
1071 0 0 -119 0 3 9 0 768 | 0 -119 -357 0 27 0 0 -3 768
357 0 0 0 0 0 3 0 256 | 0 0 -119 0 9 0 0 0 256
2975 0 0 -119 0 3 3 0 1536 | 0 -119 -119 0 75 0 0 -3 1536
1190 0 0 -119 0 -6 3 0 768 | 0 238 -119 0 30 0 0 -3 768
595 0 0 -119 0 -6 6 0 768 | 0 238 -238 0 15 0 0 -3 768
595 0 0 -119 0 3 15 0 1536 | 0 -119 -595 0 15 0 0 -3 1536
595 0 0 0 0 9 6 0 768 | 0 -357 -238 0 15 0 0 0 768
1190 0 0 0 0 9 3 0 768 | 0 -357 -119 0 30 0 0 0 768
2975 0 0 119 0 -3 3 0 1536 | 0 119 -119 0 75 0 0 3 1536
1190 0 0 0 0 -9 3 0 768 | 0 357 -119 0 30 0 0 0 768
595 0 0 0 0 -9 6 0 768 | 0 357 -238 0 15 0 0 0 768
595 0 0 119 0 -3 15 0 1536 | 0 119 -595 0 15 0 0 3 1536
595 0 0 119 0 6 6 0 768 | 0 -238 -238 0 15 0 0 3 768
3213 0 0 -119 0 -15 -9 0 1536 | 0 595 357 0 81 0 0 -3 1536
1309 0 0 -119 0 -15 -3 0 768 | 0 595 119 0 33 0 0 -3 768
714 0 0 -119 0 -15 0 0 768 | 0 595 0 0 18 0 0 -3 768
119 0 0 -119 0 -15 3 0 768 | 0 595 -119 0 3 0 0 -3 768
-238 0 0 0 0 0 3 0 384 | 0 0 -119 0 -6 0 0 0 384
119 0 0 119 0 15 3 0 768 | 0 -595 -119 0 3 0 0 3 768
714 0 0 119 0 15 0 0 768 | 0 -595 0 0 18 0 0 3 768
119 0 0 0 0 -9 0 0 256 | 0 357 0 0 3 0 0 0 256
1071 0 0 -119 0 -33 -9 0 1536 | 0 1309 357 0 27 0 0 -3 1536
1785 0 0 -119 0 -33 9 0 1536 | 0 1309 -357 0 45 0 0 -3 1536
1785 0 0 119 0 -39 9 0 1536 | 0 1547 -357 0 45 0 0 3 1536
833 0 0 -119 0 -51 3 0 1536 | 0 2023 -119 0 21 0 0 -3 1536
119 0 0 0 0 -18 3 0 768 | 0 714 -119 0 3 0 0 0 768
-119 0 0 0 0 -9 0 0 256 | 0 357 0 0 -3 0 0 0 256
0 0 0 119 0 -21 0 0 768 | 0 833 0 0 0 0 0 3 768
-357 0 0 -119 0 -33 -9 0 1536 | 0 1309 357 0 -9 0 0 -3 1536
357 0 0 -119 0 -33 9 0 1536 | 0 1309 -357 0 9 0 0 -3 1536
357 0 0 119 0 -39 9 0 1536 | 0 1547 -357 0 9 0 0 3 1536
595 0 0 0 0 -18 -3 0 768 | 0 714 119 0 15 0 0 0 768
-595 0 0 -119 0 -51 3 0 1536 | 0 2023 -119 0 -15 0 0 -3 1536
-595 0 0 0 0 -18 3 0 768 | 0 714 -119 0 -15 0 0 0 768
357 0 0 119 0 -9 3 0 512 | 0 357 -119 0 9 0 0 3 512
1309 0 0 119 0 -39 -3 0 1536 | 0 1547 119 0 33 0 0 3 1536
119 0 0 119 0 -39 3 0 1536 | 0 1547 -119 0 3 0 0 3 1536
-238 0 0 119 0 -12 3 0 768 | 0 476 -119 0 -6 0 0 3 768
119 0 0 357 0 -9 3 0 1536 | 0 357 -119 0 3 0 0 9 1536
1309 0 0 357 0 -9 -3 0 1536 | 0 357 119 0 33 0 0 9 1536
-119 0 0 0 0 -18 -3 0 768 | 0 714 119 0 -3 0 0 0 768
-833 0 0 119 0 -21 -3 0 1536 | 0 833 119 0 -21 0 0 3 1536
1547 0 0 -119 0 -15 -15 0 1536 | 0 595 595 0 39 0 0 -3 1536
476 0 0 -119 0 -15 -6 0 768 | 0 595 238 0 12 0 0 -3 768
-119 0 0 -119 0 -15 -3 0 768 | 0 595 119 0 -3 0 0 -3 768
238 0 0 0 0 0 -3 0 384 | 0 0 119 0 6 0 0 0 384
952 0 0 -119 0 -6 -3 0 768 | 0 238 119 0 24 0 0 -3 768
1309 0 0 -357 0 -27 -3 0 1536 | 0 1071 119 0 33 0 0 -9 1536
119 0 0 -357 0 -27 3 0 1536 | 0 1071 -119 0 3 0 0 -9 1536
-238 0 0 -119 0 -6 3 0 768 | 0 238 -119 0 -6 0 0 -3 768
714 0 0 -119 0 -6 9 0 768 | 0 238 -357 0 18 0 0 -3 768
833 0 0 -119 0 -15 3 0 768 | 0 595 -119 0 21 0 0 -3 768
238 0 0 -119 0 -15 6 0 768 | 0 595 -238 0 6 0 0 -3 768
714 0 0 119 0 -12 9 0 768 | 0 476 -357 0 18 0 0 3 768
2261 0 0 119 0 -21 3 0 1536 | 0 833 -119 0 57 0 0 3 1536
833 0 0 0 0 -18 3 0 768 | 0 714 -119 0 21 0 0 0 768
119 0 0 0 0 -9 3 0 384 | 0 357 -119 0 3 0 0 0 384
-119 0 0 119 0 -21 15 0 1536 | 0 833 -595 0 -3 0 0 3 1536
238 0 0 119 0 -3 6 0 768 | 0 119 -238 0 6 0 0 3 768
833 0 0 119 0 -3 3 0 768 | 0 119 -119 0 21 0 0 3 768
357 0 0 -119 0 -24 0 0 768 | 0 952 0 0 9 0 0 -3 768
-238 0 0 -119 0 -24 3 0 768 | 0 952 -119 0 -6 0 0 -3 768
-1071 0 0 -119 0 -33 9 0 1536 | 0 1309 -357 0 -27 0 0 -3 1536
-833 0 0 0 0 -9 6 0 768 | 0 357 -238 0 -21 0 0 0 768
-238 0 0 119 0 6 3 0 768 | 0 -238 -119 0 -6 0 0 3 768
952 0 0 119 0 6 -3 0 768 | 0 -238 119 0 24 0 0 3 768
-238 0 0 0 0 -3 0 0 128 | 0 119 0 0 -6 0 0 0 128
-714 0 0 119 0 -21 0 0 768 | 0 833 0 0 -18 0 0 3 768
-714 0 0 -119 0 -15 0 0 768 | 0 595 0 0 -18 0 0 -3 768
-1071 0 0 119 0 -39 9 0 1536 | 0 1547 -357 0 -27 0 0 3 1536
-1309 0 0 0 0 -18 3 0 768 | 0 714 -119 0 -33 0 0 0 768
-2023 0 0 119 0 -21 3 0 1536 | 0 833 -119 0 -51 0 0 3 1536
-595 0 0 0 0 -3 0 0 256 | 0 119 0 0 -15 0 0 0 256
-1071 0 0 119 0 -12 0 0 768 | 0 476 0 0 -27 0 0 3 768
-2499 0 0 119 0 -21 -9 0 1536 | 0 833 357 0 -63 0 0 3 1536
-1071 0 0 -119 0 -6 0 0 768 | 0 238 0 0 -27 0 0 -3 768
-1785 0 0 119 0 -21 9 0 1536 | 0 833 -357 0 -45 0 0 3 1536
-1547 0 0 -119 0 -33 -3 0 1536 | 0 1309 119 0 -39 0 0 -3 1536
-1666 0 0 0 0 -9 3 0 768 | 0 357 -119 0 -42 0 0 0 768
-2737 0 0 119 0 -3 3 0 1536 | 0 119 -119 0 -69 0 0 3 1536
-357 0 0 238 0 -15 0 0 768 | 0 595 0 0 -9 0 0 6 768
-357 0 0 119 0 -9 -3 0 512 | 0 357 119 0 -9 0 0 3 512
238 0 0 119 0 -12 -3 0 768 | 0 476 119 0 6 0 0 3 768
-119 0 0 119 0 -39 -3 0 1536 | 0 1547 119 0 -3 0 0 3 1536
-1309 0 0 119 0 -39 3 0 1536 | 0 1547 -119 0 -33 0 0 3 1536
-952 0 0 119 0 -12 3 0 768 | 0 476 -119 0 -24 0 0 3 768
-1309 0 0 357 0 -9 3 0 1536 | 0 357 -119 0 -33 0 0 9 1536
-119 0 0 357 0 -9 -3 0 1536 | 0 357 119 0 -3 0 0 9 1536
119 0 0 119 0 -21 -15 0 1536 | 0 833 595 0 3 0 0 3 1536
-833 0 0 0 0 -18 -3 0 768 | 0 714 119 0 -21 0 0 0 768
-2261 0 0 119 0 -21 -3 0 1536 | 0 833 119 0 -57 0 0 3 1536
-833 0 0 119 0 -3 -3 0 768 | 0 119 119 0 -21 0 0 3 768
-238 0 0 119 0 -3 -6 0 768 | 0 119 238 0 -6 0 0 3 768
-2261 0 0 -119 0 -15 -3 0 1536 | 0 595 119 0 -57 0 0 -3 1536
-833 0 0 0 0 0 -3 0 768 | 0 0 119 0 -21 0 0 0 768
-119 0 0 -357 0 -27 -3 0 1536 | 0 1071 119 0 -3 0 0 -9 1536
-1309 0 0 -357 0 -27 3 0 1536 | 0 1071 -119 0 -33 0 0 -9 1536
-952 0 0 -119 0 -6 3 0 768 | 0 238 -119 0 -24 0 0 -3 768
-476 0 0 -119 0 -15 6 0 768 | 0 595 -238 0 -12 0 0 -3 768
-1547 0 0 -119 0 -15 15 0 1536 | 0 595 -595 0 -39 0 0 -3 1536
0 0 0 119 0 -12 9 0 768 | 0 476 -357 0 0 0 0 3 768
-238 0 0 0 0 -9 3 0 384 | 0 357 -119 0 -6 0 0 0 384
-1547 0 0 119 0 -21 15 0 1536 | 0 833 -595 0 -39 0 0 3 1536
-2499 0 0 -119 0 -33 9 0 1536 | 0 1309 -357 0 -63 0 0 -3 1536
-1547 0 0 0 0 -9 6 0 768 | 0 357 -238 0 -39 0 0 0 768
-2499 0 0 119 0 -3 9 0 1536 | 0 119 -357 0 -63 0 0 3 1536
-952 0 0 119 0 6 3 0 768 | 0 -238 -119 0 -24 0 0 3 768
-595 0 0 0 0 3 0 0 256 | 0 -119 0 0 -15 0 0 0 256
-1428 0 0 119 0 -3 0 0 768 | 0 119 0 0 -36 0 0 3 768
-3213 0 0 119 0 -3 -9 0 1536 | 0 119 357 0 -81 0 0 3 1536
-2499 0 0 -119 0 3 9 0 1536 | 0 -119 -357 0 -63 0 0 -3 1536
-3451 0 0 119 0 15 3 0 1536 | 0 -595 -119 0 -87 0 0 3 1536
-2261 0 0 119 0 15 -3 0 1536 | 0 -595 119 0 -57 0 0 3 1536
-238 0 0 0 0 3 0 0 128 | 0 -119 0 0 -6 0 0 0 128
-1071 0 0 119 0 6 0 0 768 | 0 -238 0 0 -27 0 0 3 768
-2499 0 0 119 0 15 -9 0 1536 | 0 -595 357 0 -63 0 0 3 1536
-2499 0 0 -119 0 21 -9 0 1536 | 0 -833 357 0 -63 0 0 -3 1536
-1785 0 0 -119 0 21 9 0 1536 | 0 -833 -357 0 -45 0 0 -3 1536
-2737 0 0 -119 0 3 3 0 1536 | 0 -119 -119 0 -69 0 0 -3 1536
-2737 0 0 119 0 33 3 0 1536 | 0 -1309 -119 0 -69 0 0 3 1536
-1547 0 0 119 0 33 -3 0 1536 | 0 -1309 119 0 -39 0 0 3 1536
-357 0 0 119 0 -3 0 0 384 | 0 119 0 0 -9 0 0 3 384
-1309 0 0 119 0 -3 3 0 768 | 0 119 -119 0 -33 0 0 3 768
-2023 0 0 357 0 9 3 0 1536 | 0 -357 -119 0 -51 0 0 9 1536
-1071 0 0 119 0 -3 -9 0 768 | 0 119 357 0 -27 0 0 3 768
-357 0 0 0 0 0 -3 0 256 | 0 0 119 0 -9 0 0 0 256
-595 0 0 119 0 -3 -15 0 1536 | 0 119 595 0 -15 0 0 3 1536
-595 0 0 0 0 -9 -6 0 768 | 0 357 238 0 -15 0 0 0 768
-1190 0 0 0 0 -9 -3 0 768 | 0 357 119 0 -30 0 0 0 768
-2975 0 0 119 0 -3 -3 0 1536 | 0 119 119 0 -75 0 0 3 1536
-1190 0 0 119 0 6 -3 0 768 | 0 -238 119 0 -30 0 0 3 768
-595 0 0 119 0 6 -6 0 768 | 0 -238 238 0 -15 0 0 3 768
-595 0 0 -119 0 3 -15 0 1536 | 0 -119 595 0 -15 0 0 -3 1536
-595 0 0 -119 0 -6 -6 0 768 | 0 238 238 0 -15 0 0 -3 768
-2975 0 0 -119 0 3 -3 0 1536 | 0 -119 119 0 -75 0 0 -3 1536
-1190 0 0 0 0 9 -3 0 768 | 0 -357 119 0 -30 0 0 0 768
-595 0 0 0 0 9 -6 0 768 | 0 -357 238 0 -15 0 0 0 768
-2023 0 0 -119 0 21 3 0 1536 | 0 -833 -119 0 -51 0 0 -3 1536
-833 0 0 -119 0 21 -3 0 1536 | 0 -833 119 0 -21 0 0 -3 1536
-833 0 0 -119 0 -6 6 0 768 | 0 238 -238 0 -21 0 0 -3 768
-2261 0 0 -119 0 3 15 0 1536 | 0 -119 -595 0 -57 0 0 -3 1536
-833 0 0 0 0 9 6 0 768 | 0 -357 -238 0 -21 0 0 0 768
-2261 0 0 119 0 -3 15 0 1536 | 0 119 -595 0 -57 0 0 3 1536
-833 0 0 119 0 6 6 0 768 | 0 -238 -238 0 -21 0 0 3 768
-3213 0 0 119 0 15 9 0 1536 | 0 -595 -357 0 -81 0 0 3 1536
-1309 0 0 119 0 15 3 0 768 | 0 -595 -119 0 -33 0 0 3 768
-714 0 0 119 0 15 0 0 768 | 0 -595 0 0 -18 0 0 3 768
-119 0 0 119 0 15 -3 0 768 | 0 -595 119 0 -3 0 0 3 768
-119 0 0 0 0 9 0 0 256 | 0 -357 0 0 -3 0 0 0 256
-1785 0 0 119 0 33 -9 0 1536 | 0 -1309 357 0 -45 0 0 3 1536
-1785 0 0 -119 0 39 -9 0 1536 | 0 -1547 357 0 -45 0 0 -3 1536
-1071 0 0 119 0 33 9 0 1536 | 0 -1309 -357 0 -27 0 0 3 1536
-119 0 0 0 0 18 -3 0 768 | 0 -714 119 0 -3 0 0 0 768
-833 0 0 119 0 51 -3 0 1536 | 0 -2023 119 0 -21 0 0 3 1536
119 0 0 0 0 9 0 0 256 | 0 -357 0 0 3 0 0 0 256
-357 0 0 119 0 33 -9 0 1536 | 0 -1309 357 0 -9 0 0 3 1536
-357 0 0 -119 0 39 -9 0 1536 | 0 -1547 357 0 -9 0 0 -3 1536
0 0 0 -119 0 21 0 0 768 | 0 -833 0 0 0 0 0 -3 768
357 0 0 119 0 33 9 0 1536 | 0 -1309 -357 0 9 0 0 3 1536
595 0 0 0 0 18 -3 0 768 | 0 -714 119 0 15 0 0 0 768
-595 0 0 0 0 18 3 0 768 | 0 -714 -119 0 -15 0 0 0 768
595 0 0 119 0 51 -3 0 1536 | 0 -2023 119 0 15 0 0 3 1536
-1309 0 0 357 0 27 3 0 1536 | 0 -1071 -119 0 -33 0 0 9 1536
-119 0 0 357 0 27 -3 0 1536 | 0 -1071 119 0 -3 0 0 9 1536
-714 0 0 119 0 6 -9 0 768 | 0 -238 357 0 -18 0 0 3 768
-833 0 0 119 0 15 -3 0 768 | 0 -595 119 0 -21 0 0 3 768
-238 0 0 119 0 15 -6 0 768 | 0 -595 238 0 -6 0 0 3 768
-714 0 0 -119 0 12 -9 0 768 | 0 -476 357 0 -18 0 0 -3 768
-357 0 0 -119 0 9 -3 0 512 | 0 -357 119 0 -9 0 0 -3 512
119 0 0 -119 0 21 -15 0 1536 | 0 -833 595 0 3 0 0 -3 1536
-238 0 0 -119 0 3 -6 0 768 | 0 -119 238 0 -6 0 0 -3 768
-833 0 0 -119 0 3 -3 0 768 | 0 -119 119 0 -21 0 0 -3 768
-2261 0 0 -119 0 21 -3 0 1536 | 0 -833 119 0 -57 0 0 -3 1536
-833 0 0 0 0 18 -3 0 768 | 0 -714 119 0 -21 0 0 0 768
-119 0 0 0 0 9 -3 0 384 | 0 -357 119 0 -3 0 0 0 384
238 0 0 -119 0 12 -3 0 768 | 0 -476 119 0 6 0 0 -3 768
-119 0 0 -357 0 9 -3 0 1536 | 0 -357 119 0 -3 0 0 -9 1536
-1309 0 0 -357 0 9 3 0 1536 | 0 -357 -119 0 -33 0 0 -9 1536
-1309 0 0 -119 0 39 3 0 1536 | 0 -1547 -119 0 -33 0 0 -3 1536
-119 0 0 -119 0 39 -3 0 1536 | 0 -1547 119 0 -3 0 0 -3 1536
119 0 0 0 0 18 3 0 768 | 0 -714 -119 0 3 0 0 0 768
-1547 0 0 119 0 15 15 0 1536 | 0 -595 -595 0 -39 0 0 3 1536
-476 0 0 119 0 15 6 0 768 | 0 -595 -238 0 -12 0 0 3 768
1071 0 0 119 0 33 -9 0 1536 | 0 -1309 357 0 27 0 0 3 1536
-357 0 0 119 0 24 0 0 768 | 0 -952 0 0 -9 0 0 3 768
238 0 0 119 0 24 -3 0 768 | 0 -952 119 0 6 0 0 3 768
1071 0 0 -119 0 39 -9 0 1536 | 0 -1547 357 0 27 0 0 -3 1536
714 0 0 -119 0 21 0 0 768 | 0 -833 0 0 18 0 0 -3 768
1309 0 0 0 0 18 -3 0 768 | 0 -714 119 0 33 0 0 0 768
119 0 0 357 0 27 3 0 1536 | 0 -1071 -119 0 3 0 0 9 1536
1309 0 0 357 0 27 -3 0 1536 | 0 -1071 119 0 33 0 0 9 1536
1547 0 0 119 0 15 -15 0 1536 | 0 -595 595 0 39 0 0 3 1536
476 0 0 119 0 15 -6 0 768 | 0 -595 238 0 12 0 0 3 768
0 0 0 -119 0 12 -9 0 768 | 0 -476 357 0 0 0 0 -3 768
1547 0 0 -119 0 21 -15 0 1536 | 0 -833 595 0 39 0 0 -3 1536
238 0 0 0 0 9 -3 0 384 | 0 -357 119 0 6 0 0 0 384
357 0 0 -238 0 15 0 0 768 | 0 -595 0 0 9 0 0 -6 768
357 0 0 -119 0 9 3 0 512 | 0 -357 -119 0 9 0 0 -3 512
952 0 0 -119 0 12 -3 0 768 | 0 -476 119 0 24 0 0 -3 768
1309 0 0 -357 0 9 -3 0 1536 | 0 -357 119 0 33 0 0 -9 1536
119 0 0 -357 0 9 3 0 1536 | 0 -357 -119 0 3 0 0 -9 1536
-238 0 0 -119 0 12 3 0 768 | 0 -476 -119 0 -6 0 0 -3 768
119 0 0 -119 0 39 3 0 1536 | 0 -1547 -119 0 3 0 0 -3 1536
1309 0 0 -119 0 39 -3 0 1536 | 0 -1547 119 0 33 0 0 -3 1536
2261 0 0 -119 0 21 3 0 1536 | 0 -833 -119 0 57 0 0 -3 1536
833 0 0 -119 0 3 3 0 768 | 0 -119 -119 0 21 0 0 -3 768
238 0 0 -119 0 3 6 0 768 | 0 -119 -238 0 6 0 0 -3 768
-119 0 0 -119 0 21 15 0 1536 | 0 -833 -595 0 -3 0 0 -3 1536
833 0 0 0 0 18 3 0 768 | 0 -714 -119 0 21 0 0 0 768
1547 0 0 0 0 9 -6 0 768 | 0 -357 238 0 39 0 0 0 768
2499 0 0 119 0 33 -9 0 1536 | 0 -1309 357 0 63 0 0 3 1536
-357 0 0 595 0 -15 -9 0 1536 | 0 595 357 0 -9 0 0 15 1536
357 0 0 595 0 -15 9 0 1536 | 0 595 -357 0 9 0 0 15 1536
595 0 0 357 0 -27 -3 0 1536 | 0 1071 119 0 15 0 0 9 1536
-595 0 0 357 0 -27 3 0 1536 | 0 1071 -119 0 -15 0 0 9 1536
-595 0 0 238 0 -6 3 0 768 | 0 238 -119 0 -15 0 0 6 768
-595 0 0 595 0 3 3 0 1536 | 0 -119 -119 0 -15 0 0 15 1536
-357 0 0 238 0 -6 -9 0 768 | 0 238 357 0 -9 0 0 6 768
119 0 0 119 0 -12 -6 0 768 | 0 476 238 0 3 0 0 3 768
-476 0 0 119 0 -12 -3 0 768 | 0 476 119 0 -12 0 0 3 768
-1547 0 0 357 0 -9 -3 0 1536 | 0 357 119 0 -39 0 0 9 1536
-476 0 0 238 0 3 -3 0 768 | 0 -119 119 0 -12 0 0 6 768
119 0 0 238 0 3 -6 0 768 | 0 -119 238 0 3 0 0 6 768
357 0 0 238 0 -6 9 0 768 | 0 238 -357 0 9 0 0 6 768
1547 0 0 357 0 -9 3 0 1536 | 0 357 -119 0 39 0 0 9 1536
476 0 0 119 0 -12 3 0 768 | 0 476 -119 0 12 0 0 3 768
-119 0 0 119 0 -12 6 0 768 | 0 476 -238 0 -3 0 0 3 768
-833 0 0 357 0 -9 15 0 1536 | 0 357 -595 0 -21 0 0 9 1536
-119 0 0 238 0 3 6 0 768 | 0 -119 -238 0 -3 0 0 6 768
-1190 0 0 119 0 -3 6 0 768 | 0 119 -238 0 -30 0 0 3 768
-595 0 0 238 0 12 3 0 768 | 0 -476 -119 0 -15 0 0 6 768
0 0 0 119 0 6 0 0 384 | 0 -238 0 0 0 0 0 3 384
-1071 0 0 119 0 -3 -27 0 1536 | 0 119 1071 0 -27 0 0 3 1536
-1309 0 0 119 0 -21 -15 0 1536 | 0 833 595 0 -33 0 0 3 1536
-952 0 0 119 0 -3 -6 0 768 | 0 119 238 0 -24 0 0 3 768
-1309 0 0 357 0 9 -15 0 1536 | 0 -357 595 0 -33 0 0 9 1536
-119 0 0 357 0 9 -21 0 1536 | 0 -357 833 0 -3 0 0 9 1536
-1071 0 0 -119 0 3 -27 0 1536 | 0 -119 1071 0 -27 0 0 -3 1536
119 0 0 0 0 0 -6 0 384 | 0 0 238 0 3 0 0 0 384
-1309 0 0 -119 0 -15 -15 0 1536 | 0 595 595 0 -33 0 0 -3 1536
-476 0 0 0 0 0 -3 0 384 | 0 0 119 0 -12 0 0 0 384
-1309 0 0 119 0 15 -15 0 1536 | 0 -595 595 0 -33 0 0 3 1536
-119 0 0 119 0 15 -21 0 1536 | 0 -595 833 0 -3 0 0 3 1536
714 0 0 119 0 6 -9 0 768 | 0 -238 357 0 18 0 0 3 768
-1547 0 0 357 0 27 -3 0 1536 | 0 -1071 119 0 -39 0 0 9 1536
833 0 0 357 0 27 -15 0 1536 | 0 -1071 595 0 21 0 0 9 1536
-357 0 0 -238 0 6 -9 0 768 | 0 -238 357 0 -9 0 0 -6 768
238 0 0 -119 0 3 -12 0 768 | 0 -119 476 0 6 0 0 -3 768
-952 0 0 -119 0 3 -6 0 768 | 0 -119 238 0 -24 0 0 -3 768
-1309 0 0 -119 0 21 -15 0 1536 | 0 -833 595 0 -33 0 0 -3 1536
-119 0 0 -119 0 21 -21 0 1536 | 0 -833 833 0 -3 0 0 -3 1536
-357 0 0 -595 0 15 -9 0 1536 | 0 -595 357 0 -9 0 0 -15 1536
833 0 0 -357 0 9 -15 0 1536 | 0 -357 595 0 21 0 0 -9 1536
119 0 0 -238 0 -3 -6 0 768 | 0 119 238 0 3 0 0 -6 768
-1547 0 0 -357 0 9 -3 0 1536 | 0 -357 119 0 -39 0 0 -9 1536
-476 0 0 -119 0 12 -3 0 768 | 0 -476 119 0 -12 0 0 -3 768
119 0 0 -119 0 12 -6 0 768 | 0 -476 238 0 3 0 0 -3 768
2023 0 0 -119 0 3 -21 0 1536 | 0 -119 833 0 51 0 0 -3 1536
714 0 0 -119 0 -6 -9 0 768 | 0 238 357 0 18 0 0 -3 768
833 0 0 119 0 33 -15 0 1536 | 0 -1309 595 0 21 0 0 3 1536
357 0 0 -595 0 15 9 0 1536 | 0 -595 -357 0 9 0 0 -15 1536
595 0 0 -238 0 6 -3 0 768 | 0 -238 119 0 15 0 0 -6 768
595 0 0 -595 0 -3 -3 0 1536 | 0 119 119 0 15 0 0 -15 1536
-595 0 0 -357 0 27 3 0 1536 | 0 -1071 -119 0 -15 0 0 -9 1536
595 0 0 -357 0 27 -3 0 1536 | 0 -1071 119 0 15 0 0 -9 1536
357 0 0 -238 0 6 9 0 768 | 0 -238 -357 0 9 0 0 -6 768
1547 0 0 -357 0 9 3 0 1536 | 0 -357 -119 0 39 0 0 -9 1536
476 0 0 -238 0 -3 3 0 768 | 0 119 -119 0 12 0 0 -6 768
-119 0 0 -238 0 -3 6 0 768 | 0 119 -238 0 -3 0 0 -6 768
-119 0 0 -119 0 12 6 0 768 | 0 -476 -238 0 -3 0 0 -3 768
476 0 0 -119 0 12 3 0 768 | 0 -476 -119 0 12 0 0 -3 768
1190 0 0 -119 0 3 -6 0 768 | 0 -119 238 0 30 0 0 -3 768
595 0 0 -238 0 -12 -3 0 768 | 0 476 119 0 15 0 0 -6 768
0 0 0 -119 0 -6 0 0 384 | 0 238 0 0 0 0 0 -3 384
1071 0 0 -119 0 3 27 0 1536 | 0 -119 -1071 0 27 0 0 -3 1536
952 0 0 -119 0 3 6 0 768 | 0 -119 -238 0 24 0 0 -3 768
1309 0 0 -357 0 -9 15 0 1536 | 0 357 -595 0 33 0 0 -9 1536
119 0 0 -357 0 -9 21 0 1536 | 0 357 -833 0 3 0 0 -9 1536
1309 0 0 -119 0 21 15 0 1536 | 0 -833 -595 0 33 0 0 -3 1536
1071 0 0 119 0 -3 27 0 1536 | 0 119 -1071 0 27 0 0 3 1536
476 0 0 0 0 0 3 0 384 | 0 0 -119 0 12 0 0 0 384
1309 0 0 -119 0 -15 15 0 1536 | 0 595 -595 0 33 0 0 -3 1536
119 0 0 -119 0 -15 21 0 1536 | 0 595 -833 0 3 0 0 -3 1536
-119 0 0 0 0 0 6 0 384 | 0 0 -238 0 -3 0 0 0 384
1309 0 0 119 0 15 15 0 1536 | 0 -595 -595 0 33 0 0 3 1536
1547 0 0 -357 0 -27 3 0 1536 | 0 1071 -119 0 39 0 0 -9 1536
-833 0 0 -357 0 -27 15 0 1536 | 0 1071 -595 0 -21 0 0 -9 1536
-714 0 0 -119 0 -6 9 0 768 | 0 238 -357 0 -18 0 0 -3 768
952 0 0 119 0 -3 6 0 768 | 0 119 -238 0 24 0 0 3 768
1309 0 0 119 0 -21 15 0 1536 | 0 833 -595 0 33 0 0 3 1536
119 0 0 119 0 -21 21 0 1536 | 0 833 -833 0 3 0 0 3 1536
-238 0 0 119 0 -3 12 0 768 | 0 119 -476 0 -6 0 0 3 768
-833 0 0 -119 0 -33 15 0 1536 | 0 1309 -595 0 -21 0 0 -3 1536
-2023 0 0 119 0 -3 21 0 1536 | 0 119 -833 0 -51 0 0 3 1536
-714 0 0 119 0 6 9 0 768 | 0 -238 -357 0 -18 0 0 3 768
2975 0 0 -119 0 -15 -15 0 1536 | 0 595 595 0 75 0 0 -3 1536
2975 0 0 119 0 15 -15 0 1536 | 0 -595 595 0 75 0 0 3 1536
1190 0 0 -119 0 -15 -6 0 768 | 0 595 238 0 30 0 0 -3 768
1190 0 0 119 0 15 -6 0 768 | 0 -595 238 0 30 0 0 3 768
595 0 0 -357 0 -45 -3 0 1536 | 0 1785 119 0 15 0 0 -9 1536
-595 0 0 -357 0 -45 3 0 1536 | 0 1785 -119 0 -15 0 0 -9 1536
-1190 0 0 -119 0 -15 6 0 768 | 0 595 -238 0 -30 0 0 -3 768
-2975 0 0 -119 0 -15 15 0 1536 | 0 595 -595 0 -75 0 0 -3 1536
-2975 0 0 119 0 15 15 0 1536 | 0 -595 -595 0 -75 0 0 3 1536
-1190 0 0 119 0 15 6 0 768 | 0 -595 -238 0 -30 0 0 3 768
-595 0 0 357 0 45 3 0 1536 | 0 -1785 -119 0 -15 0 0 9 1536
595 0 0 357 0 45 -3 0 1536 | 0 -1785 119 0 15 0 0 9 1536
